method	preparation	treatment	label	rare	positiveQueryDonorFolds	sufficientSupport	controlSensitive	qualified	marginFailure	baselineMeanRecall	candidateMeanRecall	erasureMeanRecall	meanRecallLoss	maximumFoldRecallLoss
native	Bcell	IFN-L1	ASDC	True	1	False	False	False	False	0.0	0.0	0.0	0.0	0.0
native	Bcell	IFN-L1	B intermediate	False	5	True	True	False	True	0.44231796582834065	0.29063156706696525	0.05620915032679739	0.1516863987613754	0.29246607393542345
native	Bcell	IFN-L1	B memory	False	5	True	True	True	False	0.812103740163572	0.866670673384702	0.05620915032679739	-0.05456693322112995	0.008620689655172376
native	Bcell	IFN-L1	B naive	False	5	True	True	True	False	0.9291028918718238	0.9403483974081309	0.05620915032679739	-0.011245505536307232	0.03926380368098159
native	Bcell	IFN-L1	CD16 Mono	True	3	False	True	False	False	1.0	0.9444444444444445	0.056644880174291944	0.055555555555555546	0.16666666666666663
native	Bcell	IFN-L1	CD4 TCM	False	5	True	False	False	False	0.08259071477671778	0.09527657024720763	0.05620915032679739	-0.01268585547048986	0.01047120418848168
native	Bcell	IFN-L1	CD4 TEM	True	3	False	True	False	False	0.3446054750402577	0.40418679549114334	0.056644880174291944	-0.059581320450885676	0.043478260869565244
native	Bcell	IFN-L1	CD8 Naive	True	2	False	True	False	False	0.15	0.15	0.05555555555555555	0.0	0.0
native	Bcell	IFN-L1	HSPC	False	5	True	True	True	False	0.8003653763614246	0.806523652499405	0.05620915032679739	-0.006158276137980545	0.018018018018018056
native	Bcell	IFN-L1	ILC	True	5	True	True	False	True	0.37187403993855606	0.34798515104966715	0.05620915032679739	0.02388888888888887	0.14999999999999997
native	Bcell	IFN-L1	MAIT	True	4	False	True	False	False	0.9821428571428572	0.9821428571428572	0.056372549019607844	0.0	0.0
native	Bcell	IFN-L1	NK	True	5	False	True	False	False	0.825389354144168	0.835474017020872	0.05620915032679739	-0.010084662876703954	0.375
native	Bcell	IFN-L1	NK Proliferating	True	2	False	False	False	False	0.0	0.0	0.05718954248366013	0.0	0.0
native	Bcell	IFN-L1	Plasmablast	False	5	True	True	True	False	0.8423219734122209	0.8451868529670181	0.05620915032679739	-0.002864879554797106	0.021052631578947434
native	Bcell	IFN-L1	cDC1	True	4	False	True	False	False	0.9375	0.9375	0.056372549019607844	0.0	0.0
native	Bcell	IFN-L1	cDC2	True	5	False	True	False	False	0.7565441176470589	0.7722303921568627	0.05620915032679739	-0.01568627450980391	0.0625
native	Bcell	IFN-L1	gdT	True	2	False	False	False	False	0.0	0.0	0.05555555555555555	0.0	0.0
native	Bcell	IFN-L1	pDC	True	5	False	True	False	False	1.0	1.0	0.05620915032679739	0.0	0.0
native	Bcell	IFNa	B intermediate	False	5	True	True	False	True	0.5423593837022727	0.3929212355160937	0.07532467532467532	0.14943814818617882	0.3736067766384306
native	Bcell	IFNa	B memory	False	5	True	True	True	False	0.7508916817013235	0.8035029810205027	0.07532467532467532	-0.05261129931917909	0.002849002849002802
native	Bcell	IFNa	B naive	False	5	True	True	True	False	0.932645509731197	0.9435532605779768	0.07532467532467532	-0.010907750846780062	0.08269736019016638
native	Bcell	IFNa	CD14 Mono	True	3	False	True	False	False	0.7083333333333334	0.625	0.07792207792207792	0.08333333333333333	0.25
native	Bcell	IFNa	CD4 Proliferating	True	1	False	False	False	False	0.0	0.0	0.0	0.0	0.0
native	Bcell	IFNa	CD4 TCM	False	5	True	True	True	False	0.3570149728645371	0.3528753970228753	0.07532467532467532	0.004139575841661827	0.0679012345679012
native	Bcell	IFNa	CD8 Naive	True	2	False	True	False	False	0.42021276595744683	0.42021276595744683	0.07142857142857142	0.0	0.0
native	Bcell	IFNa	HSPC	False	5	True	True	True	False	0.8055468365979556	0.8148033073408424	0.07532467532467532	-0.009256470742887069	0.014440433212996373
native	Bcell	IFNa	ILC	True	1	False	False	False	False	0.0	0.0	0.0	0.0	0.0
native	Bcell	IFNa	NK	True	5	False	True	False	False	0.8336729936729939	0.864062604062604	0.07532467532467532	-0.030389610389610366	0.09090909090909094
native	Bcell	IFNa	Plasmablast	False	5	True	True	True	False	0.8916348357524828	0.8994779730073847	0.07532467532467532	-0.007843137254901955	0.007843137254902044
native	Bcell	IFNa	cDC2	True	5	True	True	False	True	0.5137540672386033	0.5136656573666883	0.07532467532467532	8.840987191501282e-05	0.20833333333333334
native	Bcell	IFNa	dnT	True	1	False	False	False	False	0.0	0.0	0.0	0.0	0.0
native	Bcell	IFNa	pDC	True	5	False	True	False	False	1.0	1.0	0.07532467532467532	0.0	0.0
native	Bcell	IFNb	B intermediate	False	5	True	True	False	True	0.6593985728072058	0.5862276699529188	0.06857142857142857	0.07317090285428716	0.3528922180607574
native	Bcell	IFNb	B memory	False	5	True	True	False	True	0.6806325257008237	0.6967252571331071	0.06857142857142857	-0.016092731432283403	0.15763813651137593
native	Bcell	IFNb	B naive	False	5	True	True	True	False	0.9101777256988368	0.9316350200932776	0.06857142857142857	-0.021457294394440753	0.056932153392330376
native	Bcell	IFNb	CD14 Mono	True	3	False	True	False	False	0.13333333333333333	0.06666666666666667	0.06984126984126984	0.06666666666666667	0.2
native	Bcell	IFNb	CD4 TCM	False	5	True	True	True	False	0.5926186664870862	0.5786186734025336	0.06857142857142857	0.013999993084552742	0.04186046511627911
native	Bcell	IFNb	CD8 Naive	True	3	False	True	False	False	0.7888888888888889	0.6305555555555555	0.06984126984126983	0.15833333333333335	0.4
native	Bcell	IFNb	HSPC	False	5	True	True	False	True	0.7794736237363067	0.7395405441562732	0.06857142857142857	0.03993307958003338	0.2165354330708661
native	Bcell	IFNb	ILC	True	2	False	True	False	False	0.6153846153846154	0.6153846153846154	0.07142857142857142	0.0	0.0
native	Bcell	IFNb	NK	True	5	False	True	False	False	0.8521304048064613	0.7810923244726062	0.06857142857142857	0.07103808033385499	0.20000000000000007
native	Bcell	IFNb	NK Proliferating	True	1	False	False	False	False	0.0	0.0	0.0	0.0	0.0
native	Bcell	IFNb	NK_CD56bright	True	2	False	True	False	False	0.5	0.5	0.06904761904761905	0.0	0.0
native	Bcell	IFNb	Plasmablast	False	5	True	True	True	False	0.8396874097821477	0.8523302401439243	0.06857142857142857	-0.012642830361776736	0.02409638554216864
native	Bcell	IFNb	cDC1	True	1	False	False	False	False	0.0	0.0	0.0	0.0	0.0
native	Bcell	IFNb	cDC2	True	5	False	True	False	False	0.6925137711374101	0.7540437039431804	0.06857142857142857	-0.06152993280577027	0.07692307692307698
native	Bcell	IFNb	pDC	True	5	False	True	False	False	1.0	1.0	0.06857142857142857	0.0	0.0
native	Bcell	IFNg	ASDC	True	1	False	False	False	False	0.0	0.0	0.0	0.0	0.0
native	Bcell	IFNg	B intermediate	False	5	True	True	False	True	0.3103886953515568	0.22565280146137848	0.04692759566901443	0.0847358938901783	0.2275641025641026
native	Bcell	IFNg	B memory	False	5	True	True	True	False	0.8762189530642622	0.8847658510297005	0.04692759566901443	-0.00854689796543855	0.09503239740820735
native	Bcell	IFNg	B naive	False	5	True	True	True	False	0.975320137769358	0.9769274163717754	0.04692759566901443	-0.0016072786024172725	0.0244033976001079
native	Bcell	IFNg	CD14 Mono	True	4	False	True	False	False	0.27380952380952384	0.27380952380952384	0.047789929368876743	0.0	0.0
native	Bcell	IFNg	CD16 Mono	True	1	False	False	False	False	0.0	0.0	0.0	0.0	0.0
native	Bcell	IFNg	CD4 Naive	True	1	False	False	False	False	0.0	0.0	0.0	0.0	0.0
native	Bcell	IFNg	CD4 TCM	False	5	True	True	True	False	0.1548372090826002	0.1446808063455523	0.04692759566901443	0.010156402737047895	0.02272727272727272
native	Bcell	IFNg	CD4 TEM	True	3	False	True	False	False	0.1111111111111111	0.0	0.04856839067365384	0.1111111111111111	0.3333333333333333
native	Bcell	IFNg	CD8 Naive	True	4	False	True	False	False	0.475	0.475	0.047789929368876743	0.0	0.0
native	Bcell	IFNg	CD8 TEM	True	1	False	False	False	False	0.0	0.0	0.0	0.0	0.0
native	Bcell	IFNg	Eryth	True	1	False	False	False	False	0.0	0.0	0.0	0.0	0.0
native	Bcell	IFNg	HSPC	False	5	True	True	True	False	0.3187330207709549	0.331699249521643	0.04692759566901443	-0.012966228750688008	0.032
native	Bcell	IFNg	ILC	True	5	False	True	False	False	0.23004480286738352	0.2141341256366723	0.04692759566901443	0.015910677230711205	0.06666666666666667
native	Bcell	IFNg	MAIT	True	3	False	True	False	False	0.9259259259259259	0.9629629629629629	0.04856839067365384	-0.037037037037037014	0.0
native	Bcell	IFNg	NK	True	5	False	True	False	False	0.5014976251711543	0.4668649415129833	0.04692759566901443	0.03463268365817094	0.08695652173913049
native	Bcell	IFNg	NK Proliferating	True	1	False	False	False	False	0.0	0.0	0.0	0.0	0.0
native	Bcell	IFNg	Plasmablast	False	5	True	True	True	False	0.918791983806887	0.9269476838776392	0.04692759566901443	-0.008155700070752215	0.0036429872495447047
native	Bcell	IFNg	Treg	True	1	False	False	False	False	0.0	0.0	0.0	0.0	0.0
native	Bcell	IFNg	cDC1	True	4	False	True	False	False	0.4317653890824622	0.26190476190476186	0.04729585822263167	0.16986062717770034	0.6428571428571428
native	Bcell	IFNg	cDC2	True	4	False	False	False	False	0.0026595744680851063	0.14648809523809525	0.045501599849425936	-0.14382852077001013	0.010638297872340425
native	Bcell	IFNg	gdT	True	1	False	False	False	False	0.0	0.0	0.0	0.0	0.0
native	Bcell	IFNg	pDC	True	5	False	True	False	False	1.0	1.0	0.04692759566901443	0.0	0.0
native	Bcell	none	ASDC	True	3	False	True	False	False	0.4444444444444444	0.4444444444444444	0.05360623781676413	0.0	0.0
native	Bcell	none	B intermediate	False	5	True	True	False	True	0.3693358852917828	0.2814626270480869	0.05380116959064327	0.0878732582436959	0.21307140158670193
native	Bcell	none	B memory	False	5	True	True	True	False	0.8650918449148124	0.8879698494101742	0.05380116959064327	-0.02287800449536188	0.050557620817843874
native	Bcell	none	B naive	False	5	True	True	True	False	0.9528350287184976	0.9572292586469711	0.05380116959064327	-0.004394229928473492	0.0366326171187038
native	Bcell	none	CD14 Mono	True	2	False	True	False	False	0.47058823529411764	0.53125	0.054093567251461985	-0.06066176470588236	-0.05882352941176472
native	Bcell	none	CD16 Mono	True	3	False	True	False	False	0.20370370370370372	0.1851851851851852	0.05458089668615984	0.018518518518518528	0.05555555555555558
native	Bcell	none	CD4 TCM	True	5	False	True	False	False	0.1259827753945401	0.14349173702114879	0.05380116959064327	-0.01750896162660869	0.04545454545454544
native	Bcell	none	CD4 TEM	True	4	False	True	False	False	0.6666666666666666	0.6666666666666666	0.0533625730994152	0.0	0.0
native	Bcell	none	CD8 Naive	True	3	False	True	False	False	0.3703703703703704	0.3703703703703704	0.05458089668615984	0.0	0.0
native	Bcell	none	HSPC	False	5	True	True	True	False	0.7906652777144656	0.794962457178825	0.05380116959064327	-0.004297179464359324	0.02298850574712641
native	Bcell	none	ILC	True	5	True	True	False	True	0.16019261304173069	0.15434366371768055	0.05380116959064327	0.005848949324050151	0.1651376146788991
native	Bcell	none	MAIT	True	5	False	True	False	False	0.8395238095238096	0.8061904761904761	0.05380116959064327	0.033333333333333326	0.16666666666666663
native	Bcell	none	NK	True	5	False	True	False	False	0.9939393939393939	0.98989898989899	0.05380116959064327	0.004040404040404044	0.02020202020202022
native	Bcell	none	Plasmablast	False	5	True	True	True	False	0.9960110691144708	0.9991360691144708	0.05380116959064327	-0.003125	0.0
native	Bcell	none	cDC1	True	4	False	True	False	False	0.4583333333333333	0.4583333333333333	0.054093567251461985	0.0	0.0
native	Bcell	none	cDC2	True	5	False	True	False	False	0.8733451275246941	0.8890594132389799	0.05380116959064327	-0.0157142857142857	0.0
native	Bcell	none	dnT	True	1	False	False	False	False	0.0	0.0	0.0	0.0	0.0
native	Bcell	none	gdT	True	1	False	False	False	False	0.0	0.0	0.0	0.0	0.0
native	Bcell	none	pDC	True	3	False	False	False	False	0.041666666666666664	0.041666666666666664	0.05458089668615984	0.0	0.0
native	Monocyte	IFN-L1	B intermediate	True	2	False	True	False	False	0.9166666666666667	0.9166666666666667	0.06111111111111111	0.0	0.0
native	Monocyte	IFN-L1	B naive	True	1	False	False	False	False	0.0	0.0	0.0	0.0	0.0
native	Monocyte	IFN-L1	CD14 Mono	False	5	True	True	False	True	0.6561336224755324	0.7239471905882138	0.0584313725490196	-0.0678135681126812	0.12970396387355743
native	Monocyte	IFN-L1	CD16 Mono	False	3	True	True	True	False	0.6744005086305881	0.6995510654643088	0.05555555555555555	-0.025150556833720684	0.07148347425057655
native	Monocyte	IFN-L1	CD4 Naive	True	1	False	False	False	False	0.0	0.0	0.0	0.0	0.0
native	Monocyte	IFN-L1	CD4 TCM	False	5	True	False	False	False	0.015308933490751672	0.018251781888145524	0.0584313725490196	-0.002942848397393852	0.0
native	Monocyte	IFN-L1	CD4 TEM	True	2	False	True	False	False	0.8125	0.8125	0.06274509803921569	0.0	0.0
native	Monocyte	IFN-L1	HSPC	True	5	True	True	True	False	0.7225888388388388	0.7587231462231463	0.0584313725490196	-0.03613430738430738	0.05185185185185193
native	Monocyte	IFN-L1	ILC	True	3	True	True	True	False	0.23103825136612022	0.1910382513661202	0.06034858387799564	0.04	0.06
native	Monocyte	IFN-L1	MAIT	True	2	False	False	False	False	0.07142857142857142	0.07142857142857142	0.06274509803921569	0.0	0.0
native	Monocyte	IFN-L1	NK	True	5	False	True	False	False	0.8616082659478886	0.8216442048517522	0.0584313725490196	0.03996406109613657	0.11111111111111105
native	Monocyte	IFN-L1	NK_CD56bright	True	1	False	False	False	False	0.0	0.0	0.0	0.0	0.0
native	Monocyte	IFN-L1	Plasmablast	True	5	False	True	False	False	0.9908666320705759	0.9951219512195122	0.0584313725490196	-0.004255319148936176	0.0
native	Monocyte	IFN-L1	Platelet	True	5	False	True	False	False	0.9535497835497836	0.9535497835497836	0.0584313725490196	0.0	0.0
native	Monocyte	IFN-L1	Treg	True	1	False	False	False	False	0.0	0.0	0.0	0.0	0.0
native	Monocyte	IFN-L1	cDC1	True	3	False	True	False	False	0.5202020202020202	0.51010101010101	0.06034858387799564	0.010101010101010102	0.030303030303030304
native	Monocyte	IFN-L1	cDC2	False	5	False	False	False	False	0.06677883026777605	0.03554514578365904	0.0584313725490196	0.031233684484116998	0.12452830188679247
native	Monocyte	IFN-L1	pDC	False	5	True	True	True	False	0.9677954226454929	0.9658823529411766	0.0584313725490196	0.0019130697043163503	0.04117647058823526
native	Monocyte	IFNa	B intermediate	True	3	False	True	False	False	0.7222222222222222	0.8333333333333334	0.07905982905982906	-0.11111111111111112	0.0
native	Monocyte	IFNa	B naive	True	2	False	True	False	False	0.825	0.75	0.07692307692307693	0.07500000000000001	0.15000000000000002
native	Monocyte	IFNa	CD14 Mono	False	5	True	True	False	True	0.7121426157969195	0.6803368614977029	0.0782051282051282	0.03180575429921665	0.33308372724294477
native	Monocyte	IFNa	CD16 Mono	False	5	False	True	False	False	0.48029550454217584	0.8325092216823121	0.0782051282051282	-0.3522137171401362	0.25
native	Monocyte	IFNa	CD4 TCM	False	5	True	True	True	False	0.16610192086733638	0.20027905606457885	0.0782051282051282	-0.03417713519724244	0.00804289544235924
native	Monocyte	IFNa	HSPC	True	5	True	True	True	False	0.8664997432007742	0.8817141884152193	0.0782051282051282	-0.015214445214445215	0.036036036036036
native	Monocyte	IFNa	NK	True	5	False	True	False	False	0.9181818181818182	0.886818181818182	0.0782051282051282	0.03136363636363637	0.125
native	Monocyte	IFNa	NK Proliferating	True	1	False	False	False	False	0.0	0.0	0.0	0.0	0.0
native	Monocyte	IFNa	Plasmablast	True	5	False	True	False	False	0.9203703703703703	0.9703703703703702	0.0782051282051282	-0.05	0.0
native	Monocyte	IFNa	Platelet	True	5	False	True	False	False	0.9785751334858886	0.9756765827612508	0.0782051282051282	0.002898550724637694	0.01449275362318847
native	Monocyte	IFNa	cDC1	True	2	False	False	False	False	0.0	0.0	0.08012820512820512	0.0	0.0
native	Monocyte	IFNa	cDC2	True	5	False	True	False	False	0.2	0.31258101410598554	0.0782051282051282	-0.1125810141059855	0.0
native	Monocyte	IFNa	pDC	False	5	True	True	True	False	0.9984962406015038	0.9985776145335385	0.0782051282051282	-8.1373932034845e-05	0.005464480874316946
native	Monocyte	IFNb	B intermediate	True	2	False	True	False	False	1.0	1.0	0.08571428571428572	0.0	0.0
native	Monocyte	IFNb	B naive	True	1	False	False	False	False	0.0	0.0	0.0	0.0	0.0
native	Monocyte	IFNb	CD14 Mono	False	5	True	True	False	True	0.6301293973985942	0.5704066009767284	0.07714285714285714	0.05972279642186586	0.35721602892437476
native	Monocyte	IFNb	CD16 Mono	False	3	False	True	False	False	0.5972509915945762	0.8483493677476014	0.08095238095238096	-0.25109837615302527	0.0451152761652015
native	Monocyte	IFNb	CD4 TCM	False	5	True	True	True	False	0.17981440542537444	0.20627443874117435	0.07714285714285714	-0.026460033315799925	0.012406947890818865
native	Monocyte	IFNb	HSPC	True	5	True	True	False	True	0.7340382529214349	0.702198033407782	0.07714285714285714	0.03184021951365289	0.12598425196850394
native	Monocyte	IFNb	NK	True	5	False	True	False	False	0.7545238095238095	0.7362820512820513	0.07714285714285714	0.01824175824175822	0.07692307692307687
native	Monocyte	IFNb	NK Proliferating	True	1	False	False	False	False	0.0	0.0	0.0	0.0	0.0
native	Monocyte	IFNb	NK_CD56bright	True	1	False	False	False	False	0.0	0.0	0.0	0.0	0.0
native	Monocyte	IFNb	Plasmablast	True	4	False	True	False	False	0.9821428571428572	0.9821428571428572	0.07857142857142857	0.0	0.0
native	Monocyte	IFNb	Platelet	True	5	False	True	False	False	0.9944444444444445	0.9944444444444445	0.07714285714285714	0.0	0.0
native	Monocyte	IFNb	cDC1	True	1	False	False	False	False	0.0	0.0	0.0	0.0	0.0
native	Monocyte	IFNb	cDC2	True	4	False	True	False	False	0.29583333333333334	0.31666666666666665	0.07857142857142857	-0.020833333333333336	0.0
native	Monocyte	IFNb	pDC	False	5	True	True	True	False	0.9946428571428572	0.9994152046783625	0.07714285714285714	-0.004772347535505439	0.0029239766081871066
native	Monocyte	IFNg	B intermediate	True	3	False	True	False	False	0.9166666666666666	0.8333333333333334	0.07326007326007326	0.08333333333333333	0.25
native	Monocyte	IFNg	B naive	True	1	False	False	False	False	0.0	0.0	0.0	0.0	0.0
native	Monocyte	IFNg	CD14 Mono	False	5	True	True	True	False	0.9295333113411963	0.9443112344011976	0.07252747252747252	-0.014777923060001053	0.009264458169567669
native	Monocyte	IFNg	CD16 Mono	True	3	False	True	False	False	0.21212121212121213	0.1590909090909091	0.07326007326007326	0.05303030303030303	0.25
native	Monocyte	IFNg	CD4 TCM	False	5	True	True	True	False	0.22754338309760636	0.21423741752514633	0.07252747252747252	0.013305965572460002	0.0871794871794872
native	Monocyte	IFNg	HSPC	True	5	True	True	False	True	0.5291341604613793	0.5164718847424512	0.07252747252747252	0.012662275718928107	0.13385826771653542
native	Monocyte	IFNg	ILC	True	3	False	True	False	False	0.5028393871209685	0.5028393871209685	0.07326007326007326	0.0	0.0
native	Monocyte	IFNg	NK	True	5	False	True	False	False	0.8740046838407494	0.8903981264637002	0.07252747252747252	-0.016393442622950838	0.016393442622950727
native	Monocyte	IFNg	NK Proliferating	True	2	False	True	False	False	0.25	0.0	0.07417582417582418	0.25	0.5
native	Monocyte	IFNg	Plasmablast	True	5	False	True	False	False	0.992	1.0	0.07252747252747252	-0.008000000000000007	0.0
native	Monocyte	IFNg	Platelet	True	5	False	True	False	False	0.9868817204301076	0.9902150537634409	0.07252747252747252	-0.0033333333333333214	0.0
native	Monocyte	IFNg	cDC1	True	4	False	False	False	False	0.02261904761904762	0.005952380952380952	0.0728021978021978	0.016666666666666666	0.041666666666666664
native	Monocyte	IFNg	cDC2	True	4	False	True	False	False	0.8450796531558781	0.8450796531558781	0.0728021978021978	0.0	0.0
native	Monocyte	IFNg	pDC	True	5	True	True	True	False	1.0	1.0	0.07252747252747252	0.0	0.0
native	Monocyte	none	B intermediate	True	1	False	False	False	False	0.0	0.0	0.0	0.0	0.0
native	Monocyte	none	B naive	True	3	False	True	False	False	0.8888888888888888	0.8611111111111112	0.06004901960784314	0.027777777777777752	0.08333333333333326
native	Monocyte	none	CD14 Mono	False	5	True	True	False	True	0.7508529915531825	0.7551433746762731	0.05890522875816993	-0.0042903831230905135	0.1521355799373041
native	Monocyte	none	CD16 Mono	False	5	True	True	True	False	0.2909005060227429	0.6265572446983745	0.05890522875816993	-0.33565673867563156	0.05128205128205132
native	Monocyte	none	CD4 Proliferating	True	1	False	False	False	False	0.0	0.0	0.0	0.0	0.0
native	Monocyte	none	CD4 TCM	False	5	False	False	False	False	0.10302759109056707	0.028991189810358052	0.05890522875816993	0.07403640128020901	0.3427620632279534
native	Monocyte	none	CD4 TEM	True	1	False	False	False	False	0.0	0.0	0.0	0.0	0.0
native	Monocyte	none	HSPC	True	5	False	True	False	False	0.7599471764872782	0.8058765114784743	0.05890522875816993	-0.04592933499119609	0.0
native	Monocyte	none	ILC	True	4	False	True	False	False	0.22041062801932365	0.26207729468599034	0.05892565359477124	-0.04166666666666667	0.043478260869565216
native	Monocyte	none	MAIT	True	2	False	True	False	False	0.6111111111111112	0.6111111111111112	0.06066176470588235	0.0	0.0
native	Monocyte	none	NK	True	5	False	True	False	False	0.7769086021505377	0.7574193548387097	0.05890522875816993	0.01948924731182796	0.08333333333333331
native	Monocyte	none	NK Proliferating	True	1	False	False	False	False	0.0	0.0	0.0	0.0	0.0
native	Monocyte	none	Plasmablast	True	5	False	True	False	False	0.9857142857142858	1.0	0.05890522875816993	-0.01428571428571428	0.0
native	Monocyte	none	Platelet	True	5	False	True	False	False	1.0	1.0	0.05890522875816993	0.0	0.0
native	Monocyte	none	cDC1	True	4	False	True	False	False	0.9642857142857143	0.9464285714285714	0.059742647058823525	0.01785714285714285	0.0714285714285714
native	Monocyte	none	cDC2	False	5	False	True	False	False	0.16586542428889123	0.2724802600096431	0.05890522875816993	-0.1066148357207519	0.0
native	Monocyte	none	gdT	True	1	False	False	False	False	0.0	0.0	0.0	0.0	0.0
native	Monocyte	none	pDC	True	4	False	True	False	False	1.0	1.0	0.05892565359477124	0.0	0.0
native	NK	IFN-L1	B naive	True	1	False	False	False	False	0.0	0.0	0.0	0.0	0.0
native	NK	IFN-L1	CD16 Mono	True	3	False	True	False	False	1.0	1.0	0.05567022130489622	0.0	0.0
native	NK	IFN-L1	CD4 Naive	True	1	False	False	False	False	0.0	0.0	0.0	0.0	0.0
native	NK	IFN-L1	CD4 TCM	True	5	False	False	False	False	0.015194805194805195	0.013896103896103896	0.0544547643618851	0.0012987012987012991	0.006493506493506496
native	NK	IFN-L1	CD4 TEM	True	5	False	True	False	False	0.6	0.6333333333333334	0.0544547643618851	-0.03333333333333335	0.0
native	NK	IFN-L1	CD8 Naive	True	4	False	True	False	False	0.9628072820037106	0.9514436456400742	0.05491056071551428	0.011363636363636381	0.045454545454545525
native	NK	IFN-L1	CD8 TCM	True	2	False	True	False	False	0.875	0.875	0.05572755417956656	0.0	0.0
native	NK	IFN-L1	CD8 TEM	True	5	False	True	False	False	0.3559553919815235	0.3534223145402749	0.0544547643618851	0.0025330774412486213	0.05263157894736842
native	NK	IFN-L1	HSPC	True	5	False	True	False	False	0.9083333333333332	0.875	0.0544547643618851	0.033333333333333326	0.16666666666666663
native	NK	IFN-L1	ILC	False	5	True	True	True	False	0.1300299279241585	0.1348984468988233	0.0544547643618851	-0.004868518974664815	0.016806722689075626
native	NK	IFN-L1	MAIT	True	5	False	True	False	False	0.8378461538461538	0.8224615384615385	0.0544547643618851	0.015384615384615396	0.07692307692307698
native	NK	IFN-L1	NK	False	5	True	True	True	False	0.7060223685930491	0.750486348624771	0.0544547643618851	-0.044463980031722014	0.024820537778318497
native	NK	IFN-L1	NK Proliferating	True	4	False	True	False	False	0.19885741652983033	0.21640667761357416	0.05417956656346749	-0.017549261083743835	0.0
native	NK	IFN-L1	NK_CD56bright	False	5	True	True	True	False	0.999043062200957	1.0	0.0544547643618851	-0.0009569377990430672	0.0
native	NK	IFN-L1	Plasmablast	True	4	False	True	False	False	0.9615384615384616	0.9615384615384616	0.05491056071551428	0.0	0.0
native	NK	IFN-L1	Platelet	True	3	False	True	False	False	1.0	1.0	0.05360623781676413	0.0	0.0
native	NK	IFN-L1	Treg	True	1	False	False	False	False	0.0	0.0	0.0	0.0	0.0
native	NK	IFN-L1	dnT	True	2	False	False	False	False	0.05	0.3	0.05572755417956656	-0.25	0.0
native	NK	IFN-L1	gdT	True	5	False	False	False	False	0.0	0.0	0.0544547643618851	0.0	0.0
native	NK	IFNa	CD16 Mono	True	2	False	True	False	False	1.0	1.0	0.08333333333333333	0.0	0.0
native	NK	IFNa	CD4 TCM	False	5	True	True	False	True	0.40608063627509033	0.3650646907646579	0.08333333333333333	0.04101594551043242	0.1755888650963598
native	NK	IFNa	CD8 TEM	True	3	True	True	False	True	0.4453104050495396	0.32612068748180795	0.08333333333333333	0.11918971756773174	0.21428571428571436
native	NK	IFNa	HSPC	True	4	False	True	False	False	0.6309523809523809	0.5952380952380952	0.08333333333333333	0.0357142857142857	0.1428571428571428
native	NK	IFNa	ILC	True	2	False	False	False	False	0.06666666666666667	0.6	0.08333333333333333	-0.5333333333333333	-0.06666666666666668
native	NK	IFNa	MAIT	True	3	False	True	False	False	0.9166666666666666	0.8333333333333334	0.08333333333333333	0.08333333333333333	0.25
native	NK	IFNa	NK	False	5	True	True	True	False	0.6052411470066821	0.7195812410383798	0.08333333333333333	-0.1143400940316978	0.010155646318578126
native	NK	IFNa	NK Proliferating	True	5	False	True	False	False	0.34833333333333333	0.27648148148148144	0.08333333333333333	0.07185185185185185	0.35
native	NK	IFNa	NK_CD56bright	False	5	True	True	True	False	0.9593531977027375	0.9765136496582068	0.08333333333333333	-0.01716045195546916	0.021428571428571352
native	NK	IFNa	Plasmablast	True	3	False	True	False	False	1.0	1.0	0.08333333333333333	0.0	0.0
native	NK	IFNa	Platelet	True	3	False	True	False	False	1.0	1.0	0.08333333333333333	0.0	0.0
native	NK	IFNa	gdT	True	4	False	False	False	False	0.09530971479500891	0.16070632798573975	0.08333333333333333	-0.06539661319073083	0.0
native	NK	IFNb	B naive	True	1	False	False	False	False	0.0	0.0	0.0	0.0	0.0
native	NK	IFNb	CD4 TCM	False	5	True	False	False	False	0.09581975023675382	0.09493540852317142	0.08228438228438228	0.0008843417135823789	0.011560693641618491
native	NK	IFNb	CD8 TEM	False	4	False	True	False	False	0.3542072960360262	0.30137958272048815	0.08202214452214451	0.05282771331553811	0.3413793103448276
native	NK	IFNb	HSPC	True	2	False	True	False	False	1.0	1.0	0.08012820512820512	0.0	0.0
native	NK	IFNb	ILC	True	1	False	False	False	False	0.0	0.0	0.0	0.0	0.0
native	NK	IFNb	MAIT	True	2	False	True	False	False	1.0	0.8928571428571428	0.08012820512820512	0.10714285714285715	0.1428571428571429
native	NK	IFNb	NK	False	5	True	True	True	False	0.5455859764805299	0.6353813950590335	0.08228438228438228	-0.08979541857850346	0.040471601859199624
native	NK	IFNb	NK Proliferating	True	4	False	True	False	False	0.38102476539508023	0.20664667666166917	0.08362470862470862	0.17437808873341107	0.4074074074074074
native	NK	IFNb	NK_CD56bright	False	5	True	True	True	False	0.9608412902972618	0.9690513402780034	0.08228438228438228	-0.008210049980741619	0.03296703296703296
native	NK	IFNb	Plasmablast	True	3	False	True	False	False	1.0	1.0	0.07905982905982906	0.0	0.0
native	NK	IFNb	Platelet	True	1	False	False	False	False	0.0	0.0	0.0	0.0	0.0
native	NK	IFNb	dnT	True	1	False	False	False	False	0.0	0.0	0.0	0.0	0.0
native	NK	IFNb	gdT	True	5	False	True	False	False	0.2758333333333333	0.20472222222222225	0.08228438228438228	0.07111111111111111	0.25
native	NK	IFNg	B memory	True	1	False	False	False	False	0.0	0.0	0.0	0.0	0.0
native	NK	IFNg	B naive	True	1	False	False	False	False	0.0	0.0	0.0	0.0	0.0
native	NK	IFNg	CD16 Mono	True	1	False	False	False	False	0.0	0.0	0.0	0.0	0.0
native	NK	IFNg	CD4 Naive	True	1	False	False	False	False	0.0	0.0	0.0	0.0	0.0
native	NK	IFNg	CD4 TCM	True	5	False	True	False	False	0.2822650221571658	0.26477999731547214	0.053274853801169586	0.017485024841693664	0.036496350364963515
native	NK	IFNg	CD4 TEM	True	2	False	True	False	False	0.6607142857142857	0.5982142857142857	0.05277777777777778	0.0625	0.125
native	NK	IFNg	CD8 Naive	True	4	False	True	False	False	0.8273250239693192	0.7900407478427612	0.054093567251461985	0.03728427612655805	0.09999999999999998
native	NK	IFNg	CD8 TCM	True	1	False	False	False	False	0.0	0.0	0.0	0.0	0.0
native	NK	IFNg	CD8 TEM	True	5	False	True	False	False	0.27794178411195514	0.2349091341266761	0.053274853801169586	0.04303264998527902	0.1386861313868613
native	NK	IFNg	HSPC	True	5	False	True	False	False	1.0	1.0	0.053274853801169586	0.0	0.0
native	NK	IFNg	ILC	False	5	True	True	True	False	0.13722240313001538	0.1454763157756001	0.053274853801169586	-0.008253912645584737	0.0705128205128205
native	NK	IFNg	MAIT	True	5	False	True	False	False	0.8492753623188406	0.9159420289855073	0.053274853801169586	-0.06666666666666667	0.0
native	NK	IFNg	NK	False	5	True	True	True	False	0.7127205787795716	0.7433024431840524	0.053274853801169586	-0.03058186440448065	0.08388345094468475
native	NK	IFNg	NK Proliferating	True	5	False	True	False	False	0.12319347319347318	0.16433566433566432	0.053274853801169586	-0.04114219114219114	0.0
native	NK	IFNg	NK_CD56bright	False	5	True	True	True	False	0.9983914778333117	0.9993393451318898	0.053274853801169586	-0.0009478672985782088	0.0
native	NK	IFNg	Plasmablast	True	3	False	True	False	False	1.0	1.0	0.05272904483430799	0.0	0.0
native	NK	IFNg	Platelet	True	3	False	True	False	False	0.5	0.5	0.05458089668615984	0.0	0.0
native	NK	IFNg	Treg	True	1	False	False	False	False	0.0	0.0	0.0	0.0	0.0
native	NK	IFNg	dnT	True	2	False	False	False	False	0.0	0.3333333333333333	0.05555555555555555	-0.3333333333333333	0.0
native	NK	IFNg	gdT	True	5	False	False	False	False	0.0015267175572519084	0.0	0.053274853801169586	0.0015267175572519084	0.007633587786259542
native	NK	none	B memory	True	1	False	False	False	False	0.0	0.0	0.0	0.0	0.0
native	NK	none	B naive	True	1	False	False	False	False	0.0	0.0	0.0	0.0	0.0
native	NK	none	CD16 Mono	True	2	False	True	False	False	1.0	1.0	0.05572755417956656	0.0	0.0
native	NK	none	CD4 Naive	True	1	False	False	False	False	0.0	0.0	0.0	0.0	0.0
native	NK	none	CD4 TCM	True	5	True	True	True	False	0.5944775901394366	0.5682596824754779	0.0544547643618851	0.026217907663958817	0.09090909090909083
native	NK	none	CD4 TEM	True	3	False	False	False	False	0.0	0.0	0.05567022130489622	0.0	0.0
native	NK	none	CD8 Naive	True	5	False	True	False	False	0.8831746031746033	0.869973544973545	0.0544547643618851	0.01320105820105819	0.14814814814814814
native	NK	none	CD8 TCM	True	4	False	True	False	False	0.9642857142857143	0.8571428571428572	0.05491056071551427	0.10714285714285714	0.42857142857142855
native	NK	none	CD8 TEM	True	5	False	True	False	False	0.34218439716312055	0.2945694022289767	0.0544547643618851	0.04761499493414387	0.2695035460992907
native	NK	none	HSPC	True	5	False	True	False	False	0.96	0.96	0.0544547643618851	0.0	0.0
native	NK	none	ILC	False	5	True	False	False	False	0.026692007797270954	0.044799220272904484	0.0544547643618851	-0.01810721247563353	0.009259259259259259
native	NK	none	MAIT	True	4	False	True	False	False	0.8781045751633987	0.8872549019607843	0.05417956656346749	-0.009150326797385616	0.2222222222222222
native	NK	none	NK	False	5	True	True	True	False	0.6360470859707196	0.7178621306742159	0.0544547643618851	-0.08181504470349642	0.00832799487508007
native	NK	none	NK Proliferating	True	5	False	True	False	False	0.2378500451671183	0.10651696993160406	0.0544547643618851	0.13133307523551427	0.5
native	NK	none	NK_CD56bright	False	5	True	True	True	False	0.9964601769911503	0.9990291262135923	0.0544547643618851	-0.0025689492224417964	0.004854368932038833
native	NK	none	Plasmablast	True	4	False	True	False	False	1.0	1.0	0.05491056071551427	0.0	0.0
native	NK	none	Platelet	True	3	False	False	False	False	0.04	0.04	0.05263157894736842	0.0	0.0
native	NK	none	dnT	True	3	False	False	False	False	0.0	0.0	0.05360623781676413	0.0	0.0
native	NK	none	gdT	True	5	True	False	False	False	0.07101269998350651	0.028921326076199905	0.0544547643618851	0.04209137390730661	0.13953488372093023
native	PBMC	Fresh	ASDC	True	4	False	False	False	False	0.0	0.0	0.03225806451612903	0.0	0.0
native	PBMC	Fresh	B intermediate	False	4	True	True	False	True	0.3649954017933891	0.2755946142899111	0.03225806451612903	0.08940078750347796	0.19589041095890414
native	PBMC	Fresh	B memory	True	4	True	True	False	True	0.8019673305862448	0.7776510802777274	0.03225806451612903	0.024316250308517334	0.18681318681318682
native	PBMC	Fresh	B naive	False	4	True	True	True	False	0.9799166984103532	0.9831412930547102	0.03225806451612903	-0.0032245946443570372	0.028418230563002633
native	PBMC	Fresh	CD14 Mono	False	4	True	True	True	False	0.9918180874306173	0.9913068440630695	0.03225806451612903	0.0005112433675478201	0.0029390154298309934
native	PBMC	Fresh	CD16 Mono	False	4	True	True	True	False	0.22622341782871047	0.3023849180806253	0.03225806451612903	-0.07616150025191477	0.07851239669421489
native	PBMC	Fresh	CD4 CTL	True	2	False	True	False	False	0.9715189873417722	0.8955696202531646	0.03225806451612903	0.07594936708860761	0.15189873417721522
native	PBMC	Fresh	CD4 Naive	False	4	True	True	True	False	0.7185524708973362	0.7241162157365296	0.03225806451612903	-0.0055637448391934186	0.08367466354593334
native	PBMC	Fresh	CD4 Proliferating	True	4	False	True	False	False	0.5104717813051146	0.49889770723104054	0.03225806451612903	0.011574074074074098	0.08333333333333337
native	PBMC	Fresh	CD4 TCM	False	4	True	True	True	False	0.4012700429247103	0.37222122099613447	0.03225806451612903	0.02904882192857576	0.08000782472613455
native	PBMC	Fresh	CD4 TEM	False	4	True	True	True	False	0.41227654512380446	0.37850292008421965	0.03225806451612903	0.03377362503958477	0.07679180887372011
native	PBMC	Fresh	CD8 Naive	False	4	True	True	True	False	0.9627001046683243	0.9654031913238829	0.03225806451612903	-0.002703086655558573	0.0009699321047526022
native	PBMC	Fresh	CD8 Proliferating	True	4	False	True	False	False	0.625	0.7083333333333334	0.03225806451612903	-0.08333333333333334	0.0
native	PBMC	Fresh	CD8 TCM	True	4	True	True	True	False	0.4889913053048646	0.4878842297062636	0.03225806451612903	0.001107075598601015	0.0847457627118644
native	PBMC	Fresh	CD8 TEM	False	4	True	True	True	False	0.2771507242485399	0.2896123378146217	0.03225806451612903	-0.012461613566081796	0.09084194977843427
native	PBMC	Fresh	Doublet	True	4	False	True	False	False	0.19732142857142856	0.37142857142857144	0.03225806451612903	-0.17410714285714285	0.0
native	PBMC	Fresh	Eryth	True	4	False	True	False	False	0.9869565217391304	0.9847826086956522	0.03225806451612903	0.0021739130434782483	0.008695652173912993
native	PBMC	Fresh	HSPC	True	4	False	True	False	False	0.602684766214178	0.5619361031125737	0.03225806451612903	0.04074866310160427	0.18181818181818177
native	PBMC	Fresh	ILC	True	4	True	True	True	False	0.23674414927261228	0.2510333649588868	0.03225806451612903	-0.01428921568627451	0.04166666666666666
native	PBMC	Fresh	MAIT	False	4	True	True	True	False	0.97828608689476	0.979842577874328	0.03225806451612903	-0.0015564909795679205	0.007396449704141994
native	PBMC	Fresh	NK	False	4	True	True	True	False	0.8573514263322926	0.8435656056471776	0.03225806451612903	0.013785820685114913	0.0905963302752294
native	PBMC	Fresh	NK Proliferating	True	4	False	False	False	False	0.0	0.005319148936170213	0.03225806451612903	-0.005319148936170213	0.0
native	PBMC	Fresh	NK_CD56bright	True	4	True	True	True	False	0.9978070175438596	0.9969953292321714	0.03225806451612903	0.0008116883116883189	0.0032467532467532756
native	PBMC	Fresh	Plasmablast	True	4	False	True	False	False	0.9875	0.9875	0.03225806451612903	0.0	0.0
native	PBMC	Fresh	Platelet	True	4	True	True	True	False	0.38025233933795377	0.40190058921858574	0.03225806451612903	-0.021648249880631937	0.0594059405940594
native	PBMC	Fresh	Treg	False	4	True	True	True	False	0.2467067182358525	0.25742883339582967	0.03225806451612903	-0.010722115159977168	0.013422818791946317
native	PBMC	Fresh	cDC1	True	4	False	True	False	False	0.8183261183261183	0.806962481962482	0.03225806451612903	0.011363636363636381	0.045454545454545525
native	PBMC	Fresh	cDC2	True	4	True	True	True	False	0.695974318443304	0.6951931962333708	0.03225806451612903	0.0007811222099332882	0.07964601769911506
native	PBMC	Fresh	dnT	True	4	True	True	True	False	0.20966976991165603	0.21438244853737815	0.03225806451612903	-0.004712678625722111	0.038461538461538436
native	PBMC	Fresh	gdT	False	4	True	False	False	False	0.006707458870947526	0.009555483978870963	0.03225806451612903	-0.0028480251079234364	0.004830917874396136
native	PBMC	Fresh	pDC	True	4	True	True	True	False	0.997787610619469	0.997787610619469	0.03225806451612903	0.0	0.0
native	PBMC	culture_IFNa	B intermediate	False	5	True	True	False	True	0.8456491738474512	0.7547189807729043	0.041666666666666664	0.0909301930745469	0.20323014804845219
native	PBMC	culture_IFNa	B memory	False	5	True	True	False	True	0.14848651215520256	0.29022604491848863	0.041666666666666664	-0.14173953276328605	0.11751662971175167
native	PBMC	culture_IFNa	B naive	False	5	True	True	True	False	0.9184945625461302	0.933633568893835	0.041666666666666664	-0.015139006347704908	0.04380165289256199
native	PBMC	culture_IFNa	CD14 Mono	False	5	True	True	False	True	0.5882002910730273	0.6818549535907861	0.041666666666666664	-0.09365466251775878	0.15784408084696822
native	PBMC	culture_IFNa	CD16 Mono	False	5	True	True	False	True	0.7162906508739494	0.5933968740883706	0.041666666666666664	0.12289377678557875	0.35903337169159955
native	PBMC	culture_IFNa	CD4 CTL	True	3	False	True	False	False	0.5311244979919679	0.4737898964278165	0.041666666666666664	0.05733460156415138	0.1325301204819278
native	PBMC	culture_IFNa	CD4 Naive	True	2	False	True	False	False	0.8958333333333333	0.8958333333333333	0.041666666666666664	0.0	0.0
native	PBMC	culture_IFNa	CD4 Proliferating	True	3	False	True	False	False	0.7222222222222222	0.7222222222222222	0.041666666666666664	0.0	0.0
native	PBMC	culture_IFNa	CD4 TCM	False	5	True	False	False	False	0.07329854708001526	0.0849190609493303	0.041666666666666664	-0.01162051386931503	0.029177114201048557
native	PBMC	culture_IFNa	CD4 TEM	True	4	True	False	False	False	0.0020325203252032522	0.0020325203252032522	0.041666666666666664	0.0	0.0
native	PBMC	culture_IFNa	CD8 Naive	True	5	True	True	False	True	0.8244777617565516	0.7789426039572428	0.041666666666666664	0.045535157799308744	0.16216216216216217
native	PBMC	culture_IFNa	CD8 TEM	False	5	True	True	True	False	0.6460791549232818	0.73381903399174	0.041666666666666664	-0.08773987906845808	-0.0025300442757748565
native	PBMC	culture_IFNa	Eryth	True	5	False	True	False	False	0.8469660389505875	0.8432963141799453	0.041666666666666664	0.003669724770642202	0.01834862385321101
native	PBMC	culture_IFNa	HSPC	True	5	False	True	False	False	0.7200905575905576	0.741466218966219	0.041666666666666664	-0.02137566137566138	0.04444444444444451
native	PBMC	culture_IFNa	MAIT	True	5	True	True	True	False	0.9572741973458534	0.9683219561044176	0.041666666666666664	-0.011047758758564053	0.00347222222222221
native	PBMC	culture_IFNa	NK	False	5	True	True	True	False	0.6714123288668302	0.691039291857324	0.041666666666666664	-0.019626962990493678	0.07963446475195823
native	PBMC	culture_IFNa	NK Proliferating	True	2	False	False	False	False	0.0	0.07692307692307693	0.041666666666666664	-0.07692307692307693	0.0
native	PBMC	culture_IFNa	NK_CD56bright	True	5	True	True	True	False	0.9900770035438178	0.9926118347628838	0.041666666666666664	-0.002534831219065925	0.007117437722419906
native	PBMC	culture_IFNa	Plasmablast	True	5	False	True	False	False	0.9952941176470589	0.9868146503884573	0.041666666666666664	0.008479467258601558	0.02352941176470591
native	PBMC	culture_IFNa	Platelet	True	5	False	True	False	False	0.7901831501831502	0.8378021978021979	0.041666666666666664	-0.04761904761904763	0.0
native	PBMC	culture_IFNa	cDC2	True	2	False	True	False	False	1.0	1.0	0.041666666666666664	0.0	0.0
native	PBMC	culture_IFNa	dnT	True	5	False	False	False	False	0.06162117452440032	0.11162117452440032	0.041666666666666664	-0.05	0.0
native	PBMC	culture_IFNa	gdT	False	5	True	False	False	False	0.011175576845930516	0.012841414687265046	0.041666666666666664	-0.0016658378413345301	0.004415011037527594
native	PBMC	culture_IFNa	pDC	True	5	True	True	True	False	0.9868218665558096	0.989209252605636	0.041666666666666664	-0.00238738604982629	0.0
native	PBMC	culture_no_stim	B intermediate	False	5	True	True	False	True	0.42953654918633877	0.2381037397366689	0.03472906403940886	0.19143280944966987	0.3832199546485261
native	PBMC	culture_no_stim	B memory	False	5	True	True	True	False	0.7292873565309788	0.8263574350828111	0.03472906403940886	-0.0970700785518325	0.0
native	PBMC	culture_no_stim	B naive	False	5	True	True	True	False	0.9498048775975303	0.9556241903410836	0.03472906403940886	-0.005819312743553362	0.0324616771866546
native	PBMC	culture_no_stim	CD14 Mono	False	5	True	True	False	True	0.7830117266661657	0.6870849878375502	0.03472906403940886	0.09592673882861531	0.6153370439084724
native	PBMC	culture_no_stim	CD16 Mono	False	5	False	True	False	False	0.6719377762679188	0.6913532503116346	0.03472906403940886	-0.01941547404371587	0.13718411552346566
native	PBMC	culture_no_stim	CD4 CTL	True	3	False	True	False	False	0.792484004490451	0.7456848281989298	0.03489326765188834	0.04679917629152116	0.17647058823529405
native	PBMC	culture_no_stim	CD4 Naive	False	5	True	True	False	True	0.8605255610315565	0.8428017277781702	0.03472906403940886	0.017723833253386157	0.12654529107664647
native	PBMC	culture_no_stim	CD4 Proliferating	True	2	False	True	False	False	0.7727272727272727	0.6818181818181819	0.034482758620689655	0.09090909090909088	0.18181818181818177
native	PBMC	culture_no_stim	CD4 TCM	False	5	True	False	False	False	0.06405150551787739	0.10386999066112572	0.03472906403940886	-0.03981848514324831	-0.014907674064035238
native	PBMC	culture_no_stim	CD4 TEM	False	5	True	True	True	False	0.18441504056608282	0.20107743196289798	0.03472906403940886	-0.016662391396815152	0.028301886792452824
native	PBMC	culture_no_stim	CD8 Naive	False	5	True	True	True	False	0.9302760548204304	0.9388287892305789	0.03472906403940886	-0.008552734410148454	0.04777954004758134
native	PBMC	culture_no_stim	CD8 Proliferating	True	1	False	False	False	False	0.0	0.0	0.0	0.0	0.0
native	PBMC	culture_no_stim	CD8 TCM	True	5	False	True	False	False	0.25164555403881933	0.2409579971612132	0.03472906403940886	0.01068755687760618	0.12886597938144329
native	PBMC	culture_no_stim	CD8 TEM	False	5	True	True	True	False	0.23025011664211492	0.2251649491650503	0.03472906403940886	0.00508516747706467	0.0504364694471387
native	PBMC	culture_no_stim	Eryth	True	4	False	True	False	False	0.9850446428571429	0.9850446428571429	0.03479064039408867	0.0	0.0
native	PBMC	culture_no_stim	HSPC	True	5	True	True	True	False	0.12182415666286632	0.16164549661323852	0.03472906403940886	-0.039821339950372216	0.0
native	PBMC	culture_no_stim	ILC	True	5	False	False	False	False	0.0	0.0	0.03472906403940886	0.0	0.0
native	PBMC	culture_no_stim	MAIT	False	5	True	True	True	False	0.9597937778190383	0.9581612558471848	0.03472906403940886	0.001632521971853551	0.015748031496063075
native	PBMC	culture_no_stim	NK	False	5	True	True	True	False	0.649399511178871	0.6845177793116161	0.03472906403940886	-0.035118268132745066	0.08905852417302795
native	PBMC	culture_no_stim	NK Proliferating	True	4	False	False	False	False	0.0	0.0	0.03479064039408867	0.0	0.0
native	PBMC	culture_no_stim	NK_CD56bright	True	5	True	True	True	False	0.9900709219858156	0.9985815602836879	0.03472906403940886	-0.00851063829787233	0.0
native	PBMC	culture_no_stim	Plasmablast	True	5	False	True	False	False	0.7453198198198198	0.731581081081081	0.03472906403940886	0.013738738738738742	0.04166666666666663
native	PBMC	culture_no_stim	Platelet	True	5	False	True	False	False	0.1069187675070028	0.09487394957983195	0.03472906403940886	0.012044817927170864	0.07142857142857142
native	PBMC	culture_no_stim	Treg	False	5	True	True	True	False	0.4239990862576054	0.4344191033390493	0.03472906403940886	-0.010420017081444011	0.02931596091205213
native	PBMC	culture_no_stim	cDC1	True	2	False	False	False	False	0.0	0.0	0.035098522167487683	0.0	0.0
native	PBMC	culture_no_stim	cDC2	True	5	False	True	False	False	0.8999216500300171	0.9064257150706677	0.03472906403940886	-0.006504065040650398	0.0
native	PBMC	culture_no_stim	dnT	True	5	False	False	False	False	0.010344827586206896	0.018028780885147977	0.03472906403940886	-0.0076839532989410805	0.0
native	PBMC	culture_no_stim	gdT	False	5	True	False	False	False	0.006902514935702231	0.005908866166285147	0.03472906403940886	0.0009936487694170836	0.0024509803921568644
native	PBMC	culture_no_stim	pDC	True	5	False	True	False	False	0.9303875968992248	0.9096640826873387	0.03472906403940886	0.020723514211886295	0.08139534883720922
native	Tcell	IFN-L1	ASDC	True	1	False	False	False	False	0.0	0.0	0.0	0.0	0.0
native	Tcell	IFN-L1	B intermediate	True	4	False	True	False	False	0.875	0.775	0.03571428571428571	0.09999999999999998	0.19999999999999996
native	Tcell	IFN-L1	B naive	True	4	False	True	False	False	0.928125	0.9015625	0.0364010989010989	0.026562500000000017	0.07500000000000007
native	Tcell	IFN-L1	CD14 Mono	True	5	False	True	False	False	0.8041428571428572	0.7222857142857142	0.03626373626373626	0.08185714285714288	0.375
native	Tcell	IFN-L1	CD16 Mono	True	2	False	True	False	False	1.0	1.0	0.03571428571428571	0.0	0.0
native	Tcell	IFN-L1	CD4 CTL	True	2	True	True	False	True	0.8219114528101803	0.7630567338282079	0.03708791208791209	0.058854718981972365	0.18292682926829262
native	Tcell	IFN-L1	CD4 Naive	False	5	True	True	False	True	0.9085972815549358	0.8676392724512819	0.03626373626373626	0.04095800910365377	0.1862621154656553
native	Tcell	IFN-L1	CD4 Proliferating	True	3	False	False	False	False	0.0	0.0	0.03663003663003663	0.0	0.0
native	Tcell	IFN-L1	CD4 TCM	False	5	True	True	True	False	0.317578258426773	0.31759361670652864	0.03626373626373626	-1.5358279755645076e-05	0.0529045643153527
native	Tcell	IFN-L1	CD4 TEM	False	5	True	True	True	False	0.46284193068980956	0.47397830291547843	0.03626373626373626	-0.011136372225668933	0.048442906574394484
native	Tcell	IFN-L1	CD8 Naive	False	5	True	True	True	False	0.9823280580586552	0.9810599613814256	0.03626373626373626	0.0012680966772296686	0.017253521126760485
native	Tcell	IFN-L1	CD8 TCM	False	5	True	True	False	True	0.33099485311713694	0.27902013651594915	0.03626373626373626	0.0519747166011878	0.16171617161716173
native	Tcell	IFN-L1	CD8 TEM	False	5	True	True	True	False	0.10565866175407261	0.07003031127658732	0.03626373626373626	0.035628350477485284	0.09706840390879477
native	Tcell	IFN-L1	Eryth	True	1	False	False	False	False	0.0	0.0	0.0	0.0	0.0
native	Tcell	IFN-L1	HSPC	True	5	False	True	False	False	0.6669597069597069	0.6646967846967846	0.03626373626373626	0.00226292226292224	0.07692307692307687
native	Tcell	IFN-L1	ILC	True	5	False	True	False	False	0.09166666666666666	0.12999999999999998	0.03626373626373626	-0.03833333333333333	0.0
native	Tcell	IFN-L1	MAIT	False	5	True	True	True	False	0.9871478577928368	0.9834482679090364	0.03626373626373626	0.003699589883800436	0.008928571428571508
native	Tcell	IFN-L1	NK	False	5	True	True	True	False	0.6380667824899409	0.6969622293646298	0.03626373626373626	-0.05889544687468905	0.06557377049180324
native	Tcell	IFN-L1	NK Proliferating	True	2	False	True	False	False	1.0	1.0	0.03571428571428571	0.0	0.0
native	Tcell	IFN-L1	NK_CD56bright	True	4	False	True	False	False	1.0	1.0	0.0364010989010989	0.0	0.0
native	Tcell	IFN-L1	Plasmablast	True	5	False	True	False	False	0.8872727272727273	0.8872727272727273	0.03626373626373626	0.0	0.0
native	Tcell	IFN-L1	Platelet	True	3	False	True	False	False	0.10416666666666667	0.0625	0.03571428571428571	0.041666666666666664	0.125
native	Tcell	IFN-L1	Treg	False	5	True	True	True	False	0.3338086564013688	0.333714076220957	0.03626373626373626	9.458018041184623e-05	0.06130268199233718
native	Tcell	IFN-L1	cDC1	True	2	False	True	False	False	0.8333333333333333	0.8333333333333333	0.03571428571428571	0.0	0.0
native	Tcell	IFN-L1	cDC2	True	5	False	True	False	False	0.8923308270676692	0.8923308270676692	0.03626373626373626	0.0	0.0
native	Tcell	IFN-L1	dnT	True	5	False	False	False	False	0.002898550724637681	0.009350163627863489	0.03626373626373626	-0.0064516129032258064	0.0
native	Tcell	IFN-L1	gdT	False	5	True	False	False	False	0.022238770277326007	0.01930410314477235	0.03626373626373626	0.0029346671325536583	0.016260162601626015
native	Tcell	IFN-L1	pDC	True	5	False	True	False	False	0.9846153846153847	0.9846153846153847	0.03626373626373626	0.0	0.0
native	Tcell	IFNa	B memory	True	1	False	False	False	False	0.0	0.0	0.0	0.0	0.0
native	Tcell	IFNa	B naive	True	2	False	True	False	False	0.5	0.5	0.04195804195804196	0.0	0.0
native	Tcell	IFNa	CD14 Mono	True	2	False	True	False	False	0.5	0.0	0.039230769230769236	0.5	1.0
native	Tcell	IFNa	CD16 Mono	True	1	False	False	False	False	0.0	0.0	0.0	0.0	0.0
native	Tcell	IFNa	CD4 CTL	True	2	True	True	True	False	0.7361757105943152	0.7218776916451335	0.04195804195804196	0.014298018949181757	0.08785529715762275
native	Tcell	IFNa	CD4 Naive	True	4	False	True	False	False	0.41097818437719913	0.49861453201970446	0.04139568764568765	-0.08763634764250527	0.10204081632653061
native	Tcell	IFNa	CD4 Proliferating	True	4	False	True	False	False	0.4583333333333333	0.4583333333333333	0.041011072261072264	0.0	0.0
native	Tcell	IFNa	CD4 TCM	False	5	True	False	False	False	0.06946695479467252	0.08210558554726229	0.04080885780885781	-0.012638630752589761	0.009786930370068309
native	Tcell	IFNa	CD4 TEM	True	5	False	False	False	False	0.013636363636363636	0.013636363636363636	0.04080885780885781	0.0	0.0
native	Tcell	IFNa	CD8 Naive	False	5	True	True	True	False	0.9519373718032818	0.9510899990098519	0.04080885780885781	0.000847372793429857	0.021235521235521304
native	Tcell	IFNa	CD8 TCM	True	4	False	True	False	False	0.45276126824330776	0.43660587611892343	0.04139568764568765	0.01615539212438434	0.2345679012345679
native	Tcell	IFNa	CD8 TEM	False	5	True	True	False	True	0.44073410190104684	0.5208110861811577	0.04080885780885781	-0.08007698428011074	0.14130946773433817
native	Tcell	IFNa	HSPC	True	5	False	True	False	False	0.7089822595704949	0.744557734204793	0.04080885780885781	-0.035575474634298165	0.0
native	Tcell	IFNa	ILC	True	1	False	False	False	False	0.0	0.0	0.0	0.0	0.0
native	Tcell	IFNa	MAIT	False	5	True	True	True	False	0.9736634755636528	0.9701487313752919	0.04080885780885781	0.003514744188360863	0.01744186046511631
native	Tcell	IFNa	NK	True	5	False	True	False	False	0.6838461538461539	0.6666025641025641	0.04080885780885781	0.017243589743589728	0.1875
native	Tcell	IFNa	NK Proliferating	True	1	False	False	False	False	0.0	0.0	0.0	0.0	0.0
native	Tcell	IFNa	NK_CD56bright	True	1	False	False	False	False	0.0	0.0	0.0	0.0	0.0
native	Tcell	IFNa	Plasmablast	True	5	False	True	False	False	0.8925925925925926	0.8851851851851851	0.04080885780885781	0.0074074074074073955	0.03703703703703698
native	Tcell	IFNa	Platelet	True	1	False	False	False	False	0.0	0.0	0.0	0.0	0.0
native	Tcell	IFNa	Treg	True	3	False	True	False	False	0.7037037037037037	0.5555555555555555	0.03952991452991453	0.14814814814814817	0.33333333333333337
native	Tcell	IFNa	cDC1	True	1	False	False	False	False	0.0	0.0	0.0	0.0	0.0
native	Tcell	IFNa	cDC2	True	3	False	True	False	False	0.16666666666666666	0.47222222222222227	0.038974358974358976	-0.3055555555555556	0.08333333333333331
native	Tcell	IFNa	dnT	True	5	False	False	False	False	0.04444444444444444	0.04444444444444444	0.04080885780885781	0.0	0.0
native	Tcell	IFNa	gdT	False	5	True	False	False	False	0.06296079815391051	0.06316077116347162	0.04080885780885781	-0.00019997300956111768	0.0272108843537415
native	Tcell	IFNa	pDC	True	5	False	True	False	False	1.0	1.0	0.04080885780885781	0.0	0.0
native	Tcell	IFNb	B intermediate	True	2	False	True	False	False	1.0	1.0	0.04	0.0	0.0
native	Tcell	IFNb	B memory	True	1	False	False	False	False	0.0	0.0	0.0	0.0	0.0
native	Tcell	IFNb	CD14 Mono	True	2	False	True	False	False	0.5	0.5	0.04	0.0	0.0
native	Tcell	IFNb	CD4 CTL	True	3	False	True	False	False	0.656236559139785	0.6343010752688172	0.042373737373737376	0.02193548387096776	0.4258064516129032
native	Tcell	IFNb	CD4 Naive	True	3	False	True	False	False	0.7345679012345679	0.7170240415854451	0.04181818181818182	0.017543859649122823	0.052631578947368474
native	Tcell	IFNb	CD4 Proliferating	True	4	False	True	False	False	0.25	0.125	0.041363636363636366	0.125	0.5
native	Tcell	IFNb	CD4 TCM	False	5	True	True	True	False	0.12679421167212776	0.1383684345550542	0.04142424242424243	-0.011574222882926444	0.008089160524896638
native	Tcell	IFNb	CD4 TEM	True	5	False	True	False	False	0.18118149234278266	0.17772694688823723	0.04142424242424243	0.0034545454545454545	0.03999999999999998
native	Tcell	IFNb	CD8 Naive	False	5	True	True	True	False	0.8033480392873369	0.8019773102142835	0.04142424242424243	0.0013707290730532006	0.02631578947368418
native	Tcell	IFNb	CD8 TCM	True	4	False	True	False	False	0.4473537522736607	0.46621535723366386	0.04041666666666667	-0.018861604960003137	0.20512820512820512
native	Tcell	IFNb	CD8 TEM	False	5	True	True	True	False	0.41687332954840894	0.4883427200803635	0.04142424242424243	-0.0714693905319546	0.04400000000000004
native	Tcell	IFNb	Eryth	True	1	False	False	False	False	0.0	0.0	0.0	0.0	0.0
native	Tcell	IFNb	HSPC	True	5	False	True	False	False	0.45445022813443875	0.5303611593085277	0.04142424242424243	-0.07591093117408906	0.0
native	Tcell	IFNb	ILC	True	2	False	False	False	False	0.0	0.0	0.04083333333333333	0.0	0.0
native	Tcell	IFNb	MAIT	False	5	True	True	True	False	0.9700359039486767	0.9790616452324823	0.04142424242424243	-0.009025741283805799	0.005376344086021501
native	Tcell	IFNb	NK	True	5	False	True	False	False	0.6096884702293188	0.6543103654954987	0.04142424242424243	-0.04462189526617995	0.11111111111111116
native	Tcell	IFNb	NK Proliferating	True	1	False	False	False	False	0.0	0.0	0.0	0.0	0.0
native	Tcell	IFNb	NK_CD56bright	True	2	False	True	False	False	0.5	0.5	0.04083333333333333	0.0	0.0
native	Tcell	IFNb	Plasmablast	True	4	False	True	False	False	0.9642857142857143	0.956221198156682	0.041363636363636366	0.008064516129032251	0.032258064516129004
native	Tcell	IFNb	Platelet	True	1	False	False	False	False	0.0	0.0	0.0	0.0	0.0
native	Tcell	IFNb	Treg	True	2	False	True	False	False	0.25	0.25	0.04	0.0	0.0
native	Tcell	IFNb	cDC2	True	3	False	True	False	False	1.0	1.0	0.04055555555555556	0.0	0.0
native	Tcell	IFNb	dnT	True	5	False	True	False	False	0.2010170807453416	0.16810041407867493	0.04142424242424243	0.032916666666666664	0.13333333333333333
native	Tcell	IFNb	gdT	False	5	True	False	False	False	0.07004278049328468	0.04673597984871435	0.04142424242424243	0.02330680064457031	0.0425531914893617
native	Tcell	IFNb	pDC	True	5	False	True	False	False	1.0	1.0	0.04142424242424243	0.0	0.0
native	Tcell	IFNg	ASDC	True	1	False	False	False	False	0.0	0.0	0.0	0.0	0.0
native	Tcell	IFNg	B intermediate	True	5	False	True	False	False	0.21884057971014492	0.125	0.03552482000757863	0.09384057971014492	0.3333333333333333
native	Tcell	IFNg	B memory	True	1	False	False	False	False	0.0	0.0	0.0	0.0	0.0
native	Tcell	IFNg	B naive	True	5	False	True	False	False	0.8866666666666667	0.8933333333333333	0.03552482000757863	-0.006666666666666665	0.033333333333333326
native	Tcell	IFNg	CD14 Mono	True	4	False	True	False	False	0.6125	0.5722222222222222	0.03547745358090186	0.0402777777777778	0.11111111111111116
native	Tcell	IFNg	CD16 Mono	True	2	False	True	False	False	0.25	0.25	0.035098522167487683	0.0	0.0
native	Tcell	IFNg	CD4 CTL	False	3	False	True	False	False	0.9520831827272946	0.9363237668377552	0.036219527598837946	0.015759415889539514	0.08176100628930827
native	Tcell	IFNg	CD4 Naive	False	5	True	True	False	True	0.8860983917954929	0.861897879137681	0.03552482000757863	0.024200512657811934	0.1516095534787123
native	Tcell	IFNg	CD4 Proliferating	True	4	False	False	False	False	0.014705882352941176	0.2647058823529412	0.03547745358090186	-0.25	0.0
native	Tcell	IFNg	CD4 TCM	False	5	True	True	True	False	0.17655173658761866	0.1711753910223897	0.03552482000757863	0.005376345565228935	0.03630604288499023
native	Tcell	IFNg	CD4 TEM	False	5	True	True	True	False	0.47556607058504075	0.49189818237568916	0.03552482000757863	-0.016332111790648373	0.014634146341463428
native	Tcell	IFNg	CD8 Naive	False	5	True	True	True	False	0.978364745536952	0.9787660935804162	0.03552482000757863	-0.0004013480434643224	0.01768033946251768
native	Tcell	IFNg	CD8 TCM	False	5	True	True	False	True	0.37234500972796825	0.3888094974219323	0.03552482000757863	-0.016464487693964008	0.14590747330960852
native	Tcell	IFNg	CD8 TEM	False	5	True	True	True	False	0.5744784757177764	0.6530230509393692	0.03552482000757863	-0.07854457522159283	-0.007570543702684174
native	Tcell	IFNg	Eryth	True	1	False	False	False	False	0.0	0.0	0.0	0.0	0.0
native	Tcell	IFNg	HSPC	True	5	False	True	False	False	0.42440476190476195	0.4471590909090909	0.03552482000757863	-0.02275432900432899	0.14285714285714285
native	Tcell	IFNg	ILC	True	5	False	True	False	False	0.23232323232323232	0.1797979797979798	0.03552482000757863	0.05252525252525251	0.11111111111111105
native	Tcell	IFNg	MAIT	False	5	True	True	True	False	0.9916129481298428	0.9920988415467707	0.03552482000757863	-0.00048589341692790723	0.011363636363636354
native	Tcell	IFNg	NK	False	5	True	True	True	False	0.5044386346957981	0.5737937897794764	0.03552482000757863	-0.0693551550836782	-0.02564102564102555
native	Tcell	IFNg	NK Proliferating	True	2	False	False	False	False	0.0	0.0	0.03647214854111406	0.0	0.0
native	Tcell	IFNg	NK_CD56bright	True	1	False	False	False	False	0.0	0.0	0.0	0.0	0.0
native	Tcell	IFNg	Plasmablast	True	5	False	True	False	False	0.6625	0.6847222222222222	0.03552482000757863	-0.02222222222222221	0.0
native	Tcell	IFNg	Platelet	True	2	False	True	False	False	0.6666666666666666	0.8333333333333333	0.03647214854111406	-0.16666666666666666	0.0
native	Tcell	IFNg	Treg	False	5	True	True	True	False	0.6547656060506146	0.6542230902660792	0.03552482000757863	0.0005425157845354133	0.03597122302158273
native	Tcell	IFNg	cDC1	True	5	False	True	False	False	0.6666666666666666	0.6666666666666666	0.03552482000757863	0.0	0.0
native	Tcell	IFNg	cDC2	True	5	False	True	False	False	0.8929971988795519	0.8929971988795519	0.03552482000757863	0.0	0.0
native	Tcell	IFNg	dnT	True	5	False	False	False	False	0.017823639774859287	0.02035528534447954	0.03552482000757863	-0.002531645569620253	0.0
native	Tcell	IFNg	gdT	False	5	True	False	False	False	0.022047427424053558	0.01912679578809131	0.03552482000757863	0.0029206316359622468	0.02531645569620253
native	Tcell	IFNg	pDC	True	5	False	True	False	False	0.9333333333333332	0.9333333333333332	0.03552482000757863	0.0	0.0
native	Tcell	none	ASDC	True	2	False	False	False	False	0.0	0.0	0.03333333333333333	0.0	0.0
native	Tcell	none	B intermediate	True	4	False	True	False	False	0.7146464646464646	0.6502525252525253	0.03362068965517241	0.06439393939393939	0.2222222222222222
native	Tcell	none	B memory	True	2	False	False	False	False	0.0	0.0	0.0339080459770115	0.0	0.0
native	Tcell	none	B naive	True	3	False	True	False	False	0.8690476190476191	0.8888888888888888	0.03371647509578544	-0.01984126984126977	0.04761904761904767
native	Tcell	none	CD14 Mono	True	5	False	True	False	False	0.9117480220928498	0.8779220779220779	0.033563218390804596	0.03382594417077174	0.2857142857142857
native	Tcell	none	CD16 Mono	True	5	False	True	False	False	0.37333333333333335	0.16666666666666666	0.033563218390804596	0.20666666666666664	0.5
native	Tcell	none	CD4 CTL	False	5	False	True	False	False	0.8942402980611099	0.9055935200751042	0.033563218390804596	-0.011353222013994201	0.05214723926380371
native	Tcell	none	CD4 Naive	False	5	True	True	False	True	0.9030158184722195	0.8785209849814619	0.033563218390804596	0.024494833490757584	0.10879120879120874
native	Tcell	none	CD4 Proliferating	True	4	False	True	False	False	0.2781045751633987	0.15849673202614378	0.03362068965517241	0.11960784313725491	0.4
native	Tcell	none	CD4 TCM	False	5	True	True	True	False	0.5476637694043843	0.5569681937881634	0.033563218390804596	-0.009304424383779264	0.027814253312641757
native	Tcell	none	CD4 TEM	False	5	True	True	True	False	0.40783509128614853	0.413305563984175	0.033563218390804596	-0.005470472698026474	0.026591458501208698
native	Tcell	none	CD8 Naive	False	5	True	True	True	False	0.979260096266031	0.978854442528575	0.033563218390804596	0.0004056537374560465	0.01837228041901695
native	Tcell	none	CD8 Proliferating	True	2	False	True	False	False	0.3333333333333333	0.3333333333333333	0.03333333333333333	0.0	0.0
native	Tcell	none	CD8 TCM	False	5	True	True	False	True	0.25598407316902344	0.24449027569731166	0.033563218390804596	0.011493797471711786	0.12732919254658387
native	Tcell	none	CD8 TEM	False	5	True	True	True	False	0.35603048294862993	0.41055483546246857	0.033563218390804596	-0.054524352513838636	0.01572327044025157
native	Tcell	none	Eryth	True	1	False	False	False	False	0.0	0.0	0.0	0.0	0.0
native	Tcell	none	HSPC	True	5	True	True	True	False	0.2826620177673644	0.4094691803784737	0.033563218390804596	-0.12680716261110928	-0.03508771929824561
native	Tcell	none	ILC	True	5	False	False	False	False	0.03518518518518519	0.05842198581560284	0.033563218390804596	-0.023236800630417654	0.0
native	Tcell	none	MAIT	False	5	True	True	True	False	0.990609688016548	0.9927238909620376	0.033563218390804596	-0.002114202945489563	0.0
native	Tcell	none	NK	True	5	True	True	False	True	0.6424468194385252	0.6401471549246522	0.033563218390804596	0.0022996645138729454	0.11818181818181822
native	Tcell	none	NK Proliferating	True	3	False	False	False	False	0.0	0.0	0.03371647509578544	0.0	0.0
native	Tcell	none	NK_CD56bright	True	3	False	True	False	False	1.0	1.0	0.03333333333333333	0.0	0.0
native	Tcell	none	Plasmablast	True	5	False	True	False	False	0.8833333333333334	0.8833333333333334	0.033563218390804596	0.0	0.0
native	Tcell	none	Platelet	True	5	False	True	False	False	1.0	1.0	0.033563218390804596	0.0	0.0
native	Tcell	none	Treg	False	5	True	True	True	False	0.17820867331965246	0.19206922296022336	0.033563218390804596	-0.013860549640570888	0.03963414634146342
native	Tcell	none	cDC1	True	5	False	True	False	False	0.4523809523809524	0.3	0.033563218390804596	0.15238095238095237	0.42857142857142855
native	Tcell	none	cDC2	True	5	False	True	False	False	0.7631490015360982	0.7560522273425498	0.033563218390804596	0.0070967741935483945	0.09999999999999998
native	Tcell	none	dnT	True	5	False	False	False	False	0.01563097033685269	0.0221801665919313	0.033563218390804596	-0.006549196255078609	0.013888888888888888
native	Tcell	none	gdT	False	5	True	False	False	False	0.007171120297495173	0.007156789697483143	0.033563218390804596	1.433060001202989e-05	0.005649717514124294
native	Tcell	none	pDC	True	5	False	True	False	False	0.875	0.875	0.033563218390804596	0.0	0.0
harmony-7	Bcell	IFN-L1	ASDC	True	1	False	False	False	False	0.0	0.0	0.0	0.0	0.0
harmony-7	Bcell	IFN-L1	B intermediate	False	5	True	True	False	True	0.44231796582834065	0.2891830414372594	0.05620915032679739	0.15313492439108126	0.2901263453439401
harmony-7	Bcell	IFN-L1	B memory	False	5	True	True	True	False	0.812103740163572	0.866864960678474	0.05620915032679739	-0.05476122051490193	0.011699507389162589
harmony-7	Bcell	IFN-L1	B naive	False	5	True	True	True	False	0.9291028918718238	0.9401882215878695	0.05620915032679739	-0.011085329716045745	0.040666082383873814
harmony-7	Bcell	IFN-L1	CD16 Mono	True	3	False	True	False	False	1.0	0.9444444444444445	0.056644880174291944	0.055555555555555546	0.16666666666666663
harmony-7	Bcell	IFN-L1	CD4 TCM	False	5	True	False	False	False	0.08259071477671778	0.09615540065459854	0.05620915032679739	-0.013564685877880771	0.007853403141361258
harmony-7	Bcell	IFN-L1	CD4 TEM	True	3	False	True	False	False	0.3446054750402577	0.40418679549114334	0.056644880174291944	-0.059581320450885676	0.043478260869565244
harmony-7	Bcell	IFN-L1	CD8 Naive	True	2	False	True	False	False	0.15	0.15	0.05555555555555555	0.0	0.0
harmony-7	Bcell	IFN-L1	HSPC	False	5	True	True	True	False	0.8003653763614246	0.8004883799277908	0.05620915032679739	-0.0001230035663662088	0.018018018018018056
harmony-7	Bcell	IFN-L1	ILC	True	5	True	True	True	False	0.37187403993855606	0.3709728622631848	0.05620915032679739	0.0009011776753712231	0.09285714285714286
harmony-7	Bcell	IFN-L1	MAIT	True	4	False	True	False	False	0.9821428571428572	0.9821428571428572	0.056372549019607844	0.0	0.0
harmony-7	Bcell	IFN-L1	NK	True	5	False	True	False	False	0.825389354144168	0.835474017020872	0.05620915032679739	-0.010084662876703954	0.375
harmony-7	Bcell	IFN-L1	NK Proliferating	True	2	False	False	False	False	0.0	0.0	0.05718954248366013	0.0	0.0
harmony-7	Bcell	IFN-L1	Plasmablast	False	5	True	True	True	False	0.8423219734122209	0.8424841502643152	0.05620915032679739	-0.0001621768520944089	0.021052631578947434
harmony-7	Bcell	IFN-L1	cDC1	True	4	False	True	False	False	0.9375	0.9375	0.056372549019607844	0.0	0.0
harmony-7	Bcell	IFN-L1	cDC2	True	5	False	True	False	False	0.7565441176470589	0.7722303921568627	0.05620915032679739	-0.01568627450980391	0.0625
harmony-7	Bcell	IFN-L1	gdT	True	2	False	False	False	False	0.0	0.0	0.05555555555555555	0.0	0.0
harmony-7	Bcell	IFN-L1	pDC	True	5	False	True	False	False	1.0	1.0	0.05620915032679739	0.0	0.0
harmony-7	Bcell	IFNa	B intermediate	False	5	True	True	False	True	0.5423593837022727	0.39112389147335275	0.07532467532467532	0.15123549222891988	0.37093178778421754
harmony-7	Bcell	IFNa	B memory	False	5	True	True	True	False	0.7508916817013235	0.8046966309853957	0.07532467532467532	-0.0538049492840722	0.0010683760683760646
harmony-7	Bcell	IFNa	B naive	False	5	True	True	True	False	0.932645509731197	0.9431601903220649	0.07532467532467532	-0.010514680590868108	0.08507444013511822
harmony-7	Bcell	IFNa	CD14 Mono	True	3	False	True	False	False	0.7083333333333334	0.625	0.07792207792207792	0.08333333333333333	0.25
harmony-7	Bcell	IFNa	CD4 Proliferating	True	1	False	False	False	False	0.0	0.0	0.0	0.0	0.0
harmony-7	Bcell	IFNa	CD4 TCM	False	5	True	True	True	False	0.3570149728645371	0.34036443212152884	0.07532467532467532	0.016650540743008226	0.09259259259259256
harmony-7	Bcell	IFNa	CD8 Naive	True	2	False	True	False	False	0.42021276595744683	0.4095744680851064	0.07142857142857142	0.010638297872340413	0.021276595744680826
harmony-7	Bcell	IFNa	HSPC	False	5	True	True	True	False	0.8055468365979556	0.8148033073408424	0.07532467532467532	-0.009256470742887069	0.014440433212996373
harmony-7	Bcell	IFNa	ILC	True	1	False	False	False	False	0.0	0.0	0.0	0.0	0.0
harmony-7	Bcell	IFNa	NK	True	5	False	True	False	False	0.8336729936729939	0.8822444222444222	0.07532467532467532	-0.04857142857142856	0.0
harmony-7	Bcell	IFNa	Plasmablast	False	5	True	True	True	False	0.8916348357524828	0.8967328749681691	0.07532467532467532	-0.005098039215686278	0.009803921568627527
harmony-7	Bcell	IFNa	cDC2	True	5	True	True	False	True	0.5137540672386033	0.5116038016965853	0.07532467532467532	0.002150265542018098	0.20833333333333334
harmony-7	Bcell	IFNa	dnT	True	1	False	False	False	False	0.0	0.0	0.0	0.0	0.0
harmony-7	Bcell	IFNa	pDC	True	5	False	True	False	False	1.0	1.0	0.07532467532467532	0.0	0.0
harmony-7	Bcell	IFNb	B intermediate	False	5	True	True	False	True	0.6593985728072058	0.587651823614238	0.06857142857142857	0.07174674919296793	0.3449854348730753
harmony-7	Bcell	IFNb	B memory	False	5	True	True	False	True	0.6806325257008237	0.6985192728137312	0.06857142857142857	-0.01788674711290761	0.14978331527627298
harmony-7	Bcell	IFNb	B naive	False	5	True	True	True	False	0.9101777256988368	0.9312830440372546	0.06857142857142857	-0.021105318338417646	0.05796460176991158
harmony-7	Bcell	IFNb	CD14 Mono	True	3	False	True	False	False	0.13333333333333333	0.06666666666666667	0.06984126984126984	0.06666666666666667	0.2
harmony-7	Bcell	IFNb	CD4 TCM	False	5	True	True	True	False	0.5926186664870862	0.5905408081133203	0.06857142857142857	0.0020778583737660504	0.041984732824427495
harmony-7	Bcell	IFNb	CD8 Naive	True	3	False	True	False	False	0.7888888888888889	0.674074074074074	0.06984126984126983	0.11481481481481481	0.30000000000000004
harmony-7	Bcell	IFNb	HSPC	False	5	True	True	False	True	0.7794736237363067	0.7668014109461759	0.06857142857142857	0.0126722127901308	0.10236220472440938
harmony-7	Bcell	IFNb	ILC	True	2	False	True	False	False	0.6153846153846154	0.6153846153846154	0.07142857142857142	0.0	0.0
harmony-7	Bcell	IFNb	NK	True	5	False	True	False	False	0.8521304048064613	0.7796838737683809	0.06857142857142857	0.07244653103808034	0.20000000000000007
harmony-7	Bcell	IFNb	NK Proliferating	True	1	False	False	False	False	0.0	0.0	0.0	0.0	0.0
harmony-7	Bcell	IFNb	NK_CD56bright	True	2	False	True	False	False	0.5	0.5	0.06904761904761905	0.0	0.0
harmony-7	Bcell	IFNb	Plasmablast	False	5	True	True	True	False	0.8396874097821477	0.8537798574626485	0.06857142857142857	-0.01409244768050084	0.01807228915662651
harmony-7	Bcell	IFNb	cDC1	True	1	False	False	False	False	0.0	0.0	0.0	0.0	0.0
harmony-7	Bcell	IFNb	cDC2	True	5	False	True	False	False	0.6925137711374101	0.7557828343779631	0.06857142857142857	-0.0632690632405529	0.07692307692307698
harmony-7	Bcell	IFNb	pDC	True	5	False	True	False	False	1.0	1.0	0.06857142857142857	0.0	0.0
harmony-7	Bcell	IFNg	ASDC	True	1	False	False	False	False	0.0	0.0	0.0	0.0	0.0
harmony-7	Bcell	IFNg	B intermediate	False	5	True	True	False	True	0.3103886953515568	0.22448549790126054	0.04692759566901443	0.08590319745029625	0.22649572649572652
harmony-7	Bcell	IFNg	B memory	False	5	True	True	False	True	0.8762189530642622	0.8844616906725434	0.04692759566901443	-0.008242737608281448	0.10151187904967596
harmony-7	Bcell	IFNg	B naive	False	5	True	True	True	False	0.975320137769358	0.9768177701082319	0.04692759566901443	-0.0014976323388738555	0.0244033976001079
harmony-7	Bcell	IFNg	CD14 Mono	True	4	False	True	False	False	0.27380952380952384	0.27380952380952384	0.047789929368876743	0.0	0.0
harmony-7	Bcell	IFNg	CD16 Mono	True	1	False	False	False	False	0.0	0.0	0.0	0.0	0.0
harmony-7	Bcell	IFNg	CD4 Naive	True	1	False	False	False	False	0.0	0.0	0.0	0.0	0.0
harmony-7	Bcell	IFNg	CD4 TCM	False	5	True	True	True	False	0.1548372090826002	0.145497914497404	0.04692759566901443	0.009339294585196216	0.02272727272727272
harmony-7	Bcell	IFNg	CD4 TEM	True	3	False	True	False	False	0.1111111111111111	0.0	0.04856839067365384	0.1111111111111111	0.3333333333333333
harmony-7	Bcell	IFNg	CD8 Naive	True	4	False	True	False	False	0.475	0.475	0.047789929368876743	0.0	0.0
harmony-7	Bcell	IFNg	CD8 TEM	True	1	False	False	False	False	0.0	0.0	0.0	0.0	0.0
harmony-7	Bcell	IFNg	Eryth	True	1	False	False	False	False	0.0	0.0	0.0	0.0	0.0
harmony-7	Bcell	IFNg	HSPC	False	5	True	True	True	False	0.3187330207709549	0.320830315592867	0.04692759566901443	-0.0020972948219121048	0.055999999999999994
harmony-7	Bcell	IFNg	ILC	True	5	False	True	False	False	0.23004480286738352	0.2364435955480098	0.04692759566901443	-0.0063987926806263005	0.08333333333333331
harmony-7	Bcell	IFNg	MAIT	True	3	False	True	False	False	0.9259259259259259	0.9629629629629629	0.04856839067365384	-0.037037037037037014	0.0
harmony-7	Bcell	IFNg	NK	True	5	False	True	False	False	0.5014976251711543	0.4596185647013892	0.04692759566901443	0.041879060469765125	0.12318840579710144
harmony-7	Bcell	IFNg	NK Proliferating	True	1	False	False	False	False	0.0	0.0	0.0	0.0	0.0
harmony-7	Bcell	IFNg	Plasmablast	False	5	True	True	True	False	0.918791983806887	0.9252947913156557	0.04692759566901443	-0.006502807508768726	0.0036429872495447047
harmony-7	Bcell	IFNg	Treg	True	1	False	False	False	False	0.0	0.0	0.0	0.0	0.0
harmony-7	Bcell	IFNg	cDC1	True	4	False	True	False	False	0.4317653890824622	0.26190476190476186	0.04729585822263167	0.16986062717770034	0.6428571428571428
harmony-7	Bcell	IFNg	cDC2	True	4	False	False	False	False	0.0026595744680851063	0.14648809523809525	0.045501599849425936	-0.14382852077001013	0.010638297872340425
harmony-7	Bcell	IFNg	gdT	True	1	False	False	False	False	0.0	0.0	0.0	0.0	0.0
harmony-7	Bcell	IFNg	pDC	True	5	False	True	False	False	1.0	1.0	0.04692759566901443	0.0	0.0
harmony-7	Bcell	none	ASDC	True	3	False	True	False	False	0.4444444444444444	0.4444444444444444	0.05360623781676413	0.0	0.0
harmony-7	Bcell	none	B intermediate	False	5	True	True	False	True	0.3693358852917828	0.28336299169594903	0.05380116959064327	0.08597289359583375	0.2089157536834152
harmony-7	Bcell	none	B memory	False	5	True	True	True	False	0.8650918449148124	0.8881885013034312	0.05380116959064327	-0.023096656388618863	0.05501858736059484
harmony-7	Bcell	none	B naive	False	5	True	True	True	False	0.9528350287184976	0.9565905265596282	0.05380116959064327	-0.0037554978411305394	0.037689327227897196
harmony-7	Bcell	none	CD14 Mono	True	2	False	True	False	False	0.47058823529411764	0.53125	0.054093567251461985	-0.06066176470588236	-0.05882352941176472
harmony-7	Bcell	none	CD16 Mono	True	3	False	True	False	False	0.20370370370370372	0.16666666666666666	0.05458089668615984	0.037037037037037056	0.11111111111111116
harmony-7	Bcell	none	CD4 TCM	True	5	False	True	False	False	0.1259827753945401	0.14584467819761937	0.05380116959064327	-0.019861902803079277	0.04545454545454544
harmony-7	Bcell	none	CD4 TEM	True	4	False	True	False	False	0.6666666666666666	0.6666666666666666	0.0533625730994152	0.0	0.0
harmony-7	Bcell	none	CD8 Naive	True	3	False	True	False	False	0.3703703703703704	0.3703703703703704	0.05458089668615984	0.0	0.0
harmony-7	Bcell	none	HSPC	False	5	True	True	True	False	0.7906652777144656	0.7932857575681631	0.05380116959064327	-0.0026204798536974216	0.02298850574712641
harmony-7	Bcell	none	ILC	True	5	True	True	True	False	0.16019261304173069	0.1828602930142862	0.05380116959064327	-0.022667679972555494	0.09174311926605505
harmony-7	Bcell	none	MAIT	True	5	False	True	False	False	0.8395238095238096	0.7928571428571429	0.05380116959064327	0.046666666666666655	0.16666666666666663
harmony-7	Bcell	none	NK	True	5	False	True	False	False	0.9939393939393939	0.98989898989899	0.05380116959064327	0.004040404040404044	0.02020202020202022
harmony-7	Bcell	none	Plasmablast	False	5	True	True	True	False	0.9960110691144708	0.9991360691144708	0.05380116959064327	-0.003125	0.0
harmony-7	Bcell	none	cDC1	True	4	False	True	False	False	0.4583333333333333	0.4583333333333333	0.054093567251461985	0.0	0.0
harmony-7	Bcell	none	cDC2	True	5	False	True	False	False	0.8733451275246941	0.8890594132389799	0.05380116959064327	-0.0157142857142857	0.0
harmony-7	Bcell	none	dnT	True	1	False	False	False	False	0.0	0.0	0.0	0.0	0.0
harmony-7	Bcell	none	gdT	True	1	False	False	False	False	0.0	0.0	0.0	0.0	0.0
harmony-7	Bcell	none	pDC	True	3	False	False	False	False	0.041666666666666664	0.041666666666666664	0.05458089668615984	0.0	0.0
harmony-7	Monocyte	IFN-L1	B intermediate	True	2	False	True	False	False	0.9166666666666667	0.9166666666666667	0.06111111111111111	0.0	0.0
harmony-7	Monocyte	IFN-L1	B naive	True	1	False	False	False	False	0.0	0.0	0.0	0.0	0.0
harmony-7	Monocyte	IFN-L1	CD14 Mono	False	5	True	True	False	True	0.6561336224755324	0.7239174566060081	0.0584313725490196	-0.06778383413047555	0.12535541060377986
harmony-7	Monocyte	IFN-L1	CD16 Mono	False	3	True	True	True	False	0.6744005086305881	0.6948041009948378	0.05555555555555555	-0.020403592364249618	0.06533435818601085
harmony-7	Monocyte	IFN-L1	CD4 Naive	True	1	False	False	False	False	0.0	0.0	0.0	0.0	0.0
harmony-7	Monocyte	IFN-L1	CD4 TCM	False	5	True	False	False	False	0.015308933490751672	0.018251781888145524	0.0584313725490196	-0.002942848397393852	0.0
harmony-7	Monocyte	IFN-L1	CD4 TEM	True	2	False	True	False	False	0.8125	0.8125	0.06274509803921569	0.0	0.0
harmony-7	Monocyte	IFN-L1	HSPC	True	5	True	True	False	True	0.7225888388388388	0.7192050704550704	0.0584313725490196	0.003383768383768393	0.20740740740740748
harmony-7	Monocyte	IFN-L1	ILC	True	3	True	True	True	False	0.23103825136612022	0.19890710382513663	0.06034858387799564	0.0321311475409836	0.04000000000000001
harmony-7	Monocyte	IFN-L1	MAIT	True	2	False	False	False	False	0.07142857142857142	0.07142857142857142	0.06274509803921569	0.0	0.0
harmony-7	Monocyte	IFN-L1	NK	True	5	False	True	False	False	0.8616082659478886	0.8383108715184185	0.0584313725490196	0.02329739442946992	0.11111111111111105
harmony-7	Monocyte	IFN-L1	NK_CD56bright	True	1	False	False	False	False	0.0	0.0	0.0	0.0	0.0
harmony-7	Monocyte	IFN-L1	Plasmablast	True	5	False	True	False	False	0.9908666320705759	0.9951219512195122	0.0584313725490196	-0.004255319148936176	0.0
harmony-7	Monocyte	IFN-L1	Platelet	True	5	False	True	False	False	0.9535497835497836	0.9535497835497836	0.0584313725490196	0.0	0.0
harmony-7	Monocyte	IFN-L1	Treg	True	1	False	False	False	False	0.0	0.0	0.0	0.0	0.0
harmony-7	Monocyte	IFN-L1	cDC1	True	3	False	True	False	False	0.5202020202020202	0.51010101010101	0.06034858387799564	0.010101010101010102	0.030303030303030304
harmony-7	Monocyte	IFN-L1	cDC2	False	5	False	False	False	False	0.06677883026777605	0.03479042880252696	0.0584313725490196	0.031988401465249075	0.12830188679245286
harmony-7	Monocyte	IFN-L1	pDC	False	5	True	True	True	False	0.9677954226454929	0.9635294117647059	0.0584313725490196	0.004266010880786953	0.05294117647058827
harmony-7	Monocyte	IFNa	B intermediate	True	3	False	True	False	False	0.7222222222222222	0.8333333333333334	0.07905982905982906	-0.11111111111111112	0.0
harmony-7	Monocyte	IFNa	B naive	True	2	False	True	False	False	0.825	0.75	0.07692307692307693	0.07500000000000001	0.15000000000000002
harmony-7	Monocyte	IFNa	CD14 Mono	False	5	True	True	False	True	0.7121426157969195	0.6802395025942498	0.0782051282051282	0.031903113202669774	0.3226002714466233
harmony-7	Monocyte	IFNa	CD16 Mono	False	5	False	True	False	False	0.48029550454217584	0.8355638638399675	0.0782051282051282	-0.35526835929779166	0.25
harmony-7	Monocyte	IFNa	CD4 TCM	False	5	True	True	True	False	0.16610192086733638	0.2018633023430036	0.0782051282051282	-0.035761381475667195	0.0
harmony-7	Monocyte	IFNa	HSPC	True	5	True	True	False	True	0.8664997432007742	0.8593371960382271	0.0782051282051282	0.007162547162547139	0.12612612612612606
harmony-7	Monocyte	IFNa	NK	True	5	False	True	False	False	0.9181818181818182	0.886818181818182	0.0782051282051282	0.03136363636363637	0.125
harmony-7	Monocyte	IFNa	NK Proliferating	True	1	False	False	False	False	0.0	0.0	0.0	0.0	0.0
harmony-7	Monocyte	IFNa	Plasmablast	True	5	False	True	False	False	0.9203703703703703	0.9703703703703702	0.0782051282051282	-0.05	0.0
harmony-7	Monocyte	IFNa	Platelet	True	5	False	True	False	False	0.9785751334858886	0.9756765827612508	0.0782051282051282	0.002898550724637694	0.01449275362318847
harmony-7	Monocyte	IFNa	cDC1	True	2	False	False	False	False	0.0	0.0	0.08012820512820512	0.0	0.0
harmony-7	Monocyte	IFNa	cDC2	True	5	False	True	False	False	0.2	0.31258101410598554	0.0782051282051282	-0.1125810141059855	0.0
harmony-7	Monocyte	IFNa	pDC	False	5	True	True	True	False	0.9984962406015038	0.9985776145335385	0.0782051282051282	-8.1373932034845e-05	0.005464480874316946
harmony-7	Monocyte	IFNb	B intermediate	True	2	False	True	False	False	1.0	1.0	0.08571428571428572	0.0	0.0
harmony-7	Monocyte	IFNb	B naive	True	1	False	False	False	False	0.0	0.0	0.0	0.0	0.0
harmony-7	Monocyte	IFNb	CD14 Mono	False	5	True	True	False	True	0.6301293973985942	0.5703122866629429	0.07714285714285714	0.059817110735651303	0.35179270864718293
harmony-7	Monocyte	IFNb	CD16 Mono	False	3	False	True	False	False	0.5972509915945762	0.8488469627053058	0.08095238095238096	-0.2515959711107297	0.04362249129208828
harmony-7	Monocyte	IFNb	CD4 TCM	False	5	True	True	True	False	0.17981440542537444	0.20662041534521544	0.07714285714285714	-0.02680600991984104	0.0049627791563275625
harmony-7	Monocyte	IFNb	HSPC	True	5	True	True	False	True	0.7340382529214349	0.681280330818481	0.07714285714285714	0.052757922102953846	0.20472440944881887
harmony-7	Monocyte	IFNb	NK	True	5	False	True	False	False	0.7545238095238095	0.7332517482517483	0.07714285714285714	0.02127206127206125	0.07692307692307687
harmony-7	Monocyte	IFNb	NK Proliferating	True	1	False	False	False	False	0.0	0.0	0.0	0.0	0.0
harmony-7	Monocyte	IFNb	NK_CD56bright	True	1	False	False	False	False	0.0	0.0	0.0	0.0	0.0
harmony-7	Monocyte	IFNb	Plasmablast	True	4	False	True	False	False	0.9821428571428572	0.9821428571428572	0.07857142857142857	0.0	0.0
harmony-7	Monocyte	IFNb	Platelet	True	5	False	True	False	False	0.9944444444444445	0.9944444444444445	0.07714285714285714	0.0	0.0
harmony-7	Monocyte	IFNb	cDC1	True	1	False	False	False	False	0.0	0.0	0.0	0.0	0.0
harmony-7	Monocyte	IFNb	cDC2	True	4	False	True	False	False	0.29583333333333334	0.31666666666666665	0.07857142857142857	-0.020833333333333336	0.0
harmony-7	Monocyte	IFNb	pDC	False	5	True	True	True	False	0.9946428571428572	0.9994152046783625	0.07714285714285714	-0.004772347535505439	0.0029239766081871066
harmony-7	Monocyte	IFNg	B intermediate	True	3	False	True	False	False	0.9166666666666666	0.8333333333333334	0.07326007326007326	0.08333333333333333	0.25
harmony-7	Monocyte	IFNg	B naive	True	1	False	False	False	False	0.0	0.0	0.0	0.0	0.0
harmony-7	Monocyte	IFNg	CD14 Mono	False	5	True	True	True	False	0.9295333113411963	0.9467436371397984	0.07252747252747252	-0.017210325798602	0.008983717012914116
harmony-7	Monocyte	IFNg	CD16 Mono	True	3	False	True	False	False	0.21212121212121213	0.17424242424242423	0.07326007326007326	0.03787878787878788	0.25
harmony-7	Monocyte	IFNg	CD4 TCM	False	5	True	True	False	True	0.22754338309760636	0.1812212943544313	0.07252747252747252	0.04632208874317504	0.10256410256410259
harmony-7	Monocyte	IFNg	HSPC	True	5	True	True	False	True	0.5291341604613793	0.5119095066912909	0.07252747252747252	0.017224653770088427	0.14960629921259838
harmony-7	Monocyte	IFNg	ILC	True	3	False	True	False	False	0.5028393871209685	0.5071788278152791	0.07326007326007326	-0.00433944069431047	0.016393442622950838
harmony-7	Monocyte	IFNg	NK	True	5	False	True	False	False	0.8740046838407494	0.8903981264637002	0.07252747252747252	-0.016393442622950838	0.016393442622950727
harmony-7	Monocyte	IFNg	NK Proliferating	True	2	False	True	False	False	0.25	0.0	0.07417582417582418	0.25	0.5
harmony-7	Monocyte	IFNg	Plasmablast	True	5	False	True	False	False	0.992	1.0	0.07252747252747252	-0.008000000000000007	0.0
harmony-7	Monocyte	IFNg	Platelet	True	5	False	True	False	False	0.9868817204301076	0.9902150537634409	0.07252747252747252	-0.0033333333333333214	0.0
harmony-7	Monocyte	IFNg	cDC1	True	4	False	False	False	False	0.02261904761904762	0.005952380952380952	0.0728021978021978	0.016666666666666666	0.041666666666666664
harmony-7	Monocyte	IFNg	cDC2	True	4	False	True	False	False	0.8450796531558781	0.8450796531558781	0.0728021978021978	0.0	0.0
harmony-7	Monocyte	IFNg	pDC	True	5	True	True	True	False	1.0	1.0	0.07252747252747252	0.0	0.0
harmony-7	Monocyte	none	B intermediate	True	1	False	False	False	False	0.0	0.0	0.0	0.0	0.0
harmony-7	Monocyte	none	B naive	True	3	False	True	False	False	0.8888888888888888	0.8611111111111112	0.06004901960784314	0.027777777777777752	0.08333333333333326
harmony-7	Monocyte	none	CD14 Mono	False	5	True	True	False	True	0.7508529915531825	0.759427329039554	0.05890522875816993	-0.008574337486371441	0.14684561128526652
harmony-7	Monocyte	none	CD16 Mono	False	5	True	True	True	False	0.2909005060227429	0.6190284330603621	0.05890522875816993	-0.32812792703761906	0.05128205128205132
harmony-7	Monocyte	none	CD4 Proliferating	True	1	False	False	False	False	0.0	0.0	0.0	0.0	0.0
harmony-7	Monocyte	none	CD4 TCM	False	5	False	False	False	False	0.10302759109056707	0.029846161724009362	0.05890522875816993	0.07318142936655771	0.3410981697171381
harmony-7	Monocyte	none	CD4 TEM	True	1	False	False	False	False	0.0	0.0	0.0	0.0	0.0
harmony-7	Monocyte	none	HSPC	True	5	False	True	False	False	0.7599471764872782	0.8026146804302655	0.05890522875816993	-0.04266750394298731	0.0
harmony-7	Monocyte	none	ILC	True	4	False	True	False	False	0.22041062801932365	0.26207729468599034	0.05892565359477124	-0.04166666666666667	0.043478260869565216
harmony-7	Monocyte	none	MAIT	True	2	False	True	False	False	0.6111111111111112	0.6111111111111112	0.06066176470588235	0.0	0.0
harmony-7	Monocyte	none	NK	True	5	False	True	False	False	0.7769086021505377	0.7574193548387097	0.05890522875816993	0.01948924731182796	0.08333333333333331
harmony-7	Monocyte	none	NK Proliferating	True	1	False	False	False	False	0.0	0.0	0.0	0.0	0.0
harmony-7	Monocyte	none	Plasmablast	True	5	False	True	False	False	0.9857142857142858	1.0	0.05890522875816993	-0.01428571428571428	0.0
harmony-7	Monocyte	none	Platelet	True	5	False	True	False	False	1.0	1.0	0.05890522875816993	0.0	0.0
harmony-7	Monocyte	none	cDC1	True	4	False	True	False	False	0.9642857142857143	0.9464285714285714	0.059742647058823525	0.01785714285714285	0.0714285714285714
harmony-7	Monocyte	none	cDC2	False	5	False	True	False	False	0.16586542428889123	0.2747274510208791	0.05890522875816993	-0.10886202673198786	0.0
harmony-7	Monocyte	none	gdT	True	1	False	False	False	False	0.0	0.0	0.0	0.0	0.0
harmony-7	Monocyte	none	pDC	True	4	False	True	False	False	1.0	1.0	0.05892565359477124	0.0	0.0
harmony-7	NK	IFN-L1	B naive	True	1	False	False	False	False	0.0	0.0	0.0	0.0	0.0
harmony-7	NK	IFN-L1	CD16 Mono	True	3	False	True	False	False	1.0	1.0	0.05567022130489622	0.0	0.0
harmony-7	NK	IFN-L1	CD4 Naive	True	1	False	False	False	False	0.0	0.0	0.0	0.0	0.0
harmony-7	NK	IFN-L1	CD4 TCM	True	5	False	False	False	False	0.015194805194805195	0.013896103896103896	0.0544547643618851	0.0012987012987012991	0.006493506493506496
harmony-7	NK	IFN-L1	CD4 TEM	True	5	False	True	False	False	0.6	0.6333333333333334	0.0544547643618851	-0.03333333333333335	0.0
harmony-7	NK	IFN-L1	CD8 Naive	True	4	False	True	False	False	0.9628072820037106	0.9514436456400742	0.05491056071551428	0.011363636363636381	0.045454545454545525
harmony-7	NK	IFN-L1	CD8 TCM	True	2	False	True	False	False	0.875	0.875	0.05572755417956656	0.0	0.0
harmony-7	NK	IFN-L1	CD8 TEM	True	5	False	True	False	False	0.3559553919815235	0.33461043335215607	0.0544547643618851	0.021344958629367437	0.05263157894736842
harmony-7	NK	IFN-L1	HSPC	True	5	False	True	False	False	0.9083333333333332	0.875	0.0544547643618851	0.033333333333333326	0.16666666666666663
harmony-7	NK	IFN-L1	ILC	False	5	True	True	True	False	0.1300299279241585	0.1181587759041179	0.0544547643618851	0.011871152020040581	0.033613445378151266
harmony-7	NK	IFN-L1	MAIT	True	5	False	True	False	False	0.8378461538461538	0.8224615384615385	0.0544547643618851	0.015384615384615396	0.07692307692307698
harmony-7	NK	IFN-L1	NK	False	5	True	True	True	False	0.7060223685930491	0.7495443240751026	0.0544547643618851	-0.043521955482053544	0.026001361976103476
harmony-7	NK	IFN-L1	NK Proliferating	True	4	False	True	False	False	0.19885741652983033	0.21640667761357416	0.05417956656346749	-0.017549261083743835	0.0
harmony-7	NK	IFN-L1	NK_CD56bright	False	5	True	True	True	False	0.999043062200957	1.0	0.0544547643618851	-0.0009569377990430672	0.0
harmony-7	NK	IFN-L1	Plasmablast	True	4	False	True	False	False	0.9615384615384616	0.9615384615384616	0.05491056071551428	0.0	0.0
harmony-7	NK	IFN-L1	Platelet	True	3	False	True	False	False	1.0	1.0	0.05360623781676413	0.0	0.0
harmony-7	NK	IFN-L1	Treg	True	1	False	False	False	False	0.0	0.0	0.0	0.0	0.0
harmony-7	NK	IFN-L1	dnT	True	2	False	False	False	False	0.05	0.3	0.05572755417956656	-0.25	0.0
harmony-7	NK	IFN-L1	gdT	True	5	False	False	False	False	0.0	0.0	0.0544547643618851	0.0	0.0
harmony-7	NK	IFNa	CD16 Mono	True	2	False	True	False	False	1.0	1.0	0.08333333333333333	0.0	0.0
harmony-7	NK	IFNa	CD4 TCM	False	5	True	True	False	True	0.40608063627509033	0.37638392413906796	0.08333333333333333	0.029696712136022364	0.1841541755888651
harmony-7	NK	IFNa	CD8 TEM	True	3	True	True	False	True	0.4453104050495396	0.31683156970734583	0.08333333333333333	0.12847883534219387	0.21428571428571436
harmony-7	NK	IFNa	HSPC	True	4	False	True	False	False	0.6309523809523809	0.5952380952380952	0.08333333333333333	0.0357142857142857	0.1428571428571428
harmony-7	NK	IFNa	ILC	True	2	False	False	False	False	0.06666666666666667	0.6	0.08333333333333333	-0.5333333333333333	-0.06666666666666668
harmony-7	NK	IFNa	MAIT	True	3	False	True	False	False	0.9166666666666666	0.8333333333333334	0.08333333333333333	0.08333333333333333	0.25
harmony-7	NK	IFNa	NK	False	5	True	True	True	False	0.6052411470066821	0.7183568385753625	0.08333333333333333	-0.1131156915686804	0.012584170438238118
harmony-7	NK	IFNa	NK Proliferating	True	5	False	True	False	False	0.34833333333333333	0.27555555555555555	0.08333333333333333	0.07277777777777777	0.35
harmony-7	NK	IFNa	NK_CD56bright	False	5	True	True	True	False	0.9593531977027375	0.9751185713703144	0.08333333333333333	-0.01576537366757689	0.024285714285714244
harmony-7	NK	IFNa	Plasmablast	True	3	False	True	False	False	1.0	1.0	0.08333333333333333	0.0	0.0
harmony-7	NK	IFNa	Platelet	True	3	False	True	False	False	1.0	1.0	0.08333333333333333	0.0	0.0
harmony-7	NK	IFNa	gdT	True	4	False	False	False	False	0.09530971479500891	0.16070632798573975	0.08333333333333333	-0.06539661319073083	0.0
harmony-7	NK	IFNb	B naive	True	1	False	False	False	False	0.0	0.0	0.0	0.0	0.0
harmony-7	NK	IFNb	CD4 TCM	False	5	True	False	False	False	0.09581975023675382	0.09645223088854862	0.08228438228438228	-0.0006324806517948187	0.008445945945945943
harmony-7	NK	IFNb	CD8 TEM	False	4	False	True	False	False	0.3542072960360262	0.3014326959742877	0.08202214452214451	0.052774600061738494	0.34827586206896555
harmony-7	NK	IFNb	HSPC	True	2	False	True	False	False	1.0	1.0	0.08012820512820512	0.0	0.0
harmony-7	NK	IFNb	ILC	True	1	False	False	False	False	0.0	0.0	0.0	0.0	0.0
harmony-7	NK	IFNb	MAIT	True	2	False	True	False	False	1.0	0.8928571428571428	0.08012820512820512	0.10714285714285715	0.1428571428571429
harmony-7	NK	IFNb	NK	False	5	True	True	True	False	0.5455859764805299	0.6333359091982889	0.08228438228438228	-0.08774993271775895	0.04319238181612062
harmony-7	NK	IFNb	NK Proliferating	True	4	False	True	False	False	0.38102476539508023	0.20664667666166917	0.08362470862470862	0.17437808873341107	0.4074074074074074
harmony-7	NK	IFNb	NK_CD56bright	False	5	True	True	True	False	0.9608412902972618	0.9689694185042569	0.08228438228438228	-0.008128128206994956	0.03159340659340659
harmony-7	NK	IFNb	Plasmablast	True	3	False	True	False	False	1.0	1.0	0.07905982905982906	0.0	0.0
harmony-7	NK	IFNb	Platelet	True	1	False	False	False	False	0.0	0.0	0.0	0.0	0.0
harmony-7	NK	IFNb	dnT	True	1	False	False	False	False	0.0	0.0	0.0	0.0	0.0
harmony-7	NK	IFNb	gdT	True	5	False	True	False	False	0.2758333333333333	0.20472222222222225	0.08228438228438228	0.07111111111111111	0.25
harmony-7	NK	IFNg	B memory	True	1	False	False	False	False	0.0	0.0	0.0	0.0	0.0
harmony-7	NK	IFNg	B naive	True	1	False	False	False	False	0.0	0.0	0.0	0.0	0.0
harmony-7	NK	IFNg	CD16 Mono	True	1	False	False	False	False	0.0	0.0	0.0	0.0	0.0
harmony-7	NK	IFNg	CD4 Naive	True	1	False	False	False	False	0.0	0.0	0.0	0.0	0.0
harmony-7	NK	IFNg	CD4 TCM	True	5	False	True	False	False	0.2822650221571658	0.267189635869689	0.053274853801169586	0.015075386287476789	0.036496350364963515
harmony-7	NK	IFNg	CD4 TEM	True	2	False	True	False	False	0.6607142857142857	0.6607142857142857	0.05277777777777778	0.0	0.0
harmony-7	NK	IFNg	CD8 Naive	True	4	False	True	False	False	0.8273250239693192	0.7900407478427612	0.054093567251461985	0.03728427612655805	0.09999999999999998
harmony-7	NK	IFNg	CD8 TCM	True	1	False	False	False	False	0.0	0.0	0.0	0.0	0.0
harmony-7	NK	IFNg	CD8 TEM	True	5	False	True	False	False	0.27794178411195514	0.23218246464486397	0.053274853801169586	0.04575931946709116	0.16058394160583941
harmony-7	NK	IFNg	HSPC	True	5	False	True	False	False	1.0	1.0	0.053274853801169586	0.0	0.0
harmony-7	NK	IFNg	ILC	False	5	True	True	True	False	0.13722240313001538	0.1382970459743394	0.053274853801169586	-0.001074642844324039	0.0641025641025641
harmony-7	NK	IFNg	MAIT	True	5	False	True	False	False	0.8492753623188406	0.9159420289855073	0.053274853801169586	-0.06666666666666667	0.0
harmony-7	NK	IFNg	NK	False	5	True	True	True	False	0.7127205787795716	0.7419516253526217	0.053274853801169586	-0.02923104657304996	0.08524926018666057
harmony-7	NK	IFNg	NK Proliferating	True	5	False	True	False	False	0.12319347319347318	0.16433566433566432	0.053274853801169586	-0.04114219114219114	0.0
harmony-7	NK	IFNg	NK_CD56bright	False	5	True	True	True	False	0.9983914778333117	0.9993393451318898	0.053274853801169586	-0.0009478672985782088	0.0
harmony-7	NK	IFNg	Plasmablast	True	3	False	True	False	False	1.0	1.0	0.05272904483430799	0.0	0.0
harmony-7	NK	IFNg	Platelet	True	3	False	True	False	False	0.5	0.5	0.05458089668615984	0.0	0.0
harmony-7	NK	IFNg	Treg	True	1	False	False	False	False	0.0	0.0	0.0	0.0	0.0
harmony-7	NK	IFNg	dnT	True	2	False	False	False	False	0.0	0.3333333333333333	0.05555555555555555	-0.3333333333333333	0.0
harmony-7	NK	IFNg	gdT	True	5	False	False	False	False	0.0015267175572519084	0.0	0.053274853801169586	0.0015267175572519084	0.007633587786259542
harmony-7	NK	none	B memory	True	1	False	False	False	False	0.0	0.0	0.0	0.0	0.0
harmony-7	NK	none	B naive	True	1	False	False	False	False	0.0	0.0	0.0	0.0	0.0
harmony-7	NK	none	CD16 Mono	True	2	False	True	False	False	1.0	1.0	0.05572755417956656	0.0	0.0
harmony-7	NK	none	CD4 Naive	True	1	False	False	False	False	0.0	0.0	0.0	0.0	0.0
harmony-7	NK	none	CD4 TCM	True	5	True	True	True	False	0.5944775901394366	0.5814789721463803	0.0544547643618851	0.012998617993056228	0.06818181818181812
harmony-7	NK	none	CD4 TEM	True	3	False	False	False	False	0.0	0.0	0.05567022130489622	0.0	0.0
harmony-7	NK	none	CD8 Naive	True	5	False	True	False	False	0.8831746031746033	0.869973544973545	0.0544547643618851	0.01320105820105819	0.14814814814814814
harmony-7	NK	none	CD8 TCM	True	4	False	True	False	False	0.9642857142857143	0.8571428571428572	0.05491056071551427	0.10714285714285714	0.42857142857142855
harmony-7	NK	none	CD8 TEM	True	5	False	True	False	False	0.34218439716312055	0.28889564336372847	0.0544547643618851	0.05328875379939211	0.2978723404255319
harmony-7	NK	none	HSPC	True	5	False	True	False	False	0.96	0.96	0.0544547643618851	0.0	0.0
harmony-7	NK	none	ILC	False	5	True	False	False	False	0.026692007797270954	0.04058869395711501	0.0544547643618851	-0.013896686159844055	0.009259259259259259
harmony-7	NK	none	MAIT	True	4	False	True	False	False	0.8781045751633987	0.8872549019607843	0.05417956656346749	-0.009150326797385616	0.2222222222222222
harmony-7	NK	none	NK	False	5	True	True	True	False	0.6360470859707196	0.7156393611792065	0.0544547643618851	-0.07959227520848687	0.011467008327994854
harmony-7	NK	none	NK Proliferating	True	5	False	True	False	False	0.2378500451671183	0.10651696993160406	0.0544547643618851	0.13133307523551427	0.5
harmony-7	NK	none	NK_CD56bright	False	5	True	True	True	False	0.9964601769911503	0.9990291262135923	0.0544547643618851	-0.0025689492224417964	0.004854368932038833
harmony-7	NK	none	Plasmablast	True	4	False	True	False	False	1.0	1.0	0.05491056071551427	0.0	0.0
harmony-7	NK	none	Platelet	True	3	False	False	False	False	0.04	0.04	0.05263157894736842	0.0	0.0
harmony-7	NK	none	dnT	True	3	False	False	False	False	0.0	0.0	0.05360623781676413	0.0	0.0
harmony-7	NK	none	gdT	True	5	True	False	False	False	0.07101269998350651	0.028921326076199905	0.0544547643618851	0.04209137390730661	0.13953488372093023
harmony-7	PBMC	Fresh	ASDC	True	4	False	False	False	False	0.0	0.0	0.03225806451612903	0.0	0.0
harmony-7	PBMC	Fresh	B intermediate	False	4	True	True	False	True	0.3649954017933891	0.2741264758263372	0.03225806451612903	0.0908689259670519	0.19589041095890414
harmony-7	PBMC	Fresh	B memory	True	4	True	True	False	True	0.8019673305862448	0.7719628030377261	0.03225806451612903	0.030004527548518706	0.20329670329670324
harmony-7	PBMC	Fresh	B naive	False	4	True	True	True	False	0.9799166984103532	0.9831333422215466	0.03225806451612903	-0.0032166438111934093	0.029490616621983934
harmony-7	PBMC	Fresh	CD14 Mono	False	4	True	True	True	False	0.9918180874306173	0.9915057131594934	0.03225806451612903	0.000312374271123822	0.0018368846436443986
harmony-7	PBMC	Fresh	CD16 Mono	False	4	True	True	True	False	0.22622341782871047	0.29388639974440633	0.03225806451612903	-0.06766298191569582	0.07851239669421489
harmony-7	PBMC	Fresh	CD4 CTL	True	2	False	True	False	False	0.9715189873417722	0.8924050632911392	0.03225806451612903	0.07911392405063294	0.1582278481012659
harmony-7	PBMC	Fresh	CD4 Naive	False	4	True	True	True	False	0.7185524708973362	0.7253617611024937	0.03225806451612903	-0.00680929020515747	0.07987126974839087
harmony-7	PBMC	Fresh	CD4 Proliferating	True	4	False	True	False	False	0.5104717813051146	0.5050705467372133	0.03225806451612903	0.0054012345679012586	0.08333333333333337
harmony-7	PBMC	Fresh	CD4 TCM	False	4	True	True	True	False	0.4012700429247103	0.369295722021825	0.03225806451612903	0.03197432090288528	0.08007175472928896
harmony-7	PBMC	Fresh	CD4 TEM	False	4	True	True	True	False	0.41227654512380446	0.39116970853139077	0.03225806451612903	0.021106836592413705	0.09726962457337884
harmony-7	PBMC	Fresh	CD8 Naive	False	4	True	True	True	False	0.9627001046683243	0.9649406281606272	0.03225806451612903	-0.0022405234923028317	0.003394762366634274
harmony-7	PBMC	Fresh	CD8 Proliferating	True	4	False	True	False	False	0.625	0.9583333333333334	0.03225806451612903	-0.33333333333333337	0.0
harmony-7	PBMC	Fresh	CD8 TCM	True	4	True	True	True	False	0.4889913053048646	0.48928051703475434	0.03225806451612903	-0.0002892117298896879	0.07344632768361581
harmony-7	PBMC	Fresh	CD8 TEM	False	4	True	True	False	True	0.2771507242485399	0.285610860571459	0.03225806451612903	-0.008460136322919164	0.1292466765140325
harmony-7	PBMC	Fresh	Doublet	True	4	False	True	False	False	0.19732142857142856	0.37142857142857144	0.03225806451612903	-0.17410714285714285	0.0
harmony-7	PBMC	Fresh	Eryth	True	4	False	True	False	False	0.9869565217391304	0.9869565217391304	0.03225806451612903	0.0	0.0
harmony-7	PBMC	Fresh	HSPC	True	4	False	True	False	False	0.602684766214178	0.5472302207596326	0.03225806451612903	0.05545454545454545	0.18181818181818177
harmony-7	PBMC	Fresh	ILC	True	4	True	True	True	False	0.23674414927261228	0.2610333649588868	0.03225806451612903	-0.02428921568627452	0.04166666666666666
harmony-7	PBMC	Fresh	MAIT	False	4	True	True	True	False	0.97828608689476	0.9791251444645869	0.03225806451612903	-0.000839057569826801	0.016272189349112454
harmony-7	PBMC	Fresh	NK	False	4	True	True	True	False	0.8573514263322926	0.8448019959273797	0.03225806451612903	0.012549430404912854	0.09575688073394495
harmony-7	PBMC	Fresh	NK Proliferating	True	4	False	False	False	False	0.0	0.005319148936170213	0.03225806451612903	-0.005319148936170213	0.0
harmony-7	PBMC	Fresh	NK_CD56bright	True	4	True	True	True	False	0.9978070175438596	0.9969953292321714	0.03225806451612903	0.0008116883116883189	0.0032467532467532756
harmony-7	PBMC	Fresh	Plasmablast	True	4	False	True	False	False	0.9875	0.9875	0.03225806451612903	0.0	0.0
harmony-7	PBMC	Fresh	Platelet	True	4	True	True	True	False	0.38025233933795377	0.3794183216868132	0.03225806451612903	0.0008340176511405367	0.06930693069306926
harmony-7	PBMC	Fresh	Treg	False	4	True	True	True	False	0.2467067182358525	0.2578584499887715	0.03225806451612903	-0.011151731752918961	0.013245033112582766
harmony-7	PBMC	Fresh	cDC1	True	4	False	True	False	False	0.8183261183261183	0.806962481962482	0.03225806451612903	0.011363636363636381	0.045454545454545525
harmony-7	PBMC	Fresh	cDC2	True	4	True	True	True	False	0.695974318443304	0.6919180870630651	0.03225806451612903	0.004056231380238973	0.07964601769911506
harmony-7	PBMC	Fresh	dnT	True	4	True	True	True	False	0.20966976991165603	0.22006426671919632	0.03225806451612903	-0.010394496807540288	0.038461538461538436
harmony-7	PBMC	Fresh	gdT	False	4	True	False	False	False	0.006707458870947526	0.006651522420300112	0.03225806451612903	5.59364506474134e-05	0.008695652173913044
harmony-7	PBMC	Fresh	pDC	True	4	True	True	True	False	0.997787610619469	0.997787610619469	0.03225806451612903	0.0	0.0
harmony-7	PBMC	culture_IFNa	B intermediate	False	5	True	True	False	True	0.8456491738474512	0.7607289851771505	0.041666666666666664	0.0849201886703008	0.20188425302826385
harmony-7	PBMC	culture_IFNa	B memory	False	5	True	True	False	True	0.14848651215520256	0.28504153747140265	0.041666666666666664	-0.13655502531620012	0.11751662971175167
harmony-7	PBMC	culture_IFNa	B naive	False	5	True	True	True	False	0.9184945625461302	0.9337597914087306	0.041666666666666664	-0.01526522886260051	0.045454545454545525
harmony-7	PBMC	culture_IFNa	CD14 Mono	False	5	True	True	False	True	0.5882002910730273	0.6817356377849901	0.041666666666666664	-0.09353534671196286	0.15110683349374393
harmony-7	PBMC	culture_IFNa	CD16 Mono	False	5	True	True	False	True	0.7162906508739494	0.6000798794789094	0.041666666666666664	0.11621077139504003	0.35960874568469503
harmony-7	PBMC	culture_IFNa	CD4 CTL	True	3	False	True	False	False	0.5311244979919679	0.48219192559712537	0.041666666666666664	0.048932572394842534	0.12048192771084343
harmony-7	PBMC	culture_IFNa	CD4 Naive	True	2	False	True	False	False	0.8958333333333333	0.8958333333333333	0.041666666666666664	0.0	0.0
harmony-7	PBMC	culture_IFNa	CD4 Proliferating	True	3	False	True	False	False	0.7222222222222222	0.7222222222222222	0.041666666666666664	0.0	0.0
harmony-7	PBMC	culture_IFNa	CD4 TCM	False	5	True	False	False	False	0.07329854708001526	0.08444702203019744	0.041666666666666664	-0.011148474950182174	0.028417293518729583
harmony-7	PBMC	culture_IFNa	CD4 TEM	True	4	True	False	False	False	0.0020325203252032522	0.0020325203252032522	0.041666666666666664	0.0	0.0
harmony-7	PBMC	culture_IFNa	CD8 Naive	True	5	True	True	False	True	0.8244777617565516	0.7778615228761617	0.041666666666666664	0.046616238880389835	0.16756756756756763
harmony-7	PBMC	culture_IFNa	CD8 TEM	False	5	True	True	True	False	0.6460791549232818	0.7468984187615088	0.041666666666666664	-0.10081926383822686	-0.013915243516761544
harmony-7	PBMC	culture_IFNa	Eryth	True	5	False	True	False	False	0.8469660389505875	0.8432963141799453	0.041666666666666664	0.003669724770642202	0.01834862385321101
harmony-7	PBMC	culture_IFNa	HSPC	True	5	False	True	False	False	0.7200905575905576	0.7296143671143671	0.041666666666666664	-0.009523809523809535	0.06666666666666665
harmony-7	PBMC	culture_IFNa	MAIT	True	5	True	True	True	False	0.9572741973458534	0.9676930252868076	0.041666666666666664	-0.01041882794095399	0.0062893081761006275
harmony-7	PBMC	culture_IFNa	NK	False	5	True	True	True	False	0.6714123288668302	0.6896804524735543	0.041666666666666664	-0.018268123606723908	0.08485639686684066
harmony-7	PBMC	culture_IFNa	NK Proliferating	True	2	False	False	False	False	0.0	0.07692307692307693	0.041666666666666664	-0.07692307692307693	0.0
harmony-7	PBMC	culture_IFNa	NK_CD56bright	True	5	True	True	True	False	0.9900770035438178	0.9926118347628838	0.041666666666666664	-0.002534831219065925	0.007117437722419906
harmony-7	PBMC	culture_IFNa	Plasmablast	True	5	False	True	False	False	0.9952941176470589	0.9868146503884573	0.041666666666666664	0.008479467258601558	0.02352941176470591
harmony-7	PBMC	culture_IFNa	Platelet	True	5	False	True	False	False	0.7901831501831502	0.8520879120879121	0.041666666666666664	-0.06190476190476191	0.0
harmony-7	PBMC	culture_IFNa	cDC2	True	2	False	True	False	False	1.0	1.0	0.041666666666666664	0.0	0.0
harmony-7	PBMC	culture_IFNa	dnT	True	5	False	False	False	False	0.06162117452440032	0.11162117452440032	0.041666666666666664	-0.05	0.0
harmony-7	PBMC	culture_IFNa	gdT	False	5	True	False	False	False	0.011175576845930516	0.013763685021787037	0.041666666666666664	-0.00258810817585652	0.002207505518763796
harmony-7	PBMC	culture_IFNa	pDC	True	5	True	True	True	False	0.9868218665558096	0.989209252605636	0.041666666666666664	-0.00238738604982629	0.0
harmony-7	PBMC	culture_no_stim	B intermediate	False	5	True	True	False	True	0.42953654918633877	0.24178926841843423	0.03472906403940886	0.18774728076790453	0.3764172335600907
harmony-7	PBMC	culture_no_stim	B memory	False	5	True	True	True	False	0.7292873565309788	0.8270109168840298	0.03472906403940886	-0.09772356035305105	0.005952380952381042
harmony-7	PBMC	culture_no_stim	B naive	False	5	True	True	True	False	0.9498048775975303	0.9546063037992042	0.03472906403940886	-0.0048014262016738305	0.03606853020739398
harmony-7	PBMC	culture_no_stim	CD14 Mono	False	5	True	True	False	True	0.7830117266661657	0.6769668754083362	0.03472906403940886	0.10604485125782945	0.6697588126159555
harmony-7	PBMC	culture_no_stim	CD16 Mono	False	5	False	True	False	False	0.6719377762679188	0.6954033610760246	0.03472906403940886	-0.023465584808105698	0.13357400722021662
harmony-7	PBMC	culture_no_stim	CD4 CTL	True	3	False	True	False	False	0.792484004490451	0.7502097150767578	0.03489326765188834	0.04227428941369312	0.16289592760180993
harmony-7	PBMC	culture_no_stim	CD4 Naive	False	5	True	True	False	True	0.8605255610315565	0.8455689416099936	0.03472906403940886	0.014956619421562923	0.11957743313104074
harmony-7	PBMC	culture_no_stim	CD4 Proliferating	True	2	False	True	False	False	0.7727272727272727	0.6818181818181819	0.034482758620689655	0.09090909090909088	0.18181818181818177
harmony-7	PBMC	culture_no_stim	CD4 TCM	False	5	True	False	False	False	0.06405150551787739	0.10402283412266873	0.03472906403940886	-0.039971328604791335	-0.01473826867694393
harmony-7	PBMC	culture_no_stim	CD4 TEM	False	5	True	True	True	False	0.18441504056608282	0.19801055219187305	0.03472906403940886	-0.01359551162579023	0.037735849056603765
harmony-7	PBMC	culture_no_stim	CD8 Naive	False	5	True	True	True	False	0.9302760548204304	0.9396932612750131	0.03472906403940886	-0.009417206454582772	0.044805709754163425
harmony-7	PBMC	culture_no_stim	CD8 Proliferating	True	1	False	False	False	False	0.0	0.0	0.0	0.0	0.0
harmony-7	PBMC	culture_no_stim	CD8 TCM	True	5	False	True	False	False	0.25164555403881933	0.26895366427610934	0.03472906403940886	-0.01730811023728998	0.12113402061855669
harmony-7	PBMC	culture_no_stim	CD8 TEM	False	5	True	True	True	False	0.23025011664211492	0.22117025854763744	0.03472906403940886	0.009079858094477561	0.05528612997090203
harmony-7	PBMC	culture_no_stim	Eryth	True	4	False	True	False	False	0.9850446428571429	0.9850446428571429	0.03479064039408867	0.0	0.0
harmony-7	PBMC	culture_no_stim	HSPC	True	5	True	True	True	False	0.12182415666286632	0.15996807725839984	0.03472906403940886	-0.0381439205955335	0.0
harmony-7	PBMC	culture_no_stim	ILC	True	5	False	False	False	False	0.0	0.0	0.03472906403940886	0.0	0.0
harmony-7	PBMC	culture_no_stim	MAIT	False	5	True	True	True	False	0.9597937778190383	0.9578422765808371	0.03472906403940886	0.0019515012382012476	0.015748031496063075
harmony-7	PBMC	culture_no_stim	NK	False	5	True	True	True	False	0.649399511178871	0.6832172407272432	0.03472906403940886	-0.03381772954837229	0.09923664122137399
harmony-7	PBMC	culture_no_stim	NK Proliferating	True	4	False	False	False	False	0.0	0.0	0.03479064039408867	0.0	0.0
harmony-7	PBMC	culture_no_stim	NK_CD56bright	True	5	True	True	True	False	0.9900709219858156	0.9985815602836879	0.03472906403940886	-0.00851063829787233	0.0
harmony-7	PBMC	culture_no_stim	Plasmablast	True	5	False	True	False	False	0.7453198198198198	0.7342837837837838	0.03472906403940886	0.011036036036036024	0.04166666666666663
harmony-7	PBMC	culture_no_stim	Platelet	True	5	False	True	False	False	0.1069187675070028	0.08310924369747899	0.03472906403940886	0.023809523809523808	0.07142857142857142
harmony-7	PBMC	culture_no_stim	Treg	False	5	True	True	True	False	0.4239990862576054	0.44145318108925624	0.03472906403940886	-0.01745409483165079	0.02931596091205213
harmony-7	PBMC	culture_no_stim	cDC1	True	2	False	False	False	False	0.0	0.0	0.035098522167487683	0.0	0.0
harmony-7	PBMC	culture_no_stim	cDC2	True	5	False	True	False	False	0.8999216500300171	0.9064257150706677	0.03472906403940886	-0.006504065040650398	0.0
harmony-7	PBMC	culture_no_stim	dnT	True	5	False	False	False	False	0.010344827586206896	0.018028780885147977	0.03472906403940886	-0.0076839532989410805	0.0
harmony-7	PBMC	culture_no_stim	gdT	False	5	True	False	False	False	0.006902514935702231	0.007574709462402131	0.03472906403940886	-0.000672194526699901	0.0024509803921568644
harmony-7	PBMC	culture_no_stim	pDC	True	5	False	True	False	False	0.9303875968992248	0.9096640826873387	0.03472906403940886	0.020723514211886295	0.08139534883720922
harmony-7	Tcell	IFN-L1	ASDC	True	1	False	False	False	False	0.0	0.0	0.0	0.0	0.0
harmony-7	Tcell	IFN-L1	B intermediate	True	4	False	True	False	False	0.875	0.775	0.03571428571428571	0.09999999999999998	0.19999999999999996
harmony-7	Tcell	IFN-L1	B naive	True	4	False	True	False	False	0.928125	0.9015625	0.0364010989010989	0.026562500000000017	0.07500000000000007
harmony-7	Tcell	IFN-L1	CD14 Mono	True	5	False	True	False	False	0.8041428571428572	0.7142857142857142	0.03626373626373626	0.08985714285714286	0.375
harmony-7	Tcell	IFN-L1	CD16 Mono	True	2	False	True	False	False	1.0	1.0	0.03571428571428571	0.0	0.0
harmony-7	Tcell	IFN-L1	CD4 CTL	True	2	True	True	False	True	0.8219114528101803	0.7670996818663839	0.03708791208791209	0.054811770943796356	0.15853658536585358
harmony-7	Tcell	IFN-L1	CD4 Naive	False	5	True	True	False	True	0.9085972815549358	0.8661750332967666	0.03626373626373626	0.042422248258169294	0.1887905604719764
harmony-7	Tcell	IFN-L1	CD4 Proliferating	True	3	False	False	False	False	0.0	0.0	0.03663003663003663	0.0	0.0
harmony-7	Tcell	IFN-L1	CD4 TCM	False	5	True	True	True	False	0.317578258426773	0.3170007895284458	0.03626373626373626	0.0005774688983271991	0.054771784232365145
harmony-7	Tcell	IFN-L1	CD4 TEM	False	5	True	True	True	False	0.46284193068980956	0.47334647459047385	0.03626373626373626	-0.010504543900664276	0.05190311418685123
harmony-7	Tcell	IFN-L1	CD8 Naive	False	5	True	True	True	False	0.9823280580586552	0.980872027390253	0.03626373626373626	0.001456030668402275	0.016197183098591528
harmony-7	Tcell	IFN-L1	CD8 TCM	False	5	True	True	False	True	0.33099485311713694	0.2704636996493694	0.03626373626373626	0.06053115346776753	0.18811881188118812
harmony-7	Tcell	IFN-L1	CD8 TEM	False	5	True	True	False	True	0.10565866175407261	0.05544049970926298	0.03626373626373626	0.050218162044809646	0.11400651465798045
harmony-7	Tcell	IFN-L1	Eryth	True	1	False	False	False	False	0.0	0.0	0.0	0.0	0.0
harmony-7	Tcell	IFN-L1	HSPC	True	5	False	True	False	False	0.6669597069597069	0.6076841676841677	0.03626373626373626	0.059275539275539246	0.23076923076923073
harmony-7	Tcell	IFN-L1	ILC	True	5	False	True	False	False	0.09166666666666666	0.12999999999999998	0.03626373626373626	-0.03833333333333333	0.0
harmony-7	Tcell	IFN-L1	MAIT	False	5	True	True	True	False	0.9871478577928368	0.9844052057080794	0.03626373626373626	0.0027426520847573686	0.008928571428571508
harmony-7	Tcell	IFN-L1	NK	False	5	True	True	True	False	0.6380667824899409	0.695937416643585	0.03626373626373626	-0.057870634153644206	0.06557377049180324
harmony-7	Tcell	IFN-L1	NK Proliferating	True	2	False	True	False	False	1.0	1.0	0.03571428571428571	0.0	0.0
harmony-7	Tcell	IFN-L1	NK_CD56bright	True	4	False	True	False	False	1.0	1.0	0.0364010989010989	0.0	0.0
harmony-7	Tcell	IFN-L1	Plasmablast	True	5	False	True	False	False	0.8872727272727273	0.8872727272727273	0.03626373626373626	0.0	0.0
harmony-7	Tcell	IFN-L1	Platelet	True	3	False	True	False	False	0.10416666666666667	0.0625	0.03571428571428571	0.041666666666666664	0.125
harmony-7	Tcell	IFN-L1	Treg	False	5	True	True	True	False	0.3338086564013688	0.3255646905954544	0.03626373626373626	0.008243965805914393	0.04980842911877392
harmony-7	Tcell	IFN-L1	cDC1	True	2	False	True	False	False	0.8333333333333333	0.8333333333333333	0.03571428571428571	0.0	0.0
harmony-7	Tcell	IFN-L1	cDC2	True	5	False	True	False	False	0.8923308270676692	0.8923308270676692	0.03626373626373626	0.0	0.0
harmony-7	Tcell	IFN-L1	dnT	True	5	False	False	False	False	0.002898550724637681	0.009350163627863489	0.03626373626373626	-0.0064516129032258064	0.0
harmony-7	Tcell	IFN-L1	gdT	False	5	True	False	False	False	0.022238770277326007	0.020309405806999435	0.03626373626373626	0.00192936447032657	0.02032520325203252
harmony-7	Tcell	IFN-L1	pDC	True	5	False	True	False	False	0.9846153846153847	0.9846153846153847	0.03626373626373626	0.0	0.0
harmony-7	Tcell	IFNa	B memory	True	1	False	False	False	False	0.0	0.0	0.0	0.0	0.0
harmony-7	Tcell	IFNa	B naive	True	2	False	True	False	False	0.5	0.5	0.04195804195804196	0.0	0.0
harmony-7	Tcell	IFNa	CD14 Mono	True	2	False	True	False	False	0.5	0.0	0.039230769230769236	0.5	1.0
harmony-7	Tcell	IFNa	CD16 Mono	True	1	False	False	False	False	0.0	0.0	0.0	0.0	0.0
harmony-7	Tcell	IFNa	CD4 CTL	True	2	True	True	False	True	0.7361757105943152	0.7039621016365203	0.04195804195804196	0.032213608957795015	0.11627906976744184
harmony-7	Tcell	IFNa	CD4 Naive	True	4	False	True	False	False	0.41097818437719913	0.49861453201970446	0.04139568764568765	-0.08763634764250527	0.10204081632653061
harmony-7	Tcell	IFNa	CD4 Proliferating	True	4	False	True	False	False	0.4583333333333333	0.4583333333333333	0.041011072261072264	0.0	0.0
harmony-7	Tcell	IFNa	CD4 TCM	False	5	True	False	False	False	0.06946695479467252	0.08100304171129619	0.04080885780885781	-0.011536086916623663	0.01202976857987563
harmony-7	Tcell	IFNa	CD4 TEM	True	5	False	False	False	False	0.013636363636363636	0.012121212121212121	0.04080885780885781	0.0015151515151515138	0.007575757575757569
harmony-7	Tcell	IFNa	CD8 Naive	False	5	True	True	True	False	0.9519373718032818	0.9510899990098519	0.04080885780885781	0.000847372793429857	0.021235521235521304
harmony-7	Tcell	IFNa	CD8 TCM	True	4	False	True	False	False	0.45276126824330776	0.4821096681015886	0.04139568764568765	-0.029348399858280888	0.2345679012345679
harmony-7	Tcell	IFNa	CD8 TEM	False	5	True	True	False	True	0.44073410190104684	0.5154685469221684	0.04080885780885781	-0.07473444502112148	0.15355628827131418
harmony-7	Tcell	IFNa	HSPC	True	5	False	True	False	False	0.7089822595704949	0.7298910675381264	0.04080885780885781	-0.020908807967631515	0.033333333333333326
harmony-7	Tcell	IFNa	ILC	True	1	False	False	False	False	0.0	0.0	0.0	0.0	0.0
harmony-7	Tcell	IFNa	MAIT	False	5	True	True	True	False	0.9736634755636528	0.9721191747250456	0.04080885780885781	0.001544300838607171	0.01744186046511631
harmony-7	Tcell	IFNa	NK	True	5	False	True	False	False	0.6838461538461539	0.664551282051282	0.04080885780885781	0.01929487179487177	0.1875
harmony-7	Tcell	IFNa	NK Proliferating	True	1	False	False	False	False	0.0	0.0	0.0	0.0	0.0
harmony-7	Tcell	IFNa	NK_CD56bright	True	1	False	False	False	False	0.0	0.0	0.0	0.0	0.0
harmony-7	Tcell	IFNa	Plasmablast	True	5	False	True	False	False	0.8925925925925926	0.8925925925925926	0.04080885780885781	0.0	0.0
harmony-7	Tcell	IFNa	Platelet	True	1	False	False	False	False	0.0	0.0	0.0	0.0	0.0
harmony-7	Tcell	IFNa	Treg	True	3	False	True	False	False	0.7037037037037037	0.6666666666666666	0.03952991452991453	0.037037037037037035	0.1111111111111111
harmony-7	Tcell	IFNa	cDC1	True	1	False	False	False	False	0.0	0.0	0.0	0.0	0.0
harmony-7	Tcell	IFNa	cDC2	True	3	False	True	False	False	0.16666666666666666	0.47222222222222227	0.038974358974358976	-0.3055555555555556	0.08333333333333331
harmony-7	Tcell	IFNa	dnT	True	5	False	False	False	False	0.04444444444444444	0.04444444444444444	0.04080885780885781	0.0	0.0
harmony-7	Tcell	IFNa	gdT	False	5	True	False	False	False	0.06296079815391051	0.07108803793640431	0.04080885780885781	-0.008127239782493802	0.020408163265306124
harmony-7	Tcell	IFNa	pDC	True	5	False	True	False	False	1.0	1.0	0.04080885780885781	0.0	0.0
harmony-7	Tcell	IFNb	B intermediate	True	2	False	True	False	False	1.0	1.0	0.04	0.0	0.0
harmony-7	Tcell	IFNb	B memory	True	1	False	False	False	False	0.0	0.0	0.0	0.0	0.0
harmony-7	Tcell	IFNb	CD14 Mono	True	2	False	True	False	False	0.5	0.5	0.04	0.0	0.0
harmony-7	Tcell	IFNb	CD4 CTL	True	3	False	True	False	False	0.656236559139785	0.6286021505376344	0.042373737373737376	0.027634408602150513	0.41290322580645156
harmony-7	Tcell	IFNb	CD4 Naive	True	3	False	True	False	False	0.7345679012345679	0.7170240415854451	0.04181818181818182	0.017543859649122823	0.052631578947368474
harmony-7	Tcell	IFNb	CD4 Proliferating	True	4	False	True	False	False	0.25	0.25	0.041363636363636366	0.0	0.0
harmony-7	Tcell	IFNb	CD4 TCM	False	5	True	True	True	False	0.12679421167212776	0.13659393425147073	0.04142424242424243	-0.009799722579342945	0.009257594822937268
harmony-7	Tcell	IFNb	CD4 TEM	True	5	False	True	False	False	0.18118149234278266	0.18217139133268168	0.04142424242424243	-0.0009898989898989908	0.03999999999999998
harmony-7	Tcell	IFNb	CD8 Naive	False	5	True	True	True	False	0.8033480392873369	0.80337103843728	0.04142424242424243	-2.2999149943303543e-05	0.02631578947368418
harmony-7	Tcell	IFNb	CD8 TCM	True	4	False	True	False	False	0.4473537522736607	0.45701803281894815	0.04041666666666667	-0.00966428054528741	0.2564102564102564
harmony-7	Tcell	IFNb	CD8 TEM	False	5	True	True	True	False	0.41687332954840894	0.4739824221707153	0.04142424242424243	-0.057109092622306366	0.02400000000000002
harmony-7	Tcell	IFNb	Eryth	True	1	False	False	False	False	0.0	0.0	0.0	0.0	0.0
harmony-7	Tcell	IFNb	HSPC	True	5	False	True	False	False	0.45445022813443875	0.5121425358267464	0.04142424242424243	-0.05769230769230769	0.05263157894736842
harmony-7	Tcell	IFNb	ILC	True	2	False	False	False	False	0.0	0.0	0.04083333333333333	0.0	0.0
harmony-7	Tcell	IFNb	MAIT	False	5	True	True	True	False	0.9700359039486767	0.9756715801985816	0.04142424242424243	-0.0056356762499051305	0.006849315068493178
harmony-7	Tcell	IFNb	NK	True	5	False	True	False	False	0.6096884702293188	0.6518470693830091	0.04142424242424243	-0.04215859915369029	0.11111111111111116
harmony-7	Tcell	IFNb	NK Proliferating	True	1	False	False	False	False	0.0	0.0	0.0	0.0	0.0
harmony-7	Tcell	IFNb	NK_CD56bright	True	2	False	True	False	False	0.5	0.5	0.04083333333333333	0.0	0.0
harmony-7	Tcell	IFNb	Plasmablast	True	4	False	True	False	False	0.9642857142857143	0.956221198156682	0.041363636363636366	0.008064516129032251	0.032258064516129004
harmony-7	Tcell	IFNb	Platelet	True	1	False	False	False	False	0.0	0.0	0.0	0.0	0.0
harmony-7	Tcell	IFNb	Treg	True	2	False	True	False	False	0.25	0.25	0.04	0.0	0.0
harmony-7	Tcell	IFNb	cDC2	True	3	False	True	False	False	1.0	1.0	0.04055555555555556	0.0	0.0
harmony-7	Tcell	IFNb	dnT	True	5	False	True	False	False	0.2010170807453416	0.1814337474120083	0.04142424242424243	0.01958333333333333	0.06666666666666665
harmony-7	Tcell	IFNb	gdT	False	5	True	False	False	False	0.07004278049328468	0.05023193120461912	0.04142424242424243	0.019810849288665545	0.0425531914893617
harmony-7	Tcell	IFNb	pDC	True	5	False	True	False	False	1.0	1.0	0.04142424242424243	0.0	0.0
harmony-7	Tcell	IFNg	ASDC	True	1	False	False	False	False	0.0	0.0	0.0	0.0	0.0
harmony-7	Tcell	IFNg	B intermediate	True	5	False	True	False	False	0.21884057971014492	0.125	0.03552482000757863	0.09384057971014492	0.3333333333333333
harmony-7	Tcell	IFNg	B memory	True	1	False	False	False	False	0.0	0.0	0.0	0.0	0.0
harmony-7	Tcell	IFNg	B naive	True	5	False	True	False	False	0.8866666666666667	0.8933333333333333	0.03552482000757863	-0.006666666666666665	0.033333333333333326
harmony-7	Tcell	IFNg	CD14 Mono	True	4	False	True	False	False	0.6125	0.5722222222222222	0.03547745358090186	0.0402777777777778	0.11111111111111116
harmony-7	Tcell	IFNg	CD16 Mono	True	2	False	True	False	False	0.25	0.25	0.035098522167487683	0.0	0.0
harmony-7	Tcell	IFNg	CD4 CTL	False	3	False	True	False	False	0.9520831827272946	0.9321308947203546	0.036219527598837946	0.019952288006939933	0.09433962264150952
harmony-7	Tcell	IFNg	CD4 Naive	False	5	True	True	False	True	0.8860983917954929	0.8637920543963696	0.03552482000757863	0.022306337399123178	0.14953271028037385
harmony-7	Tcell	IFNg	CD4 Proliferating	True	4	False	False	False	False	0.014705882352941176	0.2647058823529412	0.03547745358090186	-0.25	0.0
harmony-7	Tcell	IFNg	CD4 TCM	False	5	True	True	True	False	0.17655173658761866	0.17072385009775884	0.03552482000757863	0.005827886489859824	0.0367933723196881
harmony-7	Tcell	IFNg	CD4 TEM	False	5	True	True	True	False	0.47556607058504075	0.49499828227578896	0.03552482000757863	-0.01943221169074828	0.014634146341463428
harmony-7	Tcell	IFNg	CD8 Naive	False	5	True	True	True	False	0.978364745536952	0.9794866086411244	0.03552482000757863	-0.0011218631041723048	0.016265912305516328
harmony-7	Tcell	IFNg	CD8 TCM	False	5	True	True	False	True	0.37234500972796825	0.39291506926943964	0.03552482000757863	-0.020570059541471335	0.14590747330960852
harmony-7	Tcell	IFNg	CD8 TEM	False	5	True	True	True	False	0.5744784757177764	0.6637949561811867	0.03552482000757863	-0.0893164804634102	-0.01789401238816246
harmony-7	Tcell	IFNg	Eryth	True	1	False	False	False	False	0.0	0.0	0.0	0.0	0.0
harmony-7	Tcell	IFNg	HSPC	True	5	False	True	False	False	0.42440476190476195	0.3979166666666667	0.03552482000757863	0.026488095238095245	0.15625
harmony-7	Tcell	IFNg	ILC	True	5	False	True	False	False	0.23232323232323232	0.15757575757575756	0.03552482000757863	0.07474747474747474	0.2222222222222222
harmony-7	Tcell	IFNg	MAIT	False	5	True	True	True	False	0.9916129481298428	0.9920988415467707	0.03552482000757863	-0.00048589341692790723	0.011363636363636354
harmony-7	Tcell	IFNg	NK	False	5	True	True	True	False	0.5044386346957981	0.5669368931746807	0.03552482000757863	-0.06249825847888245	0.0
harmony-7	Tcell	IFNg	NK Proliferating	True	2	False	False	False	False	0.0	0.0	0.03647214854111406	0.0	0.0
harmony-7	Tcell	IFNg	NK_CD56bright	True	1	False	False	False	False	0.0	0.0	0.0	0.0	0.0
harmony-7	Tcell	IFNg	Plasmablast	True	5	False	True	False	False	0.6625	0.6847222222222222	0.03552482000757863	-0.02222222222222221	0.0
harmony-7	Tcell	IFNg	Platelet	True	2	False	True	False	False	0.6666666666666666	0.8333333333333333	0.03647214854111406	-0.16666666666666666	0.0
harmony-7	Tcell	IFNg	Treg	False	5	True	True	True	False	0.6547656060506146	0.6563489683083206	0.03552482000757863	-0.0015833622577060336	0.043165467625899234
harmony-7	Tcell	IFNg	cDC1	True	5	False	True	False	False	0.6666666666666666	0.6666666666666666	0.03552482000757863	0.0	0.0
harmony-7	Tcell	IFNg	cDC2	True	5	False	True	False	False	0.8929971988795519	0.8929971988795519	0.03552482000757863	0.0	0.0
harmony-7	Tcell	IFNg	dnT	True	5	False	False	False	False	0.017823639774859287	0.028047593036787232	0.03552482000757863	-0.010223953261927946	0.0
harmony-7	Tcell	IFNg	gdT	False	5	True	False	False	False	0.022047427424053558	0.01905066502230537	0.03552482000757863	0.0029967624017481847	0.02531645569620253
harmony-7	Tcell	IFNg	pDC	True	5	False	True	False	False	0.9333333333333332	0.9333333333333332	0.03552482000757863	0.0	0.0
harmony-7	Tcell	none	ASDC	True	2	False	False	False	False	0.0	0.0	0.03333333333333333	0.0	0.0
harmony-7	Tcell	none	B intermediate	True	4	False	True	False	False	0.7146464646464646	0.6502525252525253	0.03362068965517241	0.06439393939393939	0.2222222222222222
harmony-7	Tcell	none	B memory	True	2	False	False	False	False	0.0	0.0	0.0339080459770115	0.0	0.0
harmony-7	Tcell	none	B naive	True	3	False	True	False	False	0.8690476190476191	0.8888888888888888	0.03371647509578544	-0.01984126984126977	0.04761904761904767
harmony-7	Tcell	none	CD14 Mono	True	5	False	True	False	False	0.9117480220928498	0.9064935064935066	0.033563218390804596	0.005254515599343157	0.1428571428571428
harmony-7	Tcell	none	CD16 Mono	True	5	False	True	False	False	0.37333333333333335	0.16666666666666666	0.033563218390804596	0.20666666666666664	0.5
harmony-7	Tcell	none	CD4 CTL	False	5	False	True	False	False	0.8942402980611099	0.9056917669148309	0.033563218390804596	-0.011451468853720859	0.05521472392638038
harmony-7	Tcell	none	CD4 Naive	False	5	True	True	False	True	0.9030158184722195	0.8795661233839456	0.033563218390804596	0.0234496950882739	0.10842490842490837
harmony-7	Tcell	none	CD4 Proliferating	True	4	False	True	False	False	0.2781045751633987	0.14869281045751634	0.03362068965517241	0.12941176470588234	0.4
harmony-7	Tcell	none	CD4 TCM	False	5	True	True	True	False	0.5476637694043843	0.5563526996681815	0.033563218390804596	-0.008688930263797112	0.028888623612271735
harmony-7	Tcell	none	CD4 TEM	False	5	True	True	True	False	0.40783509128614853	0.4137986539496542	0.033563218390804596	-0.005963562663505728	0.02981466559226431
harmony-7	Tcell	none	CD8 Naive	False	5	True	True	True	False	0.979260096266031	0.9791861389568934	0.033563218390804596	7.395730913759558e-05	0.018049959709911412
harmony-7	Tcell	none	CD8 Proliferating	True	2	False	True	False	False	0.3333333333333333	0.3333333333333333	0.03333333333333333	0.0	0.0
harmony-7	Tcell	none	CD8 TCM	False	5	True	True	False	True	0.25598407316902344	0.24022017615586969	0.033563218390804596	0.015763897013153748	0.15372670807453417
harmony-7	Tcell	none	CD8 TEM	False	5	True	True	True	False	0.35603048294862993	0.3791641366604977	0.033563218390804596	-0.023133653711867774	0.06996855345911951
harmony-7	Tcell	none	Eryth	True	1	False	False	False	False	0.0	0.0	0.0	0.0	0.0
harmony-7	Tcell	none	HSPC	True	5	True	True	True	False	0.2826620177673644	0.33904641898964033	0.033563218390804596	-0.05638440122227593	0.0
harmony-7	Tcell	none	ILC	True	5	False	False	False	False	0.03518518518518519	0.030092592592592594	0.033563218390804596	0.005092592592592593	0.0625
harmony-7	Tcell	none	MAIT	False	5	True	True	True	False	0.990609688016548	0.9927238909620376	0.033563218390804596	-0.002114202945489563	0.0
harmony-7	Tcell	none	NK	True	5	True	True	True	False	0.6424468194385252	0.6475346468653356	0.033563218390804596	-0.005087827426810488	0.07727272727272727
harmony-7	Tcell	none	NK Proliferating	True	3	False	False	False	False	0.0	0.0	0.03371647509578544	0.0	0.0
harmony-7	Tcell	none	NK_CD56bright	True	3	False	True	False	False	1.0	1.0	0.03333333333333333	0.0	0.0
harmony-7	Tcell	none	Plasmablast	True	5	False	True	False	False	0.8833333333333334	0.8833333333333334	0.033563218390804596	0.0	0.0
harmony-7	Tcell	none	Platelet	True	5	False	True	False	False	1.0	1.0	0.033563218390804596	0.0	0.0
harmony-7	Tcell	none	Treg	False	5	True	True	True	False	0.17820867331965246	0.19173366334229974	0.033563218390804596	-0.013524990022647291	0.04115853658536586
harmony-7	Tcell	none	cDC1	True	5	False	True	False	False	0.4523809523809524	0.3	0.033563218390804596	0.15238095238095237	0.42857142857142855
harmony-7	Tcell	none	cDC2	True	5	False	True	False	False	0.7631490015360982	0.7560522273425498	0.033563218390804596	0.0070967741935483945	0.09999999999999998
harmony-7	Tcell	none	dnT	True	5	False	False	False	False	0.01563097033685269	0.027585571997336706	0.033563218390804596	-0.011954601660484013	0.013888888888888888
harmony-7	Tcell	none	gdT	False	5	True	False	False	False	0.007171120297495173	0.007132497305418659	0.033563218390804596	3.862299207651534e-05	0.005649717514124294
harmony-7	Tcell	none	pDC	True	5	False	True	False	False	0.875	0.875	0.033563218390804596	0.0	0.0
harmony-19	Bcell	IFN-L1	ASDC	True	1	False	False	False	False	0.0	0.0	0.0	0.0	0.0
harmony-19	Bcell	IFN-L1	B intermediate	False	5	True	True	False	True	0.44231796582834065	0.29164273022010073	0.05620915032679739	0.15067523560823992	0.2938699110903135
harmony-19	Bcell	IFN-L1	B memory	False	5	True	True	True	False	0.812103740163572	0.8671645518413692	0.05620915032679739	-0.055060811677797236	0.012406947890818865
harmony-19	Bcell	IFN-L1	B naive	False	5	True	True	True	False	0.9291028918718238	0.9400588135639796	0.05620915032679739	-0.01095592169215578	0.0399649430324277
harmony-19	Bcell	IFN-L1	CD16 Mono	True	3	False	True	False	False	1.0	0.9444444444444445	0.056644880174291944	0.055555555555555546	0.16666666666666663
harmony-19	Bcell	IFN-L1	CD4 TCM	False	5	True	False	False	False	0.08259071477671778	0.1004628024905609	0.05620915032679739	-0.01787208771384311	0.005235602094240836
harmony-19	Bcell	IFN-L1	CD4 TEM	True	3	False	True	False	False	0.3446054750402577	0.40418679549114334	0.056644880174291944	-0.059581320450885676	0.043478260869565244
harmony-19	Bcell	IFN-L1	CD8 Naive	True	2	False	True	False	False	0.15	0.15	0.05555555555555555	0.0	0.0
harmony-19	Bcell	IFN-L1	HSPC	False	5	True	True	True	False	0.8003653763614246	0.8070078765236233	0.05620915032679739	-0.006642500162198672	0.009803921568627416
harmony-19	Bcell	IFN-L1	ILC	True	5	True	True	False	True	0.37187403993855606	0.35200460829493085	0.05620915032679739	0.01986943164362519	0.15714285714285714
harmony-19	Bcell	IFN-L1	MAIT	True	4	False	True	False	False	0.9821428571428572	0.9821428571428572	0.056372549019607844	0.0	0.0
harmony-19	Bcell	IFN-L1	NK	True	5	False	True	False	False	0.825389354144168	0.8384815358178643	0.05620915032679739	-0.013092181673696435	0.375
harmony-19	Bcell	IFN-L1	NK Proliferating	True	2	False	False	False	False	0.0	0.0	0.05718954248366013	0.0	0.0
harmony-19	Bcell	IFN-L1	Plasmablast	False	5	True	True	True	False	0.8423219734122209	0.8352466165080752	0.05620915032679739	0.007075356904145735	0.0368421052631579
harmony-19	Bcell	IFN-L1	cDC1	True	4	False	True	False	False	0.9375	0.9375	0.056372549019607844	0.0	0.0
harmony-19	Bcell	IFN-L1	cDC2	True	5	False	True	False	False	0.7565441176470589	0.7659803921568626	0.05620915032679739	-0.00943627450980391	0.0625
harmony-19	Bcell	IFN-L1	gdT	True	2	False	False	False	False	0.0	0.0	0.05555555555555555	0.0	0.0
harmony-19	Bcell	IFN-L1	pDC	True	5	False	True	False	False	1.0	1.0	0.05620915032679739	0.0	0.0
harmony-19	Bcell	IFNa	B intermediate	False	5	True	True	False	True	0.5423593837022727	0.3933986311637705	0.07532467532467532	0.1489607525385021	0.37316094516272846
harmony-19	Bcell	IFNa	B memory	False	5	True	True	True	False	0.7508916817013235	0.8037299705930673	0.07532467532467532	-0.05283828889174378	0.006766381766381668
harmony-19	Bcell	IFNa	B naive	False	5	True	True	True	False	0.932645509731197	0.9430313730183111	0.07532467532467532	-0.010385863287114128	0.08219692230701858
harmony-19	Bcell	IFNa	CD14 Mono	True	3	False	True	False	False	0.7083333333333334	0.625	0.07792207792207792	0.08333333333333333	0.25
harmony-19	Bcell	IFNa	CD4 Proliferating	True	1	False	False	False	False	0.0	0.0	0.0	0.0	0.0
harmony-19	Bcell	IFNa	CD4 TCM	False	5	True	True	True	False	0.3570149728645371	0.36067466084555067	0.07532467532467532	-0.0036596879810135903	0.055555555555555525
harmony-19	Bcell	IFNa	CD8 Naive	True	2	False	True	False	False	0.42021276595744683	0.6914893617021276	0.07142857142857142	-0.2712765957446809	-0.04255319148936171
harmony-19	Bcell	IFNa	HSPC	False	5	True	True	True	False	0.8055468365979556	0.8148033073408424	0.07532467532467532	-0.009256470742887069	0.014440433212996373
harmony-19	Bcell	IFNa	ILC	True	1	False	False	False	False	0.0	0.0	0.0	0.0	0.0
harmony-19	Bcell	IFNa	NK	True	5	False	True	False	False	0.8336729936729939	0.8822444222444222	0.07532467532467532	-0.04857142857142856	0.0
harmony-19	Bcell	IFNa	Plasmablast	False	5	True	True	True	False	0.8916348357524828	0.8888897377132672	0.07532467532467532	0.002745098039215699	0.013725490196078494
harmony-19	Bcell	IFNa	cDC2	True	5	True	True	False	True	0.5137540672386033	0.5175419460264821	0.07532467532467532	-0.00378787878787879	0.20833333333333334
harmony-19	Bcell	IFNa	dnT	True	1	False	False	False	False	0.0	0.0	0.0	0.0	0.0
harmony-19	Bcell	IFNa	pDC	True	5	False	True	False	False	1.0	1.0	0.07532467532467532	0.0	0.0
harmony-19	Bcell	IFNb	B intermediate	False	5	True	True	False	True	0.6593985728072058	0.5890572385634162	0.06857142857142857	0.07034133424378977	0.3528922180607574
harmony-19	Bcell	IFNb	B memory	False	5	True	True	False	True	0.6806325257008237	0.693923642092442	0.06857142857142857	-0.01329111639161824	0.17443120260021672
harmony-19	Bcell	IFNb	B naive	False	5	True	True	True	False	0.9101777256988368	0.9295168705173747	0.06857142857142857	-0.019339144818537934	0.05737463126843667
harmony-19	Bcell	IFNb	CD14 Mono	True	3	False	True	False	False	0.13333333333333333	0.06666666666666667	0.06984126984126984	0.06666666666666667	0.2
harmony-19	Bcell	IFNb	CD4 TCM	False	5	True	True	True	False	0.5926186664870862	0.5782124415378846	0.06857142857142857	0.01440622494920164	0.04186046511627911
harmony-19	Bcell	IFNb	CD8 Naive	True	3	False	True	False	False	0.7888888888888889	0.6407407407407407	0.06984126984126983	0.14814814814814814	0.4
harmony-19	Bcell	IFNb	HSPC	False	5	True	True	False	True	0.7794736237363067	0.7468241814790888	0.06857142857142857	0.032649442257217866	0.1889763779527559
harmony-19	Bcell	IFNb	ILC	True	2	False	True	False	False	0.6153846153846154	0.6153846153846154	0.07142857142857142	0.0	0.0
harmony-19	Bcell	IFNb	NK	True	5	False	True	False	False	0.8521304048064613	0.7839092258810568	0.06857142857142857	0.06822117892540427	0.20000000000000007
harmony-19	Bcell	IFNb	NK Proliferating	True	1	False	False	False	False	0.0	0.0	0.0	0.0	0.0
harmony-19	Bcell	IFNb	NK_CD56bright	True	2	False	True	False	False	0.5	0.5	0.06904761904761905	0.0	0.0
harmony-19	Bcell	IFNb	Plasmablast	False	5	True	True	True	False	0.8396874097821477	0.8427384027971156	0.06857142857142857	-0.0030509930149678955	0.01835985312117494
harmony-19	Bcell	IFNb	cDC1	True	1	False	False	False	False	0.0	0.0	0.0	0.0	0.0
harmony-19	Bcell	IFNb	cDC2	True	5	False	True	False	False	0.6925137711374101	0.7692287469828207	0.06857142857142857	-0.07671497584541062	0.0608695652173914
harmony-19	Bcell	IFNb	pDC	True	5	False	True	False	False	1.0	1.0	0.06857142857142857	0.0	0.0
harmony-19	Bcell	IFNg	ASDC	True	1	False	False	False	False	0.0	0.0	0.0	0.0	0.0
harmony-19	Bcell	IFNg	B intermediate	False	5	True	True	False	True	0.3103886953515568	0.22750427913235774	0.04692759566901443	0.08288441621919904	0.2294337606837607
harmony-19	Bcell	IFNg	B memory	False	5	True	True	True	False	0.8762189530642622	0.884790928007965	0.04692759566901443	-0.008571974943702787	0.09827213822894165
harmony-19	Bcell	IFNg	B naive	False	5	True	True	True	False	0.975320137769358	0.9765706669954689	0.04692759566901443	-0.001250529226110908	0.02750438182553594
harmony-19	Bcell	IFNg	CD14 Mono	True	4	False	True	False	False	0.27380952380952384	0.27380952380952384	0.047789929368876743	0.0	0.0
harmony-19	Bcell	IFNg	CD16 Mono	True	1	False	False	False	False	0.0	0.0	0.0	0.0	0.0
harmony-19	Bcell	IFNg	CD4 Naive	True	1	False	False	False	False	0.0	0.0	0.0	0.0	0.0
harmony-19	Bcell	IFNg	CD4 TCM	False	5	True	True	True	False	0.1548372090826002	0.1417511395026121	0.04692759566901443	0.01308606957998813	0.02272727272727272
harmony-19	Bcell	IFNg	CD4 TEM	True	3	False	True	False	False	0.1111111111111111	0.0	0.04856839067365384	0.1111111111111111	0.3333333333333333
harmony-19	Bcell	IFNg	CD8 Naive	True	4	False	True	False	False	0.475	0.475	0.047789929368876743	0.0	0.0
harmony-19	Bcell	IFNg	CD8 TEM	True	1	False	False	False	False	0.0	0.0	0.0	0.0	0.0
harmony-19	Bcell	IFNg	Eryth	True	1	False	False	False	False	0.0	0.0	0.0	0.0	0.0
harmony-19	Bcell	IFNg	HSPC	False	5	True	True	True	False	0.3187330207709549	0.3215150531217665	0.04692759566901443	-0.002782032350811592	0.048000000000000015
harmony-19	Bcell	IFNg	ILC	True	5	False	True	False	False	0.23004480286738352	0.22246745897000567	0.04692759566901443	0.007577343897377872	0.06666666666666667
harmony-19	Bcell	IFNg	MAIT	True	3	False	True	False	False	0.9259259259259259	0.9074074074074074	0.04856839067365384	0.018518518518518528	0.16666666666666663
harmony-19	Bcell	IFNg	NK	True	5	False	True	False	False	0.5014976251711543	0.469763492237621	0.04692759566901443	0.03173413293353324	0.0862068965517242
harmony-19	Bcell	IFNg	NK Proliferating	True	1	False	False	False	False	0.0	0.0	0.0	0.0	0.0
harmony-19	Bcell	IFNg	Plasmablast	False	5	True	True	True	False	0.918791983806887	0.9225490025788089	0.04692759566901443	-0.003757018771921894	0.00910746812386154
harmony-19	Bcell	IFNg	Treg	True	1	False	False	False	False	0.0	0.0	0.0	0.0	0.0
harmony-19	Bcell	IFNg	cDC1	True	4	False	True	False	False	0.4317653890824622	0.26190476190476186	0.04729585822263167	0.16986062717770034	0.6428571428571428
harmony-19	Bcell	IFNg	cDC2	True	4	False	False	False	False	0.0026595744680851063	0.14648809523809525	0.045501599849425936	-0.14382852077001013	0.010638297872340425
harmony-19	Bcell	IFNg	gdT	True	1	False	False	False	False	0.0	0.0	0.0	0.0	0.0
harmony-19	Bcell	IFNg	pDC	True	5	False	True	False	False	1.0	1.0	0.04692759566901443	0.0	0.0
harmony-19	Bcell	none	ASDC	True	3	False	True	False	False	0.4444444444444444	0.4444444444444444	0.05360623781676413	0.0	0.0
harmony-19	Bcell	none	B intermediate	False	5	True	True	False	True	0.3693358852917828	0.28525690088955796	0.05380116959064327	0.08407898440222482	0.21269361541367587
harmony-19	Bcell	none	B memory	False	5	True	True	True	False	0.8650918449148124	0.8919836084524077	0.05380116959064327	-0.02689176353759537	0.0423791821561339
harmony-19	Bcell	none	B naive	False	5	True	True	True	False	0.9528350287184976	0.9566451757757768	0.05380116959064327	-0.0038101470572793118	0.0359281437125748
harmony-19	Bcell	none	CD14 Mono	True	2	False	True	False	False	0.47058823529411764	0.5955882352941176	0.054093567251461985	-0.125	0.0
harmony-19	Bcell	none	CD16 Mono	True	3	False	True	False	False	0.20370370370370372	0.1111111111111111	0.05458089668615984	0.09259259259259262	0.27777777777777785
harmony-19	Bcell	none	CD4 TCM	True	5	False	True	False	False	0.1259827753945401	0.14349173702114879	0.05380116959064327	-0.01750896162660869	0.04545454545454544
harmony-19	Bcell	none	CD4 TEM	True	4	False	True	False	False	0.6666666666666666	0.6666666666666666	0.0533625730994152	0.0	0.0
harmony-19	Bcell	none	CD8 Naive	True	3	False	True	False	False	0.3703703703703704	0.3703703703703704	0.05458089668615984	0.0	0.0
harmony-19	Bcell	none	HSPC	False	5	True	True	True	False	0.7906652777144656	0.7976291238454917	0.05380116959064327	-0.006963846131025986	0.02298850574712641
harmony-19	Bcell	none	ILC	True	5	True	True	False	True	0.16019261304173069	0.1518241629070278	0.05380116959064327	0.008368450134702877	0.1743119266055046
harmony-19	Bcell	none	MAIT	True	5	False	True	False	False	0.8395238095238096	0.8061904761904761	0.05380116959064327	0.033333333333333326	0.16666666666666663
harmony-19	Bcell	none	NK	True	5	False	True	False	False	0.9939393939393939	0.9919191919191919	0.05380116959064327	0.002020202020202033	0.010101010101010166
harmony-19	Bcell	none	Plasmablast	False	5	True	True	True	False	0.9960110691144708	0.9991360691144708	0.05380116959064327	-0.003125	0.0
harmony-19	Bcell	none	cDC1	True	4	False	True	False	False	0.4583333333333333	0.4583333333333333	0.054093567251461985	0.0	0.0
harmony-19	Bcell	none	cDC2	True	5	False	True	False	False	0.8733451275246941	0.8890594132389799	0.05380116959064327	-0.0157142857142857	0.0
harmony-19	Bcell	none	dnT	True	1	False	False	False	False	0.0	0.0	0.0	0.0	0.0
harmony-19	Bcell	none	gdT	True	1	False	False	False	False	0.0	0.0	0.0	0.0	0.0
harmony-19	Bcell	none	pDC	True	3	False	False	False	False	0.041666666666666664	0.041666666666666664	0.05458089668615984	0.0	0.0
harmony-19	Monocyte	IFN-L1	B intermediate	True	2	False	True	False	False	0.9166666666666667	0.9166666666666667	0.06111111111111111	0.0	0.0
harmony-19	Monocyte	IFN-L1	B naive	True	1	False	False	False	False	0.0	0.0	0.0	0.0	0.0
harmony-19	Monocyte	IFN-L1	CD14 Mono	False	5	True	True	False	True	0.6561336224755324	0.7239261609847817	0.0584313725490196	-0.06779253850924913	0.1289513296537882
harmony-19	Monocyte	IFN-L1	CD16 Mono	False	3	True	True	True	False	0.6744005086305881	0.6936344391274929	0.05555555555555555	-0.01923393049690475	0.07071483474250584
harmony-19	Monocyte	IFN-L1	CD4 Naive	True	1	False	False	False	False	0.0	0.0	0.0	0.0	0.0
harmony-19	Monocyte	IFN-L1	CD4 TCM	False	5	True	False	False	False	0.015308933490751672	0.018251781888145524	0.0584313725490196	-0.002942848397393852	0.0
harmony-19	Monocyte	IFN-L1	CD4 TEM	True	2	False	True	False	False	0.8125	0.8125	0.06274509803921569	0.0	0.0
harmony-19	Monocyte	IFN-L1	HSPC	True	5	True	True	False	True	0.7225888388388388	0.7165311465311465	0.0584313725490196	0.006057692307692331	0.20000000000000007
harmony-19	Monocyte	IFN-L1	ILC	True	3	True	True	True	False	0.23103825136612022	0.1977049180327869	0.06034858387799564	0.03333333333333333	0.06
harmony-19	Monocyte	IFN-L1	MAIT	True	2	False	False	False	False	0.07142857142857142	0.07142857142857142	0.06274509803921569	0.0	0.0
harmony-19	Monocyte	IFN-L1	NK	True	5	False	True	False	False	0.8616082659478886	0.8327553159628632	0.0584313725490196	0.028852949985025456	0.11111111111111105
harmony-19	Monocyte	IFN-L1	NK_CD56bright	True	1	False	False	False	False	0.0	0.0	0.0	0.0	0.0
harmony-19	Monocyte	IFN-L1	Plasmablast	True	5	False	True	False	False	0.9908666320705759	0.9902439024390244	0.0584313725490196	0.0006227296315516329	0.024390243902439046
harmony-19	Monocyte	IFN-L1	Platelet	True	5	False	True	False	False	0.9535497835497836	0.9535497835497836	0.0584313725490196	0.0	0.0
harmony-19	Monocyte	IFN-L1	Treg	True	1	False	False	False	False	0.0	0.0	0.0	0.0	0.0
harmony-19	Monocyte	IFN-L1	cDC1	True	3	False	True	False	False	0.5202020202020202	0.51010101010101	0.06034858387799564	0.010101010101010102	0.030303030303030304
harmony-19	Monocyte	IFN-L1	cDC2	False	5	False	False	False	False	0.06677883026777605	0.036299862764791115	0.0584313725490196	0.03047896750298492	0.12075471698113208
harmony-19	Monocyte	IFN-L1	pDC	False	5	True	True	True	False	0.9677954226454929	0.9588235294117646	0.0584313725490196	0.008971893233728134	0.07647058823529418
harmony-19	Monocyte	IFNa	B intermediate	True	3	False	True	False	False	0.7222222222222222	0.8333333333333334	0.07905982905982906	-0.11111111111111112	0.0
harmony-19	Monocyte	IFNa	B naive	True	2	False	True	False	False	0.825	0.725	0.07692307692307693	0.1	0.2
harmony-19	Monocyte	IFNa	CD14 Mono	False	5	True	True	False	True	0.7121426157969195	0.681226283436843	0.0782051282051282	0.03091633236007655	0.3307904712874994
harmony-19	Monocyte	IFNa	CD16 Mono	False	5	False	True	False	False	0.48029550454217584	0.6352835555007944	0.0782051282051282	-0.15498805095861856	0.25
harmony-19	Monocyte	IFNa	CD4 TCM	False	5	True	True	True	False	0.16610192086733638	0.19931664639458588	0.0782051282051282	-0.033214725527249474	0.010723860589812326
harmony-19	Monocyte	IFNa	HSPC	True	5	True	True	True	False	0.8664997432007742	0.8632110699121007	0.0782051282051282	0.003288673288673283	0.09009009009009006
harmony-19	Monocyte	IFNa	NK	True	5	False	True	False	False	0.9181818181818182	0.886818181818182	0.0782051282051282	0.03136363636363637	0.125
harmony-19	Monocyte	IFNa	NK Proliferating	True	1	False	False	False	False	0.0	0.0	0.0	0.0	0.0
harmony-19	Monocyte	IFNa	Plasmablast	True	5	False	True	False	False	0.9203703703703703	0.9703703703703702	0.0782051282051282	-0.05	0.0
harmony-19	Monocyte	IFNa	Platelet	True	5	False	True	False	False	0.9785751334858886	0.9756765827612508	0.0782051282051282	0.002898550724637694	0.01449275362318847
harmony-19	Monocyte	IFNa	cDC1	True	2	False	False	False	False	0.0	0.0	0.08012820512820512	0.0	0.0
harmony-19	Monocyte	IFNa	cDC2	True	5	False	True	False	False	0.2	0.3172321768966832	0.0782051282051282	-0.1172321768966832	0.0
harmony-19	Monocyte	IFNa	pDC	False	5	True	True	True	False	0.9984962406015038	0.9989071038251366	0.0782051282051282	-0.0004108632236328624	0.005464480874316946
harmony-19	Monocyte	IFNb	B intermediate	True	2	False	True	False	False	1.0	1.0	0.08571428571428572	0.0	0.0
harmony-19	Monocyte	IFNb	B naive	True	1	False	False	False	False	0.0	0.0	0.0	0.0	0.0
harmony-19	Monocyte	IFNb	CD14 Mono	False	5	True	True	False	True	0.6301293973985942	0.5728793960756142	0.07714285714285714	0.057250001322979915	0.35462488701416084
harmony-19	Monocyte	IFNb	CD16 Mono	False	3	False	True	False	False	0.5972509915945762	0.8486810977194045	0.08095238095238096	-0.25143010612482825	0.04412008624979269
harmony-19	Monocyte	IFNb	CD4 TCM	False	5	True	True	True	False	0.17981440542537444	0.20459827338266073	0.07714285714285714	-0.024783867957286328	0.014888337468982632
harmony-19	Monocyte	IFNb	HSPC	True	5	True	True	False	True	0.7340382529214349	0.6997701087570779	0.07714285714285714	0.03426814416435703	0.15748031496062997
harmony-19	Monocyte	IFNb	NK	True	5	False	True	False	False	0.7545238095238095	0.7362820512820513	0.07714285714285714	0.01824175824175822	0.07692307692307687
harmony-19	Monocyte	IFNb	NK Proliferating	True	1	False	False	False	False	0.0	0.0	0.0	0.0	0.0
harmony-19	Monocyte	IFNb	NK_CD56bright	True	1	False	False	False	False	0.0	0.0	0.0	0.0	0.0
harmony-19	Monocyte	IFNb	Plasmablast	True	4	False	True	False	False	0.9821428571428572	0.9821428571428572	0.07857142857142857	0.0	0.0
harmony-19	Monocyte	IFNb	Platelet	True	5	False	True	False	False	0.9944444444444445	0.9944444444444445	0.07714285714285714	0.0	0.0
harmony-19	Monocyte	IFNb	cDC1	True	1	False	False	False	False	0.0	0.0	0.0	0.0	0.0
harmony-19	Monocyte	IFNb	cDC2	True	4	False	True	False	False	0.29583333333333334	0.325	0.07857142857142857	-0.029166666666666667	0.0
harmony-19	Monocyte	IFNb	pDC	False	5	True	True	True	False	0.9946428571428572	0.9958437761069339	0.07714285714285714	-0.001200918964076858	0.0029239766081871066
harmony-19	Monocyte	IFNg	B intermediate	True	3	False	True	False	False	0.9166666666666666	0.8333333333333334	0.07326007326007326	0.08333333333333333	0.25
harmony-19	Monocyte	IFNg	B naive	True	1	False	False	False	False	0.0	0.0	0.0	0.0	0.0
harmony-19	Monocyte	IFNg	CD14 Mono	False	5	True	True	True	False	0.9295333113411963	0.9430378768861765	0.07252747252747252	-0.01350456554498003	0.010808534531162262
harmony-19	Monocyte	IFNg	CD16 Mono	True	3	False	True	False	False	0.21212121212121213	0.1590909090909091	0.07326007326007326	0.05303030303030303	0.25
harmony-19	Monocyte	IFNg	CD4 TCM	False	5	True	True	True	False	0.22754338309760636	0.20304351620793012	0.07252747252747252	0.02449986688967621	0.08205128205128204
harmony-19	Monocyte	IFNg	HSPC	True	5	True	True	False	True	0.5291341604613793	0.507963835547805	0.07252747252747252	0.02117032491357428	0.14960629921259838
harmony-19	Monocyte	IFNg	ILC	True	3	False	True	False	False	0.5028393871209685	0.5169827493839065	0.07326007326007326	-0.014143362262937923	0.016393442622950838
harmony-19	Monocyte	IFNg	NK	True	5	False	True	False	False	0.8740046838407494	0.8903981264637002	0.07252747252747252	-0.016393442622950838	0.016393442622950727
harmony-19	Monocyte	IFNg	NK Proliferating	True	2	False	True	False	False	0.25	0.0	0.07417582417582418	0.25	0.5
harmony-19	Monocyte	IFNg	Plasmablast	True	5	False	True	False	False	0.992	1.0	0.07252747252747252	-0.008000000000000007	0.0
harmony-19	Monocyte	IFNg	Platelet	True	5	False	True	False	False	0.9868817204301076	0.9902150537634409	0.07252747252747252	-0.0033333333333333214	0.0
harmony-19	Monocyte	IFNg	cDC1	True	4	False	False	False	False	0.02261904761904762	0.005952380952380952	0.0728021978021978	0.016666666666666666	0.041666666666666664
harmony-19	Monocyte	IFNg	cDC2	True	4	False	True	False	False	0.8450796531558781	0.8450796531558781	0.0728021978021978	0.0	0.0
harmony-19	Monocyte	IFNg	pDC	True	5	True	True	True	False	1.0	1.0	0.07252747252747252	0.0	0.0
harmony-19	Monocyte	none	B intermediate	True	1	False	False	False	False	0.0	0.0	0.0	0.0	0.0
harmony-19	Monocyte	none	B naive	True	3	False	True	False	False	0.8888888888888888	0.8611111111111112	0.06004901960784314	0.027777777777777752	0.08333333333333326
harmony-19	Monocyte	none	CD14 Mono	False	5	True	True	False	True	0.7508529915531825	0.7555524467777024	0.05890522875816993	-0.004699455224519822	0.15096003134796243
harmony-19	Monocyte	none	CD16 Mono	False	5	True	True	True	False	0.2909005060227429	0.6255204035874733	0.05890522875816993	-0.3346198975647303	0.05128205128205132
harmony-19	Monocyte	none	CD4 Proliferating	True	1	False	False	False	False	0.0	0.0	0.0	0.0	0.0
harmony-19	Monocyte	none	CD4 TCM	False	5	False	False	False	False	0.10302759109056707	0.029134554003195923	0.05890522875816993	0.07389303708737113	0.33943427620632277
harmony-19	Monocyte	none	CD4 TEM	True	1	False	False	False	False	0.0	0.0	0.0	0.0	0.0
harmony-19	Monocyte	none	HSPC	True	5	False	True	False	False	0.7599471764872782	0.7995929752238531	0.05890522875816993	-0.039645798736575054	0.0357142857142857
harmony-19	Monocyte	none	ILC	True	4	False	True	False	False	0.22041062801932365	0.26751207729468596	0.05892565359477124	-0.04710144927536232	0.043478260869565216
harmony-19	Monocyte	none	MAIT	True	2	False	True	False	False	0.6111111111111112	0.6111111111111112	0.06066176470588235	0.0	0.0
harmony-19	Monocyte	none	NK	True	5	False	True	False	False	0.7769086021505377	0.7606451612903226	0.05890522875816993	0.016263440860215063	0.08333333333333331
harmony-19	Monocyte	none	NK Proliferating	True	1	False	False	False	False	0.0	0.0	0.0	0.0	0.0
harmony-19	Monocyte	none	Plasmablast	True	5	False	True	False	False	0.9857142857142858	1.0	0.05890522875816993	-0.01428571428571428	0.0
harmony-19	Monocyte	none	Platelet	True	5	False	True	False	False	1.0	1.0	0.05890522875816993	0.0	0.0
harmony-19	Monocyte	none	cDC1	True	4	False	True	False	False	0.9642857142857143	0.9464285714285714	0.059742647058823525	0.01785714285714285	0.0714285714285714
harmony-19	Monocyte	none	cDC2	False	5	False	True	False	False	0.16586542428889123	0.2766586862659223	0.05890522875816993	-0.11079326197703107	0.0
harmony-19	Monocyte	none	gdT	True	1	False	False	False	False	0.0	0.0	0.0	0.0	0.0
harmony-19	Monocyte	none	pDC	True	4	False	True	False	False	1.0	1.0	0.05892565359477124	0.0	0.0
harmony-19	NK	IFN-L1	B naive	True	1	False	False	False	False	0.0	0.0	0.0	0.0	0.0
harmony-19	NK	IFN-L1	CD16 Mono	True	3	False	True	False	False	1.0	1.0	0.05567022130489622	0.0	0.0
harmony-19	NK	IFN-L1	CD4 Naive	True	1	False	False	False	False	0.0	0.0	0.0	0.0	0.0
harmony-19	NK	IFN-L1	CD4 TCM	True	5	False	False	False	False	0.015194805194805195	0.013896103896103896	0.0544547643618851	0.0012987012987012991	0.006493506493506496
harmony-19	NK	IFN-L1	CD4 TEM	True	5	False	True	False	False	0.6	0.6333333333333334	0.0544547643618851	-0.03333333333333335	0.0
harmony-19	NK	IFN-L1	CD8 Naive	True	4	False	True	False	False	0.9628072820037106	0.9514436456400742	0.05491056071551428	0.011363636363636381	0.045454545454545525
harmony-19	NK	IFN-L1	CD8 TCM	True	2	False	True	False	False	0.875	0.875	0.05572755417956656	0.0	0.0
harmony-19	NK	IFN-L1	CD8 TEM	True	5	False	True	False	False	0.3559553919815235	0.36691892735945153	0.0544547643618851	-0.010963535377928036	0.024390243902439046
harmony-19	NK	IFN-L1	HSPC	True	5	False	True	False	False	0.9083333333333332	0.875	0.0544547643618851	0.033333333333333326	0.16666666666666663
harmony-19	NK	IFN-L1	ILC	False	5	True	True	True	False	0.1300299279241585	0.13156511356548997	0.0544547643618851	-0.0015351856413314824	0.033333333333333326
harmony-19	NK	IFN-L1	MAIT	True	5	False	True	False	False	0.8378461538461538	0.8224615384615385	0.0544547643618851	0.015384615384615396	0.07692307692307698
harmony-19	NK	IFN-L1	NK	False	5	True	True	True	False	0.7060223685930491	0.753580788025207	0.0544547643618851	-0.04755841943215796	0.02104878939043675
harmony-19	NK	IFN-L1	NK Proliferating	True	4	False	True	False	False	0.19885741652983033	0.21640667761357416	0.05417956656346749	-0.017549261083743835	0.0
harmony-19	NK	IFN-L1	NK_CD56bright	False	5	True	True	True	False	0.999043062200957	1.0	0.0544547643618851	-0.0009569377990430672	0.0
harmony-19	NK	IFN-L1	Plasmablast	True	4	False	True	False	False	0.9615384615384616	0.9615384615384616	0.05491056071551428	0.0	0.0
harmony-19	NK	IFN-L1	Platelet	True	3	False	True	False	False	1.0	1.0	0.05360623781676413	0.0	0.0
harmony-19	NK	IFN-L1	Treg	True	1	False	False	False	False	0.0	0.0	0.0	0.0	0.0
harmony-19	NK	IFN-L1	dnT	True	2	False	False	False	False	0.05	0.35	0.05572755417956656	-0.3	-0.1
harmony-19	NK	IFN-L1	gdT	True	5	False	False	False	False	0.0	0.0	0.0544547643618851	0.0	0.0
harmony-19	NK	IFNa	CD16 Mono	True	2	False	True	False	False	1.0	1.0	0.08333333333333333	0.0	0.0
harmony-19	NK	IFNa	CD4 TCM	False	5	True	True	False	True	0.40608063627509033	0.36857878843270697	0.08333333333333333	0.03750184784238338	0.17344753747323344
harmony-19	NK	IFNa	CD8 TEM	True	3	True	True	False	True	0.4453104050495396	0.3219012781991075	0.08333333333333333	0.12340912685043215	0.21428571428571436
harmony-19	NK	IFNa	HSPC	True	4	False	True	False	False	0.6309523809523809	0.5952380952380952	0.08333333333333333	0.0357142857142857	0.1428571428571428
harmony-19	NK	IFNa	ILC	True	2	False	False	False	False	0.06666666666666667	0.6	0.08333333333333333	-0.5333333333333333	-0.06666666666666668
harmony-19	NK	IFNa	MAIT	True	3	False	True	False	False	0.9166666666666666	0.8333333333333334	0.08333333333333333	0.08333333333333333	0.25
harmony-19	NK	IFNa	NK	False	5	True	True	True	False	0.6052411470066821	0.7197946730580249	0.08333333333333333	-0.11455352605134284	0.010486808698531802
harmony-19	NK	IFNa	NK Proliferating	True	5	False	True	False	False	0.34833333333333333	0.27555555555555555	0.08333333333333333	0.07277777777777777	0.35
harmony-19	NK	IFNa	NK_CD56bright	False	5	True	True	True	False	0.9593531977027375	0.9760519170986773	0.08333333333333333	-0.01669871939593981	0.024285714285714244
harmony-19	NK	IFNa	Plasmablast	True	3	False	True	False	False	1.0	1.0	0.08333333333333333	0.0	0.0
harmony-19	NK	IFNa	Platelet	True	3	False	True	False	False	1.0	1.0	0.08333333333333333	0.0	0.0
harmony-19	NK	IFNa	gdT	True	4	False	False	False	False	0.09530971479500891	0.14600044563279857	0.08333333333333333	-0.05069073083778966	0.0
harmony-19	NK	IFNb	B naive	True	1	False	False	False	False	0.0	0.0	0.0	0.0	0.0
harmony-19	NK	IFNb	CD4 TCM	False	5	True	False	False	False	0.09581975023675382	0.09411812872580376	0.08228438228438228	0.0017016215109500396	0.006756756756756757
harmony-19	NK	IFNb	CD8 TEM	False	4	False	True	False	False	0.3542072960360262	0.30698098817889635	0.08202214452214451	0.047226307857129876	0.33793103448275863
harmony-19	NK	IFNb	HSPC	True	2	False	True	False	False	1.0	1.0	0.08012820512820512	0.0	0.0
harmony-19	NK	IFNb	ILC	True	1	False	False	False	False	0.0	0.0	0.0	0.0	0.0
harmony-19	NK	IFNb	MAIT	True	2	False	True	False	False	1.0	0.9642857142857143	0.08012820512820512	0.0357142857142857	0.0714285714285714
harmony-19	NK	IFNb	NK	False	5	True	True	True	False	0.5455859764805299	0.6304399449449306	0.08228438228438228	-0.0848539684644007	0.046253259267656666
harmony-19	NK	IFNb	NK Proliferating	True	4	False	True	False	False	0.38102476539508023	0.21526736631684157	0.08362470862470862	0.16575739907823867	0.4074074074074074
harmony-19	NK	IFNb	NK_CD56bright	False	5	True	True	True	False	0.9608412902972618	0.9693260655527288	0.08228438228438228	-0.008484775255466892	0.03159340659340659
harmony-19	NK	IFNb	Plasmablast	True	3	False	True	False	False	1.0	1.0	0.07905982905982906	0.0	0.0
harmony-19	NK	IFNb	Platelet	True	1	False	False	False	False	0.0	0.0	0.0	0.0	0.0
harmony-19	NK	IFNb	dnT	True	1	False	False	False	False	0.0	0.0	0.0	0.0	0.0
harmony-19	NK	IFNb	gdT	True	5	False	True	False	False	0.2758333333333333	0.20472222222222225	0.08228438228438228	0.07111111111111111	0.25
harmony-19	NK	IFNg	B memory	True	1	False	False	False	False	0.0	0.0	0.0	0.0	0.0
harmony-19	NK	IFNg	B naive	True	1	False	False	False	False	0.0	0.0	0.0	0.0	0.0
harmony-19	NK	IFNg	CD16 Mono	True	1	False	False	False	False	0.0	0.0	0.0	0.0	0.0
harmony-19	NK	IFNg	CD4 Naive	True	1	False	False	False	False	0.0	0.0	0.0	0.0	0.0
harmony-19	NK	IFNg	CD4 TCM	True	5	False	True	False	False	0.2822650221571658	0.2714338472101444	0.053274853801169586	0.010831174947021415	0.032258064516129004
harmony-19	NK	IFNg	CD4 TEM	True	2	False	True	False	False	0.6607142857142857	0.6607142857142857	0.05277777777777778	0.0	0.0
harmony-19	NK	IFNg	CD8 Naive	True	4	False	True	False	False	0.8273250239693192	0.7900407478427612	0.054093567251461985	0.03728427612655805	0.09999999999999998
harmony-19	NK	IFNg	CD8 TCM	True	1	False	False	False	False	0.0	0.0	0.0	0.0	0.0
harmony-19	NK	IFNg	CD8 TEM	True	5	False	True	False	False	0.27794178411195514	0.24328218111949748	0.053274853801169586	0.03465960299245764	0.13432835820895522
harmony-19	NK	IFNg	HSPC	True	5	False	True	False	False	1.0	1.0	0.053274853801169586	0.0	0.0
harmony-19	NK	IFNg	ILC	False	5	True	True	True	False	0.13722240313001538	0.14376136406064838	0.053274853801169586	-0.00653896093063302	0.07692307692307691
harmony-19	NK	IFNg	MAIT	True	5	False	True	False	False	0.8492753623188406	0.9159420289855073	0.053274853801169586	-0.06666666666666667	0.0
harmony-19	NK	IFNg	NK	False	5	True	True	True	False	0.7127205787795716	0.7433614922998627	0.053274853801169586	-0.03064091352029099	0.08490780787616659
harmony-19	NK	IFNg	NK Proliferating	True	5	False	True	False	False	0.12319347319347318	0.15664335664335666	0.053274853801169586	-0.03344988344988345	0.0
harmony-19	NK	IFNg	NK_CD56bright	False	5	True	True	True	False	0.9983914778333117	0.9993393451318898	0.053274853801169586	-0.0009478672985782088	0.0
harmony-19	NK	IFNg	Plasmablast	True	3	False	True	False	False	1.0	1.0	0.05272904483430799	0.0	0.0
harmony-19	NK	IFNg	Platelet	True	3	False	True	False	False	0.5	0.5	0.05458089668615984	0.0	0.0
harmony-19	NK	IFNg	Treg	True	1	False	False	False	False	0.0	0.0	0.0	0.0	0.0
harmony-19	NK	IFNg	dnT	True	2	False	False	False	False	0.0	0.3333333333333333	0.05555555555555555	-0.3333333333333333	0.0
harmony-19	NK	IFNg	gdT	True	5	False	False	False	False	0.0015267175572519084	0.0	0.053274853801169586	0.0015267175572519084	0.007633587786259542
harmony-19	NK	none	B memory	True	1	False	False	False	False	0.0	0.0	0.0	0.0	0.0
harmony-19	NK	none	B naive	True	1	False	False	False	False	0.0	0.0	0.0	0.0	0.0
harmony-19	NK	none	CD16 Mono	True	2	False	True	False	False	1.0	1.0	0.05572755417956656	0.0	0.0
harmony-19	NK	none	CD4 Naive	True	1	False	False	False	False	0.0	0.0	0.0	0.0	0.0
harmony-19	NK	none	CD4 TCM	True	5	True	True	True	False	0.5944775901394366	0.5615930158088112	0.0544547643618851	0.032884574330625485	0.09090909090909083
harmony-19	NK	none	CD4 TEM	True	3	False	False	False	False	0.0	0.0	0.05567022130489622	0.0	0.0
harmony-19	NK	none	CD8 Naive	True	5	False	True	False	False	0.8831746031746033	0.869973544973545	0.0544547643618851	0.01320105820105819	0.14814814814814814
harmony-19	NK	none	CD8 TCM	True	4	False	True	False	False	0.9642857142857143	0.8571428571428572	0.05491056071551427	0.10714285714285714	0.42857142857142855
harmony-19	NK	none	CD8 TEM	True	5	False	True	False	False	0.34218439716312055	0.30024316109422494	0.0544547643618851	0.041941236068895646	0.2411347517730496
harmony-19	NK	none	HSPC	True	5	False	True	False	False	0.96	0.96	0.0544547643618851	0.0	0.0
harmony-19	NK	none	ILC	False	5	True	False	False	False	0.026692007797270954	0.04690448343079922	0.0544547643618851	-0.020212475633528265	0.009259259259259259
harmony-19	NK	none	MAIT	True	4	False	True	False	False	0.8781045751633987	0.8872549019607843	0.05417956656346749	-0.009150326797385616	0.2222222222222222
harmony-19	NK	none	NK	False	5	True	True	True	False	0.6360470859707196	0.7189838570111046	0.0544547643618851	-0.08293677104038505	0.004996796925048064
harmony-19	NK	none	NK Proliferating	True	5	False	True	False	False	0.2378500451671183	0.10651696993160406	0.0544547643618851	0.13133307523551427	0.5
harmony-19	NK	none	NK_CD56bright	False	5	True	True	True	False	0.9964601769911503	0.9990291262135923	0.0544547643618851	-0.0025689492224417964	0.004854368932038833
harmony-19	NK	none	Plasmablast	True	4	False	True	False	False	1.0	1.0	0.05491056071551427	0.0	0.0
harmony-19	NK	none	Platelet	True	3	False	False	False	False	0.04	0.04	0.05263157894736842	0.0	0.0
harmony-19	NK	none	dnT	True	3	False	False	False	False	0.0	0.0	0.05360623781676413	0.0	0.0
harmony-19	NK	none	gdT	True	5	True	False	False	False	0.07101269998350651	0.030339765792511957	0.0544547643618851	0.04067293419099456	0.13953488372093023
harmony-19	PBMC	Fresh	ASDC	True	4	False	False	False	False	0.0	0.0	0.03225806451612903	0.0	0.0
harmony-19	PBMC	Fresh	B intermediate	False	4	True	True	False	True	0.3649954017933891	0.2823399891094056	0.03225806451612903	0.08265541268398348	0.189041095890411
harmony-19	PBMC	Fresh	B memory	True	4	True	True	False	True	0.8019673305862448	0.7739409598134841	0.03225806451612903	0.02802637077276071	0.1923076923076923
harmony-19	PBMC	Fresh	B naive	False	4	True	True	True	False	0.9799166984103532	0.983320045382247	0.03225806451612903	-0.0034033469718939002	0.028418230563002633
harmony-19	PBMC	Fresh	CD14 Mono	False	4	True	True	True	False	0.9918180874306173	0.9916450584463936	0.03225806451612903	0.00017302898422361102	0.0014285714285714457
harmony-19	PBMC	Fresh	CD16 Mono	False	4	True	True	True	False	0.22622341782871047	0.297126517770337	0.03225806451612903	-0.07090309994162648	0.07438016528925617
harmony-19	PBMC	Fresh	CD4 CTL	True	2	False	True	False	False	0.9715189873417722	0.9018987341772151	0.03225806451612903	0.069620253164557	0.139240506329114
harmony-19	PBMC	Fresh	CD4 Naive	False	4	True	True	True	False	0.7185524708973362	0.7294843392472671	0.03225806451612903	-0.010931868349930901	0.08104154476301928
harmony-19	PBMC	Fresh	CD4 Proliferating	True	4	False	True	False	False	0.5104717813051146	0.49889770723104054	0.03225806451612903	0.011574074074074098	0.08333333333333337
harmony-19	PBMC	Fresh	CD4 TCM	False	4	True	True	True	False	0.4012700429247103	0.362818419184342	0.03225806451612903	0.03845162374036827	0.09001956947162426
harmony-19	PBMC	Fresh	CD4 TEM	False	4	True	True	True	False	0.41227654512380446	0.38237971388234554	0.03225806451612903	0.02989683124145888	0.07849829351535836
harmony-19	PBMC	Fresh	CD8 Naive	False	4	True	True	True	False	0.9627001046683243	0.9645540877441019	0.03225806451612903	-0.0018539830757775266	0.0038797284190106307
harmony-19	PBMC	Fresh	CD8 Proliferating	True	4	False	True	False	False	0.625	0.625	0.03225806451612903	0.0	0.0
harmony-19	PBMC	Fresh	CD8 TCM	True	4	True	True	True	False	0.4889913053048646	0.5018201995744369	0.03225806451612903	-0.01282889426957226	0.07344632768361581
harmony-19	PBMC	Fresh	CD8 TEM	False	4	True	True	True	False	0.2771507242485399	0.2872050204409834	0.03225806451612903	-0.010054296192443482	0.0967503692762186
harmony-19	PBMC	Fresh	Doublet	True	4	False	True	False	False	0.19732142857142856	0.37142857142857144	0.03225806451612903	-0.17410714285714285	0.0
harmony-19	PBMC	Fresh	Eryth	True	4	False	True	False	False	0.9869565217391304	0.9869565217391304	0.03225806451612903	0.0	0.0
harmony-19	PBMC	Fresh	HSPC	True	4	False	True	False	False	0.602684766214178	0.5548059783353901	0.03225806451612903	0.04787878787878788	0.1515151515151515
harmony-19	PBMC	Fresh	ILC	True	4	True	True	True	False	0.23674414927261228	0.2406166982922201	0.03225806451612903	-0.003872549019607839	0.08333333333333334
harmony-19	PBMC	Fresh	MAIT	False	4	True	True	True	False	0.97828608689476	0.9790918271235773	0.03225806451612903	-0.0008057402288171589	0.007396449704141994
harmony-19	PBMC	Fresh	NK	False	4	True	True	True	False	0.8573514263322926	0.8412171450220712	0.03225806451612903	0.016134281310221293	0.09403669724770647
harmony-19	PBMC	Fresh	NK Proliferating	True	4	False	False	False	False	0.0	0.005319148936170213	0.03225806451612903	-0.005319148936170213	0.0
harmony-19	PBMC	Fresh	NK_CD56bright	True	4	True	True	True	False	0.9978070175438596	0.9978070175438596	0.03225806451612903	0.0	0.0
harmony-19	PBMC	Fresh	Plasmablast	True	4	False	True	False	False	0.9875	0.9984177215189873	0.03225806451612903	-0.010917721518987344	0.006329113924050667
harmony-19	PBMC	Fresh	Platelet	True	4	True	True	True	False	0.38025233933795377	0.3966674148677643	0.03225806451612903	-0.01641507552981053	0.0594059405940594
harmony-19	PBMC	Fresh	Treg	False	4	True	True	True	False	0.2467067182358525	0.26043764873402603	0.03225806451612903	-0.013730930498173512	0.02428256070640175
harmony-19	PBMC	Fresh	cDC1	True	4	False	True	False	False	0.8183261183261183	0.8158910533910534	0.03225806451612903	0.002435064935064929	0.045454545454545525
harmony-19	PBMC	Fresh	cDC2	True	4	True	True	False	True	0.695974318443304	0.6825276963576122	0.03225806451612903	0.013446622085691862	0.10619469026548667
harmony-19	PBMC	Fresh	dnT	True	4	True	True	True	False	0.20966976991165603	0.2235853934797597	0.03225806451612903	-0.01391562356810367	0.038461538461538436
harmony-19	PBMC	Fresh	gdT	False	4	True	False	False	False	0.006707458870947526	0.009797029872590771	0.03225806451612903	-0.003089571001643243	0.0038647342995169085
harmony-19	PBMC	Fresh	pDC	True	4	True	True	True	False	0.997787610619469	0.997787610619469	0.03225806451612903	0.0	0.0
harmony-19	PBMC	culture_IFNa	B intermediate	False	5	True	True	False	True	0.8456491738474512	0.7552437963945053	0.041666666666666664	0.09040537745294586	0.1978465679676985
harmony-19	PBMC	culture_IFNa	B memory	False	5	True	True	False	True	0.14848651215520256	0.3069212750499994	0.041666666666666664	-0.15843476289479685	0.11751662971175167
harmony-19	PBMC	culture_IFNa	B naive	False	5	True	True	True	False	0.9184945625461302	0.9333411851142536	0.041666666666666664	-0.01484662256812357	0.04214876033057857
harmony-19	PBMC	culture_IFNa	CD14 Mono	False	5	True	True	False	True	0.5882002910730273	0.6878772633276519	0.041666666666666664	-0.09967697225462455	0.16265640038498552
harmony-19	PBMC	culture_IFNa	CD16 Mono	False	5	True	True	False	True	0.7162906508739494	0.5902481973809428	0.041666666666666664	0.12604245349300652	0.3768699654775604
harmony-19	PBMC	culture_IFNa	CD4 CTL	True	3	False	True	False	False	0.5311244979919679	0.4737898964278165	0.041666666666666664	0.05733460156415138	0.1325301204819278
harmony-19	PBMC	culture_IFNa	CD4 Naive	True	2	False	True	False	False	0.8958333333333333	0.8958333333333333	0.041666666666666664	0.0	0.0
harmony-19	PBMC	culture_IFNa	CD4 Proliferating	True	3	False	True	False	False	0.7222222222222222	0.7222222222222222	0.041666666666666664	0.0	0.0
harmony-19	PBMC	culture_IFNa	CD4 TCM	False	5	True	False	False	False	0.07329854708001526	0.08477620823202957	0.041666666666666664	-0.011477661152014299	0.028493275586961478
harmony-19	PBMC	culture_IFNa	CD4 TEM	True	4	True	False	False	False	0.0020325203252032522	0.0020325203252032522	0.041666666666666664	0.0	0.0
harmony-19	PBMC	culture_IFNa	CD8 Naive	True	5	True	True	False	True	0.8244777617565516	0.7778615228761617	0.041666666666666664	0.046616238880389835	0.16756756756756763
harmony-19	PBMC	culture_IFNa	CD8 TEM	False	5	True	True	True	False	0.6460791549232818	0.7336354041567787	0.041666666666666664	-0.08755624923349689	-0.005060088551549602
harmony-19	PBMC	culture_IFNa	Eryth	True	5	False	True	False	False	0.8469660389505875	0.8432963141799453	0.041666666666666664	0.003669724770642202	0.01834862385321101
harmony-19	PBMC	culture_IFNa	HSPC	True	5	False	True	False	False	0.7200905575905576	0.741466218966219	0.041666666666666664	-0.02137566137566138	0.04444444444444451
harmony-19	PBMC	culture_IFNa	MAIT	True	5	True	True	True	False	0.9572741973458534	0.9703838117745207	0.041666666666666664	-0.013109614428667139	0.00347222222222221
harmony-19	PBMC	culture_IFNa	NK	False	5	True	True	True	False	0.6714123288668302	0.6902549656588206	0.041666666666666664	-0.01884263679199024	0.08485639686684066
harmony-19	PBMC	culture_IFNa	NK Proliferating	True	2	False	False	False	False	0.0	0.07692307692307693	0.041666666666666664	-0.07692307692307693	0.0
harmony-19	PBMC	culture_IFNa	NK_CD56bright	True	5	True	True	True	False	0.9900770035438178	0.9926118347628838	0.041666666666666664	-0.002534831219065925	0.007117437722419906
harmony-19	PBMC	culture_IFNa	Plasmablast	True	5	False	True	False	False	0.9952941176470589	0.976914539400666	0.041666666666666664	0.018379578246392893	0.05660377358490565
harmony-19	PBMC	culture_IFNa	Platelet	True	5	False	True	False	False	0.7901831501831502	0.8520879120879121	0.041666666666666664	-0.06190476190476191	0.0
harmony-19	PBMC	culture_IFNa	cDC2	True	2	False	True	False	False	1.0	1.0	0.041666666666666664	0.0	0.0
harmony-19	PBMC	culture_IFNa	dnT	True	5	False	False	False	False	0.06162117452440032	0.11162117452440032	0.041666666666666664	-0.05	0.0
harmony-19	PBMC	culture_IFNa	gdT	False	5	True	False	False	False	0.011175576845930516	0.013030114875965235	0.041666666666666664	-0.0018545380300347193	0.006993006993006993
harmony-19	PBMC	culture_IFNa	pDC	True	5	True	True	True	False	0.9868218665558096	0.9875285803367284	0.041666666666666664	-0.000706713780918733	0.0
harmony-19	PBMC	culture_no_stim	B intermediate	False	5	True	True	False	True	0.42953654918633877	0.24678584200253123	0.03472906403940886	0.18275070718380754	0.3718820861678005
harmony-19	PBMC	culture_no_stim	B memory	False	5	True	True	True	False	0.7292873565309788	0.8230833110619453	0.03472906403940886	-0.09379595453096667	0.0
harmony-19	PBMC	culture_no_stim	B naive	False	5	True	True	True	False	0.9498048775975303	0.9540915385569185	0.03472906403940886	-0.0042866609593882775	0.03558191252779841
harmony-19	PBMC	culture_no_stim	CD14 Mono	False	5	True	True	False	True	0.7830117266661657	0.6444337988245755	0.03472906403940886	0.1385779278415901	0.8330241187384044
harmony-19	PBMC	culture_no_stim	CD16 Mono	False	5	False	True	False	False	0.6719377762679188	0.6894447847269565	0.03472906403940886	-0.01750700845903755	0.13718411552346566
harmony-19	PBMC	culture_no_stim	CD4 CTL	True	3	False	True	False	False	0.792484004490451	0.7709236416730373	0.03489326765188834	0.02156036281741358	0.16742081447963797
harmony-19	PBMC	culture_no_stim	CD4 Naive	False	5	True	True	False	True	0.8605255610315565	0.8451703514436971	0.03472906403940886	0.015355209587859409	0.12317374690941785
harmony-19	PBMC	culture_no_stim	CD4 Proliferating	True	2	False	True	False	False	0.7727272727272727	0.6818181818181819	0.034482758620689655	0.09090909090909088	0.18181818181818177
harmony-19	PBMC	culture_no_stim	CD4 TCM	False	5	True	False	False	False	0.06405150551787739	0.10581651025796639	0.03472906403940886	-0.04176500474008897	-0.014907674064035238
harmony-19	PBMC	culture_no_stim	CD4 TEM	False	5	True	True	True	False	0.18441504056608282	0.2039296132930283	0.03472906403940886	-0.019514572726945463	0.028301886792452824
harmony-19	PBMC	culture_no_stim	CD8 Naive	False	5	True	True	True	False	0.9302760548204304	0.9412633840843142	0.03472906403940886	-0.01098732926388386	0.04579698651863606
harmony-19	PBMC	culture_no_stim	CD8 Proliferating	True	1	False	False	False	False	0.0	0.0	0.0	0.0	0.0
harmony-19	PBMC	culture_no_stim	CD8 TCM	True	5	False	True	False	False	0.25164555403881933	0.2591719129891474	0.03472906403940886	-0.007526358950328027	0.12628865979381443
harmony-19	PBMC	culture_no_stim	CD8 TEM	False	5	True	True	True	False	0.23025011664211492	0.22511599373133295	0.03472906403940886	0.0051341229107820215	0.048496605237633356
harmony-19	PBMC	culture_no_stim	Eryth	True	4	False	True	False	False	0.9850446428571429	0.9850446428571429	0.03479064039408867	0.0	0.0
harmony-19	PBMC	culture_no_stim	HSPC	True	5	True	True	True	False	0.12182415666286632	0.15196807725839984	0.03472906403940886	-0.030143920595533502	0.0
harmony-19	PBMC	culture_no_stim	ILC	True	5	False	False	False	False	0.0	0.0	0.03472906403940886	0.0	0.0
harmony-19	PBMC	culture_no_stim	MAIT	False	5	True	True	True	False	0.9597937778190383	0.9581612558471848	0.03472906403940886	0.001632521971853551	0.015748031496063075
harmony-19	PBMC	culture_no_stim	NK	False	5	True	True	True	False	0.649399511178871	0.6888729720556634	0.03472906403940886	-0.0394734608767925	0.08778625954198471
harmony-19	PBMC	culture_no_stim	NK Proliferating	True	4	False	False	False	False	0.0	0.0	0.03479064039408867	0.0	0.0
harmony-19	PBMC	culture_no_stim	NK_CD56bright	True	5	True	True	True	False	0.9900709219858156	0.9985815602836879	0.03472906403940886	-0.00851063829787233	0.0
harmony-19	PBMC	culture_no_stim	Plasmablast	True	5	False	True	False	False	0.7453198198198198	0.7107477477477477	0.03472906403940886	0.034572072072072066	0.14583333333333326
harmony-19	PBMC	culture_no_stim	Platelet	True	5	False	True	False	False	0.1069187675070028	0.09487394957983195	0.03472906403940886	0.012044817927170864	0.07142857142857142
harmony-19	PBMC	culture_no_stim	Treg	False	5	True	True	True	False	0.4239990862576054	0.4419228437442083	0.03472906403940886	-0.01792375748660291	0.026058631921824116
harmony-19	PBMC	culture_no_stim	cDC1	True	2	False	False	False	False	0.0	0.0	0.035098522167487683	0.0	0.0
harmony-19	PBMC	culture_no_stim	cDC2	True	5	False	True	False	False	0.8999216500300171	0.9064257150706677	0.03472906403940886	-0.006504065040650398	0.0
harmony-19	PBMC	culture_no_stim	dnT	True	5	False	False	False	False	0.010344827586206896	0.018028780885147977	0.03472906403940886	-0.0076839532989410805	0.0
harmony-19	PBMC	culture_no_stim	gdT	False	5	True	False	False	False	0.006902514935702231	0.007574709462402131	0.03472906403940886	-0.000672194526699901	0.0024509803921568644
harmony-19	PBMC	culture_no_stim	pDC	True	5	False	True	False	False	0.9303875968992248	0.9073385012919897	0.03472906403940886	0.023049095607235136	0.09302325581395343
harmony-19	Tcell	IFN-L1	ASDC	True	1	False	False	False	False	0.0	0.0	0.0	0.0	0.0
harmony-19	Tcell	IFN-L1	B intermediate	True	4	False	True	False	False	0.875	0.775	0.03571428571428571	0.09999999999999998	0.19999999999999996
harmony-19	Tcell	IFN-L1	B naive	True	4	False	True	False	False	0.928125	0.9015625	0.0364010989010989	0.026562500000000017	0.07500000000000007
harmony-19	Tcell	IFN-L1	CD14 Mono	True	5	False	True	False	False	0.8041428571428572	0.7142857142857142	0.03626373626373626	0.08985714285714286	0.375
harmony-19	Tcell	IFN-L1	CD16 Mono	True	2	False	True	False	False	1.0	1.0	0.03571428571428571	0.0	0.0
harmony-19	Tcell	IFN-L1	CD4 CTL	True	2	True	True	False	True	0.8219114528101803	0.7559318663838812	0.03708791208791209	0.06597958642629903	0.18902439024390238
harmony-19	Tcell	IFN-L1	CD4 Naive	False	5	True	True	False	True	0.9085972815549358	0.8659638929836262	0.03626373626373626	0.042633388571309494	0.18836915297092294
harmony-19	Tcell	IFN-L1	CD4 Proliferating	True	3	False	False	False	False	0.0	0.0	0.03663003663003663	0.0	0.0
harmony-19	Tcell	IFN-L1	CD4 TCM	False	5	True	True	True	False	0.317578258426773	0.31559632389937065	0.03626373626373626	0.001981934527402368	0.05518672199170124
harmony-19	Tcell	IFN-L1	CD4 TEM	False	5	True	True	True	False	0.46284193068980956	0.4755819832288071	0.03626373626373626	-0.01274005253899756	0.048442906574394484
harmony-19	Tcell	IFN-L1	CD8 Naive	False	5	True	True	True	False	0.9823280580586552	0.9808603605830225	0.03626373626373626	0.0014676974756328675	0.017253521126760485
harmony-19	Tcell	IFN-L1	CD8 TCM	False	5	True	True	False	True	0.33099485311713694	0.28298483660303153	0.03626373626373626	0.0480100165141054	0.1419141914191419
harmony-19	Tcell	IFN-L1	CD8 TEM	False	5	True	True	True	False	0.10565866175407261	0.06942369145797006	0.03626373626373626	0.03623497029610256	0.09641693811074918
harmony-19	Tcell	IFN-L1	Eryth	True	1	False	False	False	False	0.0	0.0	0.0	0.0	0.0
harmony-19	Tcell	IFN-L1	HSPC	True	5	False	True	False	False	0.6669597069597069	0.5848921448921448	0.03626373626373626	0.08206756206756202	0.30769230769230765
harmony-19	Tcell	IFN-L1	ILC	True	5	False	True	False	False	0.09166666666666666	0.12999999999999998	0.03626373626373626	-0.03833333333333333	0.0
harmony-19	Tcell	IFN-L1	MAIT	False	5	True	True	True	False	0.9871478577928368	0.9844052057080794	0.03626373626373626	0.0027426520847573686	0.008928571428571508
harmony-19	Tcell	IFN-L1	NK	False	5	True	True	True	False	0.6380667824899409	0.6993424924802012	0.03626373626373626	-0.061275709990260475	0.06557377049180324
harmony-19	Tcell	IFN-L1	NK Proliferating	True	2	False	True	False	False	1.0	1.0	0.03571428571428571	0.0	0.0
harmony-19	Tcell	IFN-L1	NK_CD56bright	True	4	False	True	False	False	1.0	1.0	0.0364010989010989	0.0	0.0
harmony-19	Tcell	IFN-L1	Plasmablast	True	5	False	True	False	False	0.8872727272727273	0.8767464114832535	0.03626373626373626	0.010526315789473694	0.052631578947368474
harmony-19	Tcell	IFN-L1	Platelet	True	3	False	True	False	False	0.10416666666666667	0.0625	0.03571428571428571	0.041666666666666664	0.125
harmony-19	Tcell	IFN-L1	Treg	False	5	True	True	True	False	0.3338086564013688	0.3278425227576087	0.03626373626373626	0.005966133643760102	0.05363984674329503
harmony-19	Tcell	IFN-L1	cDC1	True	2	False	True	False	False	0.8333333333333333	0.8333333333333333	0.03571428571428571	0.0	0.0
harmony-19	Tcell	IFN-L1	cDC2	True	5	False	True	False	False	0.8923308270676692	0.8923308270676692	0.03626373626373626	0.0	0.0
harmony-19	Tcell	IFN-L1	dnT	True	5	False	False	False	False	0.002898550724637681	0.009350163627863489	0.03626373626373626	-0.0064516129032258064	0.0
harmony-19	Tcell	IFN-L1	gdT	False	5	True	False	False	False	0.022238770277326007	0.019269305131422564	0.03626373626373626	0.002969465145903442	0.02032520325203252
harmony-19	Tcell	IFN-L1	pDC	True	5	False	True	False	False	0.9846153846153847	0.9846153846153847	0.03626373626373626	0.0	0.0
harmony-19	Tcell	IFNa	B memory	True	1	False	False	False	False	0.0	0.0	0.0	0.0	0.0
harmony-19	Tcell	IFNa	B naive	True	2	False	True	False	False	0.5	0.5	0.04195804195804196	0.0	0.0
harmony-19	Tcell	IFNa	CD14 Mono	True	2	False	True	False	False	0.5	0.0	0.039230769230769236	0.5	1.0
harmony-19	Tcell	IFNa	CD16 Mono	True	1	False	False	False	False	0.0	0.0	0.0	0.0	0.0
harmony-19	Tcell	IFNa	CD4 CTL	True	2	True	True	True	False	0.7361757105943152	0.7194659776055125	0.04195804195804196	0.016709732988802795	0.0852713178294574
harmony-19	Tcell	IFNa	CD4 Naive	True	4	False	True	False	False	0.41097818437719913	0.49753694581280794	0.04139568764568765	-0.08655876143560873	0.10204081632653061
harmony-19	Tcell	IFNa	CD4 Proliferating	True	4	False	True	False	False	0.4583333333333333	0.4583333333333333	0.041011072261072264	0.0	0.0
harmony-19	Tcell	IFNa	CD4 TCM	False	5	True	False	False	False	0.06946695479467252	0.08268652872228624	0.04080885780885781	-0.013219573927613726	0.009379141604648797
harmony-19	Tcell	IFNa	CD4 TEM	True	5	False	False	False	False	0.013636363636363636	0.015151515151515152	0.04080885780885781	-0.0015151515151515167	0.0
harmony-19	Tcell	IFNa	CD8 Naive	False	5	True	True	True	False	0.9519373718032818	0.9518430718730165	0.04080885780885781	9.429993026526251e-05	0.019305019305019377
harmony-19	Tcell	IFNa	CD8 TCM	True	4	False	True	False	False	0.45276126824330776	0.433519456365837	0.04139568764568765	0.01924181187747076	0.24691358024691357
harmony-19	Tcell	IFNa	CD8 TEM	False	5	True	True	False	True	0.44073410190104684	0.5256772335526729	0.04080885780885781	-0.08494313165162595	0.1422515308525671
harmony-19	Tcell	IFNa	HSPC	True	5	False	True	False	False	0.7089822595704949	0.7240087145969499	0.04080885780885781	-0.015026455026455044	0.033333333333333326
harmony-19	Tcell	IFNa	ILC	True	1	False	False	False	False	0.0	0.0	0.0	0.0	0.0
harmony-19	Tcell	IFNa	MAIT	False	5	True	True	True	False	0.9736634755636528	0.9733561752723909	0.04080885780885781	0.0003073002912618028	0.01744186046511631
harmony-19	Tcell	IFNa	NK	True	5	False	True	False	False	0.6838461538461539	0.670448717948718	0.04080885780885781	0.013397435897435894	0.1875
harmony-19	Tcell	IFNa	NK Proliferating	True	1	False	False	False	False	0.0	0.0	0.0	0.0	0.0
harmony-19	Tcell	IFNa	NK_CD56bright	True	1	False	False	False	False	0.0	0.0	0.0	0.0	0.0
harmony-19	Tcell	IFNa	Plasmablast	True	5	False	True	False	False	0.8925925925925926	0.8777777777777779	0.04080885780885781	0.014814814814814814	0.07407407407407407
harmony-19	Tcell	IFNa	Platelet	True	1	False	False	False	False	0.0	0.0	0.0	0.0	0.0
harmony-19	Tcell	IFNa	Treg	True	3	False	True	False	False	0.7037037037037037	0.5555555555555555	0.03952991452991453	0.14814814814814817	0.33333333333333337
harmony-19	Tcell	IFNa	cDC1	True	1	False	False	False	False	0.0	0.0	0.0	0.0	0.0
harmony-19	Tcell	IFNa	cDC2	True	3	False	True	False	False	0.16666666666666666	0.47222222222222227	0.038974358974358976	-0.3055555555555556	0.08333333333333331
harmony-19	Tcell	IFNa	dnT	True	5	False	False	False	False	0.04444444444444444	0.04444444444444444	0.04080885780885781	0.0	0.0
harmony-19	Tcell	IFNa	gdT	False	5	True	False	False	False	0.06296079815391051	0.0712272647945759	0.04080885780885781	-0.008266466640665406	0.020408163265306124
harmony-19	Tcell	IFNa	pDC	True	5	False	True	False	False	1.0	1.0	0.04080885780885781	0.0	0.0
harmony-19	Tcell	IFNb	B intermediate	True	2	False	True	False	False	1.0	1.0	0.04	0.0	0.0
harmony-19	Tcell	IFNb	B memory	True	1	False	False	False	False	0.0	0.0	0.0	0.0	0.0
harmony-19	Tcell	IFNb	CD14 Mono	True	2	False	True	False	False	0.5	0.5	0.04	0.0	0.0
harmony-19	Tcell	IFNb	CD4 CTL	True	3	False	True	False	False	0.656236559139785	0.6331182795698925	0.042373737373737376	0.023118279569892448	0.4193548387096774
harmony-19	Tcell	IFNb	CD4 Naive	True	3	False	True	False	False	0.7345679012345679	0.7170240415854451	0.04181818181818182	0.017543859649122823	0.052631578947368474
harmony-19	Tcell	IFNb	CD4 Proliferating	True	4	False	True	False	False	0.25	0.125	0.041363636363636366	0.125	0.5
harmony-19	Tcell	IFNb	CD4 TCM	False	5	True	True	True	False	0.12679421167212776	0.1365073128060971	0.04142424242424243	-0.009713101133969339	0.00835879920905986
harmony-19	Tcell	IFNb	CD4 TEM	True	5	False	True	False	False	0.18118149234278266	0.17772694688823723	0.04142424242424243	0.0034545454545454545	0.03999999999999998
harmony-19	Tcell	IFNb	CD8 Naive	False	5	True	True	True	False	0.8033480392873369	0.8026741743257817	0.04142424242424243	0.0006738649615549485	0.02631578947368418
harmony-19	Tcell	IFNb	CD8 TCM	True	4	False	True	False	False	0.4473537522736607	0.4773171781180934	0.04041666666666667	-0.029963425844432706	0.23076923076923073
harmony-19	Tcell	IFNb	CD8 TEM	False	5	True	True	True	False	0.41687332954840894	0.48110110650499865	0.04142424242424243	-0.06422777695658974	0.02639999999999998
harmony-19	Tcell	IFNb	Eryth	True	1	False	False	False	False	0.0	0.0	0.0	0.0	0.0
harmony-19	Tcell	IFNb	HSPC	True	5	False	True	False	False	0.45445022813443875	0.5121425358267464	0.04142424242424243	-0.05769230769230769	0.05263157894736842
harmony-19	Tcell	IFNb	ILC	True	2	False	False	False	False	0.0	0.0	0.04083333333333333	0.0	0.0
harmony-19	Tcell	IFNb	MAIT	False	5	True	True	True	False	0.9700359039486767	0.9770414432122804	0.04142424242424243	-0.007005539263603766	0.005376344086021501
harmony-19	Tcell	IFNb	NK	True	5	False	True	False	False	0.6096884702293188	0.6590482687213052	0.04142424242424243	-0.04935979849198639	0.11111111111111116
harmony-19	Tcell	IFNb	NK Proliferating	True	1	False	False	False	False	0.0	0.0	0.0	0.0	0.0
harmony-19	Tcell	IFNb	NK_CD56bright	True	2	False	True	False	False	0.5	0.5	0.04083333333333333	0.0	0.0
harmony-19	Tcell	IFNb	Plasmablast	True	4	False	True	False	False	0.9642857142857143	0.956221198156682	0.041363636363636366	0.008064516129032251	0.032258064516129004
harmony-19	Tcell	IFNb	Platelet	True	1	False	False	False	False	0.0	0.0	0.0	0.0	0.0
harmony-19	Tcell	IFNb	Treg	True	2	False	True	False	False	0.25	0.25	0.04	0.0	0.0
harmony-19	Tcell	IFNb	cDC2	True	3	False	True	False	False	1.0	1.0	0.04055555555555556	0.0	0.0
harmony-19	Tcell	IFNb	dnT	True	5	False	True	False	False	0.2010170807453416	0.16810041407867493	0.04142424242424243	0.032916666666666664	0.13333333333333333
harmony-19	Tcell	IFNb	gdT	False	5	True	False	False	False	0.07004278049328468	0.05101529339488862	0.04142424242424243	0.019027487098396047	0.035460992907801414
harmony-19	Tcell	IFNb	pDC	True	5	False	True	False	False	1.0	1.0	0.04142424242424243	0.0	0.0
harmony-19	Tcell	IFNg	ASDC	True	1	False	False	False	False	0.0	0.0	0.0	0.0	0.0
harmony-19	Tcell	IFNg	B intermediate	True	5	False	True	False	False	0.21884057971014492	0.125	0.03552482000757863	0.09384057971014492	0.3333333333333333
harmony-19	Tcell	IFNg	B memory	True	1	False	False	False	False	0.0	0.0	0.0	0.0	0.0
harmony-19	Tcell	IFNg	B naive	True	5	False	True	False	False	0.8866666666666667	0.8933333333333333	0.03552482000757863	-0.006666666666666665	0.033333333333333326
harmony-19	Tcell	IFNg	CD14 Mono	True	4	False	True	False	False	0.6125	0.5722222222222222	0.03547745358090186	0.0402777777777778	0.11111111111111116
harmony-19	Tcell	IFNg	CD16 Mono	True	2	False	True	False	False	0.25	0.25	0.035098522167487683	0.0	0.0
harmony-19	Tcell	IFNg	CD4 CTL	False	3	False	True	False	False	0.9520831827272946	0.9349261427986216	0.036219527598837946	0.017157039928672974	0.08595387840670865
harmony-19	Tcell	IFNg	CD4 Naive	False	5	True	True	False	True	0.8860983917954929	0.8632821809831366	0.03552482000757863	0.02281621081235623	0.1521287642782969
harmony-19	Tcell	IFNg	CD4 Proliferating	True	4	False	False	False	False	0.014705882352941176	0.014705882352941176	0.03547745358090186	0.0	0.0
harmony-19	Tcell	IFNg	CD4 TCM	False	5	True	True	True	False	0.17655173658761866	0.17181946357387973	0.03552482000757863	0.004732273013738936	0.0394736842105263
harmony-19	Tcell	IFNg	CD4 TEM	False	5	True	True	True	False	0.47556607058504075	0.49315953318988537	0.03552482000757863	-0.0175934626048447	0.019512195121951237
harmony-19	Tcell	IFNg	CD8 Naive	False	5	True	True	True	False	0.978364745536952	0.9790122976517258	0.03552482000757863	-0.000647552114773875	0.017326732673267342
harmony-19	Tcell	IFNg	CD8 TCM	False	5	True	True	False	True	0.37234500972796825	0.40162335888779904	0.03552482000757863	-0.02927834915983079	0.11032028469750887
harmony-19	Tcell	IFNg	CD8 TEM	False	5	True	True	True	False	0.5744784757177764	0.6518764838119918	0.03552482000757863	-0.0773980080942155	-0.009635237439779787
harmony-19	Tcell	IFNg	Eryth	True	1	False	False	False	False	0.0	0.0	0.0	0.0	0.0
harmony-19	Tcell	IFNg	HSPC	True	5	False	True	False	False	0.42440476190476195	0.4325487012987013	0.03552482000757863	-0.00814393939393938	0.15625
harmony-19	Tcell	IFNg	ILC	True	5	False	True	False	False	0.23232323232323232	0.1797979797979798	0.03552482000757863	0.05252525252525251	0.11111111111111105
harmony-19	Tcell	IFNg	MAIT	False	5	True	True	True	False	0.9916129481298428	0.9920988415467707	0.03552482000757863	-0.00048589341692790723	0.011363636363636354
harmony-19	Tcell	IFNg	NK	False	5	True	True	True	False	0.5044386346957981	0.5685919463725156	0.03552482000757863	-0.06415331167671745	-0.017094017094017033
harmony-19	Tcell	IFNg	NK Proliferating	True	2	False	False	False	False	0.0	0.0	0.03647214854111406	0.0	0.0
harmony-19	Tcell	IFNg	NK_CD56bright	True	1	False	False	False	False	0.0	0.0	0.0	0.0	0.0
harmony-19	Tcell	IFNg	Plasmablast	True	5	False	True	False	False	0.6625	0.5847222222222223	0.03552482000757863	0.07777777777777779	0.375
harmony-19	Tcell	IFNg	Platelet	True	2	False	True	False	False	0.6666666666666666	0.8333333333333333	0.03647214854111406	-0.16666666666666666	0.0
harmony-19	Tcell	IFNg	Treg	False	5	True	True	True	False	0.6547656060506146	0.6554230423823946	0.03552482000757863	-0.0006574363317801036	0.043165467625899234
harmony-19	Tcell	IFNg	cDC1	True	5	False	True	False	False	0.6666666666666666	0.6666666666666666	0.03552482000757863	0.0	0.0
harmony-19	Tcell	IFNg	cDC2	True	5	False	True	False	False	0.8929971988795519	0.8929971988795519	0.03552482000757863	0.0	0.0
harmony-19	Tcell	IFNg	dnT	True	5	False	False	False	False	0.017823639774859287	0.02035528534447954	0.03552482000757863	-0.002531645569620253	0.0
harmony-19	Tcell	IFNg	gdT	False	5	True	False	False	False	0.022047427424053558	0.018065443347428524	0.03552482000757863	0.003981984076625032	0.02531645569620253
harmony-19	Tcell	IFNg	pDC	True	5	False	True	False	False	0.9333333333333332	0.9333333333333332	0.03552482000757863	0.0	0.0
harmony-19	Tcell	none	ASDC	True	2	False	False	False	False	0.0	0.0	0.03333333333333333	0.0	0.0
harmony-19	Tcell	none	B intermediate	True	4	False	True	False	False	0.7146464646464646	0.6502525252525253	0.03362068965517241	0.06439393939393939	0.2222222222222222
harmony-19	Tcell	none	B memory	True	2	False	False	False	False	0.0	0.0	0.0339080459770115	0.0	0.0
harmony-19	Tcell	none	B naive	True	3	False	True	False	False	0.8690476190476191	0.8888888888888888	0.03371647509578544	-0.01984126984126977	0.04761904761904767
harmony-19	Tcell	none	CD14 Mono	True	5	False	True	False	False	0.9117480220928498	0.8779220779220779	0.033563218390804596	0.03382594417077174	0.2857142857142857
harmony-19	Tcell	none	CD16 Mono	True	5	False	True	False	False	0.37333333333333335	0.16666666666666666	0.033563218390804596	0.20666666666666664	0.5
harmony-19	Tcell	none	CD4 CTL	False	5	False	True	False	False	0.8942402980611099	0.905184522120094	0.033563218390804596	-0.010944224058983987	0.05419222903885479
harmony-19	Tcell	none	CD4 Naive	False	5	True	True	False	True	0.9030158184722195	0.8796868857330633	0.033563218390804596	0.02332893273915615	0.11037851037851032
harmony-19	Tcell	none	CD4 Proliferating	True	4	False	True	False	False	0.2781045751633987	0.14869281045751634	0.03362068965517241	0.12941176470588234	0.4
harmony-19	Tcell	none	CD4 TCM	False	5	True	True	True	False	0.5476637694043843	0.555461636223405	0.033563218390804596	-0.007797866819020805	0.029843619434165025
harmony-19	Tcell	none	CD4 TEM	False	5	True	True	True	False	0.40783509128614853	0.4099867736119716	0.033563218390804596	-0.002151682325823079	0.021756647864625334
harmony-19	Tcell	none	CD8 Naive	False	5	True	True	True	False	0.979260096266031	0.9790115667342538	0.033563218390804596	0.0002485295317772529	0.01901692183722803
harmony-19	Tcell	none	CD8 Proliferating	True	2	False	True	False	False	0.3333333333333333	0.3333333333333333	0.03333333333333333	0.0	0.0
harmony-19	Tcell	none	CD8 TCM	False	5	True	True	False	True	0.25598407316902344	0.2518770272050299	0.033563218390804596	0.004107045963993516	0.10248447204968947
harmony-19	Tcell	none	CD8 TEM	False	5	True	True	True	False	0.35603048294862993	0.40631878314037806	0.033563218390804596	-0.050288300191748084	0.02358490566037738
harmony-19	Tcell	none	Eryth	True	1	False	False	False	False	0.0	0.0	0.0	0.0	0.0
harmony-19	Tcell	none	HSPC	True	5	True	True	True	False	0.2826620177673644	0.3682373232730883	0.033563218390804596	-0.08557530550572383	0.0
harmony-19	Tcell	none	ILC	True	5	False	False	False	False	0.03518518518518519	0.04684791174152876	0.033563218390804596	-0.011662726556343577	0.0
harmony-19	Tcell	none	MAIT	False	5	True	True	True	False	0.990609688016548	0.9927238909620376	0.033563218390804596	-0.002114202945489563	0.0
harmony-19	Tcell	none	NK	True	5	True	True	False	True	0.6424468194385252	0.6405757903594183	0.033563218390804596	0.0018710290791069673	0.13181818181818183
harmony-19	Tcell	none	NK Proliferating	True	3	False	False	False	False	0.0	0.0	0.03371647509578544	0.0	0.0
harmony-19	Tcell	none	NK_CD56bright	True	3	False	True	False	False	1.0	1.0	0.03333333333333333	0.0	0.0
harmony-19	Tcell	none	Plasmablast	True	5	False	True	False	False	0.8833333333333334	0.8833333333333334	0.033563218390804596	0.0	0.0
harmony-19	Tcell	none	Platelet	True	5	False	True	False	False	1.0	1.0	0.033563218390804596	0.0	0.0
harmony-19	Tcell	none	Treg	False	5	True	True	True	False	0.17820867331965246	0.19413247830678076	0.033563218390804596	-0.015923804987128302	0.03353658536585366
harmony-19	Tcell	none	cDC1	True	5	False	True	False	False	0.4523809523809524	0.3619047619047619	0.033563218390804596	0.09047619047619049	0.33333333333333337
harmony-19	Tcell	none	cDC2	True	5	False	True	False	False	0.7631490015360982	0.7560522273425498	0.033563218390804596	0.0070967741935483945	0.09999999999999998
harmony-19	Tcell	none	dnT	True	5	False	False	False	False	0.01563097033685269	0.027585571997336706	0.033563218390804596	-0.011954601660484013	0.013888888888888888
harmony-19	Tcell	none	gdT	False	5	True	False	False	False	0.007171120297495173	0.007132497305418659	0.033563218390804596	3.862299207651534e-05	0.005649717514124294
harmony-19	Tcell	none	pDC	True	5	False	True	False	False	0.875	0.875	0.033563218390804596	0.0	0.0
harmony-41	Bcell	IFN-L1	ASDC	True	1	False	False	False	False	0.0	0.0	0.0	0.0	0.0
harmony-41	Bcell	IFN-L1	B intermediate	False	5	True	True	False	True	0.44231796582834065	0.28742951088461005	0.05620915032679739	0.15488845494373063	0.2929340196537202
harmony-41	Bcell	IFN-L1	B memory	False	5	True	True	True	False	0.812103740163572	0.8681296947960799	0.05620915032679739	-0.0560259546325079	0.012931034482758563
harmony-41	Bcell	IFN-L1	B naive	False	5	True	True	True	False	0.9291028918718238	0.9400176109917739	0.05620915032679739	-0.010914719119950145	0.04154250657318137
harmony-41	Bcell	IFN-L1	CD16 Mono	True	3	False	True	False	False	1.0	0.9444444444444445	0.056644880174291944	0.055555555555555546	0.16666666666666663
harmony-41	Bcell	IFN-L1	CD4 TCM	False	5	True	False	False	False	0.08259071477671778	0.09505106678621975	0.05620915032679739	-0.012460352009501956	0.007853403141361258
harmony-41	Bcell	IFN-L1	CD4 TEM	True	3	False	True	False	False	0.3446054750402577	0.3671497584541063	0.056644880174291944	-0.02254428341384862	0.043478260869565244
harmony-41	Bcell	IFN-L1	CD8 Naive	True	2	False	True	False	False	0.15	0.15	0.05555555555555555	0.0	0.0
harmony-41	Bcell	IFN-L1	HSPC	False	5	True	True	True	False	0.8003653763614246	0.7973584849980678	0.05620915032679739	0.003006891363356545	0.018018018018018056
harmony-41	Bcell	IFN-L1	ILC	True	5	True	True	False	True	0.37187403993855606	0.35351254480286737	0.05620915032679739	0.018361495135688688	0.13571428571428573
harmony-41	Bcell	IFN-L1	MAIT	True	4	False	True	False	False	0.9821428571428572	0.9821428571428572	0.056372549019607844	0.0	0.0
harmony-41	Bcell	IFN-L1	NK	True	5	False	True	False	False	0.825389354144168	0.835474017020872	0.05620915032679739	-0.010084662876703954	0.375
harmony-41	Bcell	IFN-L1	NK Proliferating	True	2	False	False	False	False	0.0	0.0	0.05718954248366013	0.0	0.0
harmony-41	Bcell	IFN-L1	Plasmablast	False	5	True	True	True	False	0.8423219734122209	0.8441342213880707	0.05620915032679739	-0.0018122479758497345	0.026315789473684292
harmony-41	Bcell	IFN-L1	cDC1	True	4	False	True	False	False	0.9375	0.9375	0.056372549019607844	0.0	0.0
harmony-41	Bcell	IFN-L1	cDC2	True	5	False	True	False	False	0.7565441176470589	0.7722303921568627	0.05620915032679739	-0.01568627450980391	0.0625
harmony-41	Bcell	IFN-L1	gdT	True	2	False	False	False	False	0.0	0.0	0.05555555555555555	0.0	0.0
harmony-41	Bcell	IFN-L1	pDC	True	5	False	True	False	False	1.0	1.0	0.05620915032679739	0.0	0.0
harmony-41	Bcell	IFNa	B intermediate	False	5	True	True	False	True	0.5423593837022727	0.38888094013930136	0.07532467532467532	0.15347844356297127	0.3740526081141328
harmony-41	Bcell	IFNa	B memory	False	5	True	True	True	False	0.7508916817013235	0.8051010189927921	0.07532467532467532	-0.054209337291468554	0.0032051282051281937
harmony-41	Bcell	IFNa	B naive	False	5	True	True	True	False	0.932645509731197	0.9433339598526395	0.07532467532467532	-0.01068845012144275	0.08544976854747899
harmony-41	Bcell	IFNa	CD14 Mono	True	3	False	True	False	False	0.7083333333333334	0.625	0.07792207792207792	0.08333333333333333	0.25
harmony-41	Bcell	IFNa	CD4 Proliferating	True	1	False	False	False	False	0.0	0.0	0.0	0.0	0.0
harmony-41	Bcell	IFNa	CD4 TCM	False	5	True	True	True	False	0.3570149728645371	0.35980145786985473	0.07532467532467532	-0.0027864850053176266	0.04938271604938271
harmony-41	Bcell	IFNa	CD8 Naive	True	2	False	True	False	False	0.42021276595744683	0.4095744680851064	0.07142857142857142	0.010638297872340413	0.021276595744680826
harmony-41	Bcell	IFNa	HSPC	False	5	True	True	True	False	0.8055468365979556	0.8130791694098081	0.07532467532467532	-0.007532332811852593	0.014440433212996373
harmony-41	Bcell	IFNa	ILC	True	1	False	False	False	False	0.0	0.0	0.0	0.0	0.0
harmony-41	Bcell	IFNa	NK	True	5	False	True	False	False	0.8336729936729939	0.8822444222444222	0.07532467532467532	-0.04857142857142856	0.0
harmony-41	Bcell	IFNa	Plasmablast	False	5	True	True	True	False	0.8916348357524828	0.9018309141838554	0.07532467532467532	-0.010196078431372536	0.007843137254902044
harmony-41	Bcell	IFNa	cDC2	True	5	True	True	False	True	0.5137540672386033	0.5136656573666883	0.07532467532467532	8.840987191501282e-05	0.20833333333333334
harmony-41	Bcell	IFNa	dnT	True	1	False	False	False	False	0.0	0.0	0.0	0.0	0.0
harmony-41	Bcell	IFNa	pDC	True	5	False	True	False	False	1.0	1.0	0.07532467532467532	0.0	0.0
harmony-41	Bcell	IFNb	B intermediate	False	5	True	True	False	True	0.6593985728072058	0.5841188853289966	0.06857142857142857	0.07527968747820929	0.3545568039950063
harmony-41	Bcell	IFNb	B memory	False	5	True	True	False	True	0.6806325257008237	0.6984730072684945	0.06857142857142857	-0.01784048156767082	0.15601300108342364
harmony-41	Bcell	IFNb	B naive	False	5	True	True	True	False	0.9101777256988368	0.9316379067969123	0.06857142857142857	-0.02146018109807555	0.05840707964601777
harmony-41	Bcell	IFNb	CD14 Mono	True	3	False	True	False	False	0.13333333333333333	0.06666666666666667	0.06984126984126984	0.06666666666666667	0.2
harmony-41	Bcell	IFNb	CD4 TCM	False	5	True	True	True	False	0.5926186664870862	0.5826242462434471	0.06857142857142857	0.009994420243639269	0.030534351145038108
harmony-41	Bcell	IFNb	CD8 Naive	True	3	False	True	False	False	0.7888888888888889	0.8157407407407407	0.06984126984126983	-0.02685185185185183	0.07500000000000007
harmony-41	Bcell	IFNb	HSPC	False	5	True	True	True	False	0.7794736237363067	0.7704419077669185	0.06857142857142857	0.009031715969388232	0.05905511811023623
harmony-41	Bcell	IFNb	ILC	True	2	False	True	False	False	0.6153846153846154	0.6153846153846154	0.07142857142857142	0.0	0.0
harmony-41	Bcell	IFNb	NK	True	5	False	True	False	False	0.8521304048064613	0.7810923244726062	0.06857142857142857	0.07103808033385499	0.20000000000000007
harmony-41	Bcell	IFNb	NK Proliferating	True	1	False	False	False	False	0.0	0.0	0.0	0.0	0.0
harmony-41	Bcell	IFNb	NK_CD56bright	True	2	False	True	False	False	0.5	0.5	0.06904761904761905	0.0	0.0
harmony-41	Bcell	IFNb	Plasmablast	False	5	True	True	True	False	0.8396874097821477	0.8537798574626485	0.06857142857142857	-0.01409244768050084	0.01807228915662651
harmony-41	Bcell	IFNb	cDC1	True	1	False	False	False	False	0.0	0.0	0.0	0.0	0.0
harmony-41	Bcell	IFNb	cDC2	True	5	False	True	False	False	0.6925137711374101	0.7735650543790735	0.06857142857142857	-0.08105128324166345	0.07692307692307698
harmony-41	Bcell	IFNb	pDC	True	5	False	True	False	False	1.0	1.0	0.06857142857142857	0.0	0.0
harmony-41	Bcell	IFNg	ASDC	True	1	False	False	False	False	0.0	0.0	0.0	0.0	0.0
harmony-41	Bcell	IFNg	B intermediate	False	5	True	True	False	True	0.3103886953515568	0.22368381847690322	0.04692759566901443	0.08670487687465353	0.22970085470085472
harmony-41	Bcell	IFNg	B memory	False	5	True	True	True	False	0.8762189530642622	0.8847865416522792	0.04692759566901443	-0.008567588588017028	0.09935205183585305
harmony-41	Bcell	IFNg	B naive	False	5	True	True	True	False	0.975320137769358	0.9765507144808282	0.04692759566901443	-0.0012305767114701104	0.025077524605635726
harmony-41	Bcell	IFNg	CD14 Mono	True	4	False	True	False	False	0.27380952380952384	0.27380952380952384	0.047789929368876743	0.0	0.0
harmony-41	Bcell	IFNg	CD16 Mono	True	1	False	False	False	False	0.0	0.0	0.0	0.0	0.0
harmony-41	Bcell	IFNg	CD4 Naive	True	1	False	False	False	False	0.0	0.0	0.0	0.0	0.0
harmony-41	Bcell	IFNg	CD4 TCM	False	5	True	True	True	False	0.1548372090826002	0.14726145150684264	0.04692759566901443	0.007575757575757574	0.02272727272727272
harmony-41	Bcell	IFNg	CD4 TEM	True	3	False	True	False	False	0.1111111111111111	0.0	0.04856839067365384	0.1111111111111111	0.3333333333333333
harmony-41	Bcell	IFNg	CD8 Naive	True	4	False	True	False	False	0.475	0.475	0.047789929368876743	0.0	0.0
harmony-41	Bcell	IFNg	CD8 TEM	True	1	False	False	False	False	0.0	0.0	0.0	0.0	0.0
harmony-41	Bcell	IFNg	Eryth	True	1	False	False	False	False	0.0	0.0	0.0	0.0	0.0
harmony-41	Bcell	IFNg	HSPC	False	5	True	True	True	False	0.3187330207709549	0.3139181849206901	0.04692759566901443	0.004814835850264795	0.040650406504065054
harmony-41	Bcell	IFNg	ILC	True	5	False	True	False	False	0.23004480286738352	0.22847104319939632	0.04692759566901443	0.001573759667987193	0.06666666666666667
harmony-41	Bcell	IFNg	MAIT	True	3	False	True	False	False	0.9259259259259259	0.9074074074074074	0.04856839067365384	0.018518518518518528	0.16666666666666663
harmony-41	Bcell	IFNg	NK	True	5	False	True	False	False	0.5014976251711543	0.46251711542602686	0.04692759566901443	0.038980509745127456	0.10869565217391308
harmony-41	Bcell	IFNg	NK Proliferating	True	1	False	False	False	False	0.0	0.0	0.0	0.0	0.0
harmony-41	Bcell	IFNg	Plasmablast	False	5	True	True	True	False	0.918791983806887	0.9269476838776392	0.04692759566901443	-0.008155700070752215	0.0036429872495447047
harmony-41	Bcell	IFNg	Treg	True	1	False	False	False	False	0.0	0.0	0.0	0.0	0.0
harmony-41	Bcell	IFNg	cDC1	True	4	False	True	False	False	0.4317653890824622	0.244047619047619	0.04729585822263167	0.1877177700348432	0.7142857142857142
harmony-41	Bcell	IFNg	cDC2	True	4	False	False	False	False	0.0026595744680851063	0.14648809523809525	0.045501599849425936	-0.14382852077001013	0.010638297872340425
harmony-41	Bcell	IFNg	gdT	True	1	False	False	False	False	0.0	0.0	0.0	0.0	0.0
harmony-41	Bcell	IFNg	pDC	True	5	False	True	False	False	1.0	1.0	0.04692759566901443	0.0	0.0
harmony-41	Bcell	none	ASDC	True	3	False	True	False	False	0.4444444444444444	0.5	0.05360623781676413	-0.05555555555555556	0.0
harmony-41	Bcell	none	B intermediate	False	5	True	True	False	True	0.3693358852917828	0.2815561051280126	0.05380116959064327	0.08777978016377017	0.21156025689459768
harmony-41	Bcell	none	B memory	False	5	True	True	True	False	0.8650918449148124	0.8878902040247858	0.05380116959064327	-0.02279835910997363	0.05724907063197027
harmony-41	Bcell	none	B naive	False	5	True	True	True	False	0.9528350287184976	0.9569692514859358	0.05380116959064327	-0.004134222767438333	0.03821768228249389
harmony-41	Bcell	none	CD14 Mono	True	2	False	True	False	False	0.47058823529411764	0.5625	0.054093567251461985	-0.09191176470588236	-0.05882352941176472
harmony-41	Bcell	none	CD16 Mono	True	3	False	True	False	False	0.20370370370370372	0.1851851851851852	0.05458089668615984	0.018518518518518528	0.05555555555555558
harmony-41	Bcell	none	CD4 TCM	True	5	False	True	False	False	0.1259827753945401	0.13870182105476223	0.05380116959064327	-0.012719045660222136	0.04545454545454544
harmony-41	Bcell	none	CD4 TEM	True	4	False	True	False	False	0.6666666666666666	0.625	0.0533625730994152	0.04166666666666666	0.16666666666666663
harmony-41	Bcell	none	CD8 Naive	True	3	False	True	False	False	0.3703703703703704	0.3703703703703704	0.05458089668615984	0.0	0.0
harmony-41	Bcell	none	HSPC	False	5	True	True	True	False	0.7906652777144656	0.7950499446570087	0.05380116959064327	-0.004384666942542958	0.019157088122605304
harmony-41	Bcell	none	ILC	True	5	True	True	False	True	0.16019261304173069	0.15061583889718222	0.05380116959064327	0.009576774144548477	0.1559633027522936
harmony-41	Bcell	none	MAIT	True	5	False	True	False	False	0.8395238095238096	0.8061904761904761	0.05380116959064327	0.033333333333333326	0.16666666666666663
harmony-41	Bcell	none	NK	True	5	False	True	False	False	0.9939393939393939	0.98989898989899	0.05380116959064327	0.004040404040404044	0.02020202020202022
harmony-41	Bcell	none	Plasmablast	False	5	True	True	True	False	0.9960110691144708	0.9991360691144708	0.05380116959064327	-0.003125	0.0
harmony-41	Bcell	none	cDC1	True	4	False	True	False	False	0.4583333333333333	0.4583333333333333	0.054093567251461985	0.0	0.0
harmony-41	Bcell	none	cDC2	True	5	False	True	False	False	0.8733451275246941	0.8890594132389799	0.05380116959064327	-0.0157142857142857	0.0
harmony-41	Bcell	none	dnT	True	1	False	False	False	False	0.0	0.0	0.0	0.0	0.0
harmony-41	Bcell	none	gdT	True	1	False	False	False	False	0.0	0.0	0.0	0.0	0.0
harmony-41	Bcell	none	pDC	True	3	False	False	False	False	0.041666666666666664	0.041666666666666664	0.05458089668615984	0.0	0.0
harmony-41	Monocyte	IFN-L1	B intermediate	True	2	False	True	False	False	0.9166666666666667	0.9166666666666667	0.06111111111111111	0.0	0.0
harmony-41	Monocyte	IFN-L1	B naive	True	1	False	False	False	False	0.0	0.0	0.0	0.0	0.0
harmony-41	Monocyte	IFN-L1	CD14 Mono	False	5	True	True	False	True	0.6561336224755324	0.7242569508969243	0.0584313725490196	-0.06812332842139175	0.12945308580030102
harmony-41	Monocyte	IFN-L1	CD16 Mono	False	3	True	True	True	False	0.6744005086305881	0.6934747654180807	0.05555555555555555	-0.019074256787492694	0.06994619523443513
harmony-41	Monocyte	IFN-L1	CD4 Naive	True	1	False	False	False	False	0.0	0.0	0.0	0.0	0.0
harmony-41	Monocyte	IFN-L1	CD4 TCM	False	5	True	False	False	False	0.015308933490751672	0.018251781888145524	0.0584313725490196	-0.002942848397393852	0.0
harmony-41	Monocyte	IFN-L1	CD4 TEM	True	2	False	True	False	False	0.8125	0.8125	0.06274509803921569	0.0	0.0
harmony-41	Monocyte	IFN-L1	HSPC	True	5	True	True	False	True	0.7225888388388388	0.7369828482328481	0.0584313725490196	-0.014394009394009389	0.11851851851851858
harmony-41	Monocyte	IFN-L1	ILC	True	3	True	True	True	False	0.23103825136612022	0.20316939890710384	0.06034858387799564	0.02786885245901639	0.06
harmony-41	Monocyte	IFN-L1	MAIT	True	2	False	False	False	False	0.07142857142857142	0.07142857142857142	0.06274509803921569	0.0	0.0
harmony-41	Monocyte	IFN-L1	NK	True	5	False	True	False	False	0.8616082659478886	0.8327553159628632	0.0584313725490196	0.028852949985025456	0.11111111111111105
harmony-41	Monocyte	IFN-L1	NK_CD56bright	True	1	False	False	False	False	0.0	0.0	0.0	0.0	0.0
harmony-41	Monocyte	IFN-L1	Plasmablast	True	5	False	True	False	False	0.9908666320705759	0.9951219512195122	0.0584313725490196	-0.004255319148936176	0.0
harmony-41	Monocyte	IFN-L1	Platelet	True	5	False	True	False	False	0.9535497835497836	0.9535497835497836	0.0584313725490196	0.0	0.0
harmony-41	Monocyte	IFN-L1	Treg	True	1	False	False	False	False	0.0	0.0	0.0	0.0	0.0
harmony-41	Monocyte	IFN-L1	cDC1	True	3	False	True	False	False	0.5202020202020202	0.51010101010101	0.06034858387799564	0.010101010101010102	0.030303030303030304
harmony-41	Monocyte	IFN-L1	cDC2	False	5	False	False	False	False	0.06677883026777605	0.034035711821394886	0.0584313725490196	0.03274311844638115	0.13207547169811323
harmony-41	Monocyte	IFN-L1	pDC	False	5	True	True	True	False	0.9677954226454929	0.9658823529411766	0.0584313725490196	0.0019130697043163503	0.04117647058823526
harmony-41	Monocyte	IFNa	B intermediate	True	3	False	True	False	False	0.7222222222222222	0.8333333333333334	0.07905982905982906	-0.11111111111111112	0.0
harmony-41	Monocyte	IFNa	B naive	True	2	False	True	False	False	0.825	0.725	0.07692307692307693	0.1	0.2
harmony-41	Monocyte	IFNa	CD14 Mono	False	5	True	True	False	True	0.7121426157969195	0.6822262893861074	0.0782051282051282	0.02991632641081209	0.3347685683530678
harmony-41	Monocyte	IFNa	CD16 Mono	False	5	False	True	False	False	0.48029550454217584	0.632228913343139	0.0782051282051282	-0.15193340880096312	0.25
harmony-41	Monocyte	IFNa	CD4 TCM	False	5	True	True	True	False	0.16610192086733638	0.20772532733448093	0.0782051282051282	-0.041623406467144505	-0.00536193029490617
harmony-41	Monocyte	IFNa	HSPC	True	5	True	True	True	False	0.8664997432007742	0.8683954850965161	0.0782051282051282	-0.0018957418957419093	0.05405405405405406
harmony-41	Monocyte	IFNa	NK	True	5	False	True	False	False	0.9181818181818182	0.886818181818182	0.0782051282051282	0.03136363636363637	0.125
harmony-41	Monocyte	IFNa	NK Proliferating	True	1	False	False	False	False	0.0	0.0	0.0	0.0	0.0
harmony-41	Monocyte	IFNa	Plasmablast	True	5	False	True	False	False	0.9203703703703703	0.962962962962963	0.0782051282051282	-0.042592592592592605	0.03703703703703698
harmony-41	Monocyte	IFNa	Platelet	True	5	False	True	False	False	0.9785751334858886	0.9756765827612508	0.0782051282051282	0.002898550724637694	0.01449275362318847
harmony-41	Monocyte	IFNa	cDC1	True	2	False	False	False	False	0.0	0.0	0.08012820512820512	0.0	0.0
harmony-41	Monocyte	IFNa	cDC2	True	5	False	True	False	False	0.2	0.20792985131528785	0.0782051282051282	-0.00792985131528784	0.0
harmony-41	Monocyte	IFNa	pDC	False	5	True	True	True	False	0.9984962406015038	0.9985776145335385	0.0782051282051282	-8.1373932034845e-05	0.005464480874316946
harmony-41	Monocyte	IFNb	B intermediate	True	2	False	True	False	False	1.0	1.0	0.08571428571428572	0.0	0.0
harmony-41	Monocyte	IFNb	B naive	True	1	False	False	False	False	0.0	0.0	0.0	0.0	0.0
harmony-41	Monocyte	IFNb	CD14 Mono	False	5	True	True	False	True	0.6301293973985942	0.5725377933809769	0.07714285714285714	0.05759160401761726	0.357637842723712
harmony-41	Monocyte	IFNb	CD16 Mono	False	3	False	True	False	False	0.5972509915945762	0.8482940794189675	0.08095238095238096	-0.25104308782439144	0.045281141151103044
harmony-41	Monocyte	IFNb	CD4 TCM	False	5	True	True	True	False	0.17981440542537444	0.2073802655840078	0.07714285714285714	-0.027565860158633364	0.012406947890818865
harmony-41	Monocyte	IFNb	HSPC	True	5	True	True	False	True	0.7340382529214349	0.6978003246427824	0.07714285714285714	0.036237928278652486	0.1417322834645669
harmony-41	Monocyte	IFNb	NK	True	5	False	True	False	False	0.7545238095238095	0.7332517482517483	0.07714285714285714	0.02127206127206125	0.07692307692307687
harmony-41	Monocyte	IFNb	NK Proliferating	True	1	False	False	False	False	0.0	0.0	0.0	0.0	0.0
harmony-41	Monocyte	IFNb	NK_CD56bright	True	1	False	False	False	False	0.0	0.0	0.0	0.0	0.0
harmony-41	Monocyte	IFNb	Plasmablast	True	4	False	True	False	False	0.9821428571428572	0.9821428571428572	0.07857142857142857	0.0	0.0
harmony-41	Monocyte	IFNb	Platelet	True	5	False	True	False	False	0.9944444444444445	0.9944444444444445	0.07714285714285714	0.0	0.0
harmony-41	Monocyte	IFNb	cDC1	True	1	False	False	False	False	0.0	0.0	0.0	0.0	0.0
harmony-41	Monocyte	IFNb	cDC2	True	4	False	True	False	False	0.29583333333333334	0.30833333333333335	0.07857142857142857	-0.012500000000000004	0.0
harmony-41	Monocyte	IFNb	pDC	False	5	True	True	True	False	0.9946428571428572	0.9976294903926484	0.07714285714285714	-0.00298663324979116	0.0029239766081871066
harmony-41	Monocyte	IFNg	B intermediate	True	3	False	True	False	False	0.9166666666666666	0.8333333333333334	0.07326007326007326	0.08333333333333333	0.25
harmony-41	Monocyte	IFNg	B naive	True	1	False	False	False	False	0.0	0.0	0.0	0.0	0.0
harmony-41	Monocyte	IFNg	CD14 Mono	False	5	True	True	True	False	0.9295333113411963	0.9431404198145726	0.07252747252747252	-0.01360710847337614	0.009896125772038245
harmony-41	Monocyte	IFNg	CD16 Mono	True	3	False	True	False	False	0.21212121212121213	0.1590909090909091	0.07326007326007326	0.05303030303030303	0.25
harmony-41	Monocyte	IFNg	CD4 TCM	False	5	True	True	True	False	0.22754338309760636	0.1957491127827903	0.07252747252747252	0.03179427031481604	0.0871794871794872
harmony-41	Monocyte	IFNg	HSPC	True	5	True	True	False	True	0.5291341604613793	0.5314883230973073	0.07252747252747252	-0.002354162635928014	0.15748031496062997
harmony-41	Monocyte	IFNg	ILC	True	3	False	True	False	False	0.5028393871209685	0.5279117111325404	0.07326007326007326	-0.025072324011571816	0.0
harmony-41	Monocyte	IFNg	NK	True	5	False	True	False	False	0.8740046838407494	0.8871194379391101	0.07252747252747252	-0.01311475409836067	0.032786885245901565
harmony-41	Monocyte	IFNg	NK Proliferating	True	2	False	True	False	False	0.25	0.0	0.07417582417582418	0.25	0.5
harmony-41	Monocyte	IFNg	Plasmablast	True	5	False	True	False	False	0.992	1.0	0.07252747252747252	-0.008000000000000007	0.0
harmony-41	Monocyte	IFNg	Platelet	True	5	False	True	False	False	0.9868817204301076	0.9902150537634409	0.07252747252747252	-0.0033333333333333214	0.0
harmony-41	Monocyte	IFNg	cDC1	True	4	False	False	False	False	0.02261904761904762	0.005952380952380952	0.0728021978021978	0.016666666666666666	0.041666666666666664
harmony-41	Monocyte	IFNg	cDC2	True	4	False	True	False	False	0.8450796531558781	0.8450796531558781	0.0728021978021978	0.0	0.0
harmony-41	Monocyte	IFNg	pDC	True	5	True	True	True	False	1.0	1.0	0.07252747252747252	0.0	0.0
harmony-41	Monocyte	none	B intermediate	True	1	False	False	False	False	0.0	0.0	0.0	0.0	0.0
harmony-41	Monocyte	none	B naive	True	3	False	True	False	False	0.8888888888888888	0.8611111111111112	0.06004901960784314	0.027777777777777752	0.08333333333333326
harmony-41	Monocyte	none	CD14 Mono	False	5	True	True	False	True	0.7508529915531825	0.7582070526871697	0.05890522875816993	-0.007354061133987111	0.15017633228840122
harmony-41	Monocyte	none	CD16 Mono	False	5	True	True	True	False	0.2909005060227429	0.6212298311332886	0.05890522875816993	-0.3303293251105456	0.05128205128205132
harmony-41	Monocyte	none	CD4 Proliferating	True	1	False	False	False	False	0.0	0.0	0.0	0.0	0.0
harmony-41	Monocyte	none	CD4 TCM	False	5	False	False	False	False	0.10302759109056707	0.029656747214684177	0.05890522875816993	0.07337084387588289	0.33943427620632277
harmony-41	Monocyte	none	CD4 TEM	True	1	False	False	False	False	0.0	0.0	0.0	0.0	0.0
harmony-41	Monocyte	none	HSPC	True	5	False	True	False	False	0.7599471764872782	0.8073470997137683	0.05890522875816993	-0.047399923226490205	0.0
harmony-41	Monocyte	none	ILC	True	4	False	True	False	False	0.22041062801932365	0.25664251207729466	0.05892565359477124	-0.036231884057971016	0.043478260869565216
harmony-41	Monocyte	none	MAIT	True	2	False	True	False	False	0.6111111111111112	0.6111111111111112	0.06066176470588235	0.0	0.0
harmony-41	Monocyte	none	NK	True	5	False	True	False	False	0.7769086021505377	0.7631451612903226	0.05890522875816993	0.013763440860215071	0.08333333333333331
harmony-41	Monocyte	none	NK Proliferating	True	1	False	False	False	False	0.0	0.0	0.0	0.0	0.0
harmony-41	Monocyte	none	Plasmablast	True	5	False	True	False	False	0.9857142857142858	1.0	0.05890522875816993	-0.01428571428571428	0.0
harmony-41	Monocyte	none	Platelet	True	5	False	True	False	False	1.0	1.0	0.05890522875816993	0.0	0.0
harmony-41	Monocyte	none	cDC1	True	4	False	True	False	False	0.9642857142857143	0.9464285714285714	0.059742647058823525	0.01785714285714285	0.0714285714285714
harmony-41	Monocyte	none	cDC2	False	5	False	True	False	False	0.16586542428889123	0.2724802600096431	0.05890522875816993	-0.1066148357207519	0.0
harmony-41	Monocyte	none	gdT	True	1	False	False	False	False	0.0	0.0	0.0	0.0	0.0
harmony-41	Monocyte	none	pDC	True	4	False	True	False	False	1.0	1.0	0.05892565359477124	0.0	0.0
harmony-41	NK	IFN-L1	B naive	True	1	False	False	False	False	0.0	0.0	0.0	0.0	0.0
harmony-41	NK	IFN-L1	CD16 Mono	True	3	False	True	False	False	1.0	1.0	0.05567022130489622	0.0	0.0
harmony-41	NK	IFN-L1	CD4 Naive	True	1	False	False	False	False	0.0	0.0	0.0	0.0	0.0
harmony-41	NK	IFN-L1	CD4 TCM	True	5	False	False	False	False	0.015194805194805195	0.013896103896103896	0.0544547643618851	0.0012987012987012991	0.006493506493506496
harmony-41	NK	IFN-L1	CD4 TEM	True	5	False	True	False	False	0.6	0.6333333333333334	0.0544547643618851	-0.03333333333333335	0.0
harmony-41	NK	IFN-L1	CD8 Naive	True	4	False	True	False	False	0.9628072820037106	0.9514436456400742	0.05491056071551428	0.011363636363636381	0.045454545454545525
harmony-41	NK	IFN-L1	CD8 TCM	True	2	False	True	False	False	0.875	0.875	0.05572755417956656	0.0	0.0
harmony-41	NK	IFN-L1	CD8 TEM	True	5	False	True	False	False	0.3559553919815235	0.34550152246106697	0.0544547643618851	0.010453869520456538	0.05263157894736842
harmony-41	NK	IFN-L1	HSPC	True	5	False	True	False	False	0.9083333333333332	0.875	0.0544547643618851	0.033333333333333326	0.16666666666666663
harmony-41	NK	IFN-L1	ILC	False	5	True	True	True	False	0.1300299279241585	0.12624277982530635	0.0544547643618851	0.0037871480988521584	0.033613445378151266
harmony-41	NK	IFN-L1	MAIT	True	5	False	True	False	False	0.8378461538461538	0.8224615384615385	0.0544547643618851	0.015384615384615396	0.07692307692307698
harmony-41	NK	IFN-L1	NK	False	5	True	True	True	False	0.7060223685930491	0.7520703156184844	0.0544547643618851	-0.04604794702543534	0.0238471833556394
harmony-41	NK	IFN-L1	NK Proliferating	True	4	False	True	False	False	0.19885741652983033	0.21640667761357416	0.05417956656346749	-0.017549261083743835	0.0
harmony-41	NK	IFN-L1	NK_CD56bright	False	5	True	True	True	False	0.999043062200957	1.0	0.0544547643618851	-0.0009569377990430672	0.0
harmony-41	NK	IFN-L1	Plasmablast	True	4	False	True	False	False	0.9615384615384616	0.9615384615384616	0.05491056071551428	0.0	0.0
harmony-41	NK	IFN-L1	Platelet	True	3	False	True	False	False	1.0	1.0	0.05360623781676413	0.0	0.0
harmony-41	NK	IFN-L1	Treg	True	1	False	False	False	False	0.0	0.0	0.0	0.0	0.0
harmony-41	NK	IFN-L1	dnT	True	2	False	False	False	False	0.05	0.3	0.05572755417956656	-0.25	0.0
harmony-41	NK	IFN-L1	gdT	True	5	False	False	False	False	0.0	0.0	0.0544547643618851	0.0	0.0
harmony-41	NK	IFNa	CD16 Mono	True	2	False	True	False	False	1.0	1.0	0.08333333333333333	0.0	0.0
harmony-41	NK	IFNa	CD4 TCM	False	5	True	True	False	True	0.40608063627509033	0.37249289991812135	0.08333333333333333	0.033587736356969045	0.16488222698072807
harmony-41	NK	IFNa	CD8 TEM	True	3	True	True	False	True	0.4453104050495396	0.3206338510761671	0.08333333333333333	0.12467655397337259	0.21428571428571436
harmony-41	NK	IFNa	HSPC	True	4	False	True	False	False	0.6309523809523809	0.5952380952380952	0.08333333333333333	0.0357142857142857	0.1428571428571428
harmony-41	NK	IFNa	ILC	True	2	False	False	False	False	0.06666666666666667	0.6	0.08333333333333333	-0.5333333333333333	-0.06666666666666668
harmony-41	NK	IFNa	MAIT	True	3	False	True	False	False	0.9166666666666666	0.8333333333333334	0.08333333333333333	0.08333333333333333	0.25
harmony-41	NK	IFNa	NK	False	5	True	True	True	False	0.6052411470066821	0.7191812211258183	0.08333333333333333	-0.11394007411913627	0.012363395518269038
harmony-41	NK	IFNa	NK Proliferating	True	5	False	True	False	False	0.34833333333333333	0.27555555555555555	0.08333333333333333	0.07277777777777777	0.35
harmony-41	NK	IFNa	NK_CD56bright	False	5	True	True	True	False	0.9593531977027375	0.9765161198105329	0.08333333333333333	-0.017162922107795197	0.022857142857142798
harmony-41	NK	IFNa	Plasmablast	True	3	False	True	False	False	1.0	1.0	0.08333333333333333	0.0	0.0
harmony-41	NK	IFNa	Platelet	True	3	False	True	False	False	1.0	1.0	0.08333333333333333	0.0	0.0
harmony-41	NK	IFNa	gdT	True	4	False	False	False	False	0.09530971479500891	0.16070632798573975	0.08333333333333333	-0.06539661319073083	0.0
harmony-41	NK	IFNb	B naive	True	1	False	False	False	False	0.0	0.0	0.0	0.0	0.0
harmony-41	NK	IFNb	CD4 TCM	False	5	True	False	False	False	0.09581975023675382	0.09563399936222462	0.08228438228438228	0.0001857508745291933	0.006756756756756757
harmony-41	NK	IFNb	CD8 TEM	False	4	False	True	False	False	0.3542072960360262	0.2999782099471591	0.08202214452214451	0.054229086088867104	0.3517241379310345
harmony-41	NK	IFNb	HSPC	True	2	False	True	False	False	1.0	1.0	0.08012820512820512	0.0	0.0
harmony-41	NK	IFNb	ILC	True	1	False	False	False	False	0.0	0.0	0.0	0.0	0.0
harmony-41	NK	IFNb	MAIT	True	2	False	True	False	False	1.0	0.9642857142857143	0.08012820512820512	0.0357142857142857	0.0714285714285714
harmony-41	NK	IFNb	NK	False	5	True	True	True	False	0.5455859764805299	0.6350646952034286	0.08228438228438228	-0.08947871872289867	0.04387257680535084
harmony-41	NK	IFNb	NK Proliferating	True	4	False	True	False	False	0.38102476539508023	0.20664667666166917	0.08362470862470862	0.17437808873341107	0.4074074074074074
harmony-41	NK	IFNb	NK_CD56bright	False	5	True	True	True	False	0.9608412902972618	0.9695364715929479	0.08228438228438228	-0.008695181295685982	0.03296703296703296
harmony-41	NK	IFNb	Plasmablast	True	3	False	True	False	False	1.0	1.0	0.07905982905982906	0.0	0.0
harmony-41	NK	IFNb	Platelet	True	1	False	False	False	False	0.0	0.0	0.0	0.0	0.0
harmony-41	NK	IFNb	dnT	True	1	False	False	False	False	0.0	0.0	0.0	0.0	0.0
harmony-41	NK	IFNb	gdT	True	5	False	True	False	False	0.2758333333333333	0.20472222222222225	0.08228438228438228	0.07111111111111111	0.25
harmony-41	NK	IFNg	B memory	True	1	False	False	False	False	0.0	0.0	0.0	0.0	0.0
harmony-41	NK	IFNg	B naive	True	1	False	False	False	False	0.0	0.0	0.0	0.0	0.0
harmony-41	NK	IFNg	CD16 Mono	True	1	False	False	False	False	0.0	0.0	0.0	0.0	0.0
harmony-41	NK	IFNg	CD4 Naive	True	1	False	False	False	False	0.0	0.0	0.0	0.0	0.0
harmony-41	NK	IFNg	CD4 TCM	True	5	False	True	False	False	0.2822650221571658	0.2690242086559275	0.053274853801169586	0.013240813501238291	0.032258064516129004
harmony-41	NK	IFNg	CD4 TEM	True	2	False	True	False	False	0.6607142857142857	0.6607142857142857	0.05277777777777778	0.0	0.0
harmony-41	NK	IFNg	CD8 Naive	True	4	False	True	False	False	0.8273250239693192	0.7900407478427612	0.054093567251461985	0.03728427612655805	0.09999999999999998
harmony-41	NK	IFNg	CD8 TCM	True	1	False	False	False	False	0.0	0.0	0.0	0.0	0.0
harmony-41	NK	IFNg	CD8 TEM	True	5	False	True	False	False	0.27794178411195514	0.23510217267406106	0.053274853801169586	0.042839611437894075	0.145985401459854
harmony-41	NK	IFNg	HSPC	True	5	False	True	False	False	1.0	1.0	0.053274853801169586	0.0	0.0
harmony-41	NK	IFNg	ILC	False	5	True	True	True	False	0.13722240313001538	0.14111060269160464	0.053274853801169586	-0.0038881995615892783	0.0705128205128205
harmony-41	NK	IFNg	MAIT	True	5	False	True	False	False	0.8492753623188406	0.9159420289855073	0.053274853801169586	-0.06666666666666667	0.0
harmony-41	NK	IFNg	NK	False	5	True	True	True	False	0.7127205787795716	0.7435085786269162	0.053274853801169586	-0.030787999847344684	0.08524926018666057
harmony-41	NK	IFNg	NK Proliferating	True	5	False	True	False	False	0.12319347319347318	0.15664335664335666	0.053274853801169586	-0.03344988344988345	0.0
harmony-41	NK	IFNg	NK_CD56bright	False	5	True	True	True	False	0.9983914778333117	0.9993393451318898	0.053274853801169586	-0.0009478672985782088	0.0
harmony-41	NK	IFNg	Plasmablast	True	3	False	True	False	False	1.0	1.0	0.05272904483430799	0.0	0.0
harmony-41	NK	IFNg	Platelet	True	3	False	True	False	False	0.5	0.5	0.05458089668615984	0.0	0.0
harmony-41	NK	IFNg	Treg	True	1	False	False	False	False	0.0	0.0	0.0	0.0	0.0
harmony-41	NK	IFNg	dnT	True	2	False	False	False	False	0.0	0.3333333333333333	0.05555555555555555	-0.3333333333333333	0.0
harmony-41	NK	IFNg	gdT	True	5	False	False	False	False	0.0015267175572519084	0.0	0.053274853801169586	0.0015267175572519084	0.007633587786259542
harmony-41	NK	none	B memory	True	1	False	False	False	False	0.0	0.0	0.0	0.0	0.0
harmony-41	NK	none	B naive	True	1	False	False	False	False	0.0	0.0	0.0	0.0	0.0
harmony-41	NK	none	CD16 Mono	True	2	False	True	False	False	1.0	1.0	0.05572755417956656	0.0	0.0
harmony-41	NK	none	CD4 Naive	True	1	False	False	False	False	0.0	0.0	0.0	0.0	0.0
harmony-41	NK	none	CD4 TCM	True	5	True	True	True	False	0.5944775901394366	0.5728051370209324	0.0544547643618851	0.021672453118504277	0.06818181818181812
harmony-41	NK	none	CD4 TEM	True	3	False	False	False	False	0.0	0.0	0.05567022130489622	0.0	0.0
harmony-41	NK	none	CD8 Naive	True	5	False	True	False	False	0.8831746031746033	0.869973544973545	0.0544547643618851	0.01320105820105819	0.14814814814814814
harmony-41	NK	none	CD8 TCM	True	4	False	True	False	False	0.9642857142857143	0.8571428571428572	0.05491056071551427	0.10714285714285714	0.42857142857142855
harmony-41	NK	none	CD8 TEM	True	5	False	True	False	False	0.34218439716312055	0.28322188449848024	0.0544547643618851	0.058962512664640324	0.326241134751773
harmony-41	NK	none	HSPC	True	5	False	True	False	False	0.96	0.96	0.0544547643618851	0.0	0.0
harmony-41	NK	none	ILC	False	5	True	False	False	False	0.026692007797270954	0.04690448343079922	0.0544547643618851	-0.020212475633528265	0.009259259259259259
harmony-41	NK	none	MAIT	True	4	False	True	False	False	0.8781045751633987	0.8872549019607843	0.05417956656346749	-0.009150326797385616	0.2222222222222222
harmony-41	NK	none	NK	False	5	True	True	True	False	0.6360470859707196	0.7182543236965147	0.0544547643618851	-0.08220723772579513	0.009417040358744355
harmony-41	NK	none	NK Proliferating	True	5	False	True	False	False	0.2378500451671183	0.10651696993160406	0.0544547643618851	0.13133307523551427	0.5
harmony-41	NK	none	NK_CD56bright	False	5	True	True	True	False	0.9964601769911503	0.9990291262135923	0.0544547643618851	-0.0025689492224417964	0.004854368932038833
harmony-41	NK	none	Plasmablast	True	4	False	True	False	False	1.0	1.0	0.05491056071551427	0.0	0.0
harmony-41	NK	none	Platelet	True	3	False	False	False	False	0.04	0.02666666666666667	0.05263157894736842	0.01333333333333333	0.039999999999999994
harmony-41	NK	none	dnT	True	3	False	False	False	False	0.0	0.0	0.05360623781676413	0.0	0.0
harmony-41	NK	none	gdT	True	5	True	False	False	False	0.07101269998350651	0.028921326076199905	0.0544547643618851	0.04209137390730661	0.13953488372093023
harmony-41	PBMC	Fresh	ASDC	True	4	False	False	False	False	0.0	0.0	0.03225806451612903	0.0	0.0
harmony-41	PBMC	Fresh	B intermediate	False	4	True	True	False	True	0.3649954017933891	0.2749225019182011	0.03225806451612903	0.09007289987518796	0.2
harmony-41	PBMC	Fresh	B memory	True	4	True	True	False	True	0.8019673305862448	0.7735155980687821	0.03225806451612903	0.028451732517462802	0.20329670329670324
harmony-41	PBMC	Fresh	B naive	False	4	True	True	True	False	0.9799166984103532	0.9833934879031283	0.03225806451612903	-0.0034767894927750786	0.029490616621983934
harmony-41	PBMC	Fresh	CD14 Mono	False	4	True	True	True	False	0.9918180874306173	0.9914549692497767	0.03225806451612903	0.00036311818084061587	0.0025716385011020915
harmony-41	PBMC	Fresh	CD16 Mono	False	4	True	True	True	False	0.22622341782871047	0.30475284816422643	0.03225806451612903	-0.07852943033551593	0.08057851239669422
harmony-41	PBMC	Fresh	CD4 CTL	True	2	False	True	False	False	0.9715189873417722	0.8924050632911392	0.03225806451612903	0.07911392405063294	0.1582278481012659
harmony-41	PBMC	Fresh	CD4 Naive	False	4	True	True	True	False	0.7185524708973362	0.7220199918830628	0.03225806451612903	-0.003467520985726502	0.07928613224107672
harmony-41	PBMC	Fresh	CD4 Proliferating	True	4	False	True	False	False	0.5104717813051146	0.49889770723104054	0.03225806451612903	0.011574074074074098	0.08333333333333337
harmony-41	PBMC	Fresh	CD4 TCM	False	4	True	True	True	False	0.4012700429247103	0.37704618203852214	0.03225806451612903	0.024223860886188123	0.0729655712050078
harmony-41	PBMC	Fresh	CD4 TEM	False	4	True	True	True	False	0.41227654512380446	0.38970568569210584	0.03225806451612903	0.022570859431698675	0.07679180887372011
harmony-41	PBMC	Fresh	CD8 Naive	False	4	True	True	True	False	0.9627001046683243	0.9644174964452622	0.03225806451612903	-0.0017173917769378877	0.007274490785645016
harmony-41	PBMC	Fresh	CD8 Proliferating	True	4	False	True	False	False	0.625	0.9583333333333334	0.03225806451612903	-0.33333333333333337	0.0
harmony-41	PBMC	Fresh	CD8 TCM	True	4	True	True	True	False	0.4889913053048646	0.5012321764864138	0.03225806451612903	-0.012240871181549179	0.07344632768361581
harmony-41	PBMC	Fresh	CD8 TEM	False	4	True	True	True	False	0.2771507242485399	0.2916397997793652	0.03225806451612903	-0.014489075530825318	0.09453471196454948
harmony-41	PBMC	Fresh	Doublet	True	4	False	True	False	False	0.19732142857142856	0.37142857142857144	0.03225806451612903	-0.17410714285714285	0.0
harmony-41	PBMC	Fresh	Eryth	True	4	False	True	False	False	0.9869565217391304	0.9869565217391304	0.03225806451612903	0.0	0.0
harmony-41	PBMC	Fresh	HSPC	True	4	False	True	False	False	0.602684766214178	0.539654463183875	0.03225806451612903	0.06303030303030303	0.2121212121212121
harmony-41	PBMC	Fresh	ILC	True	4	True	True	True	False	0.23674414927261228	0.26145003162555347	0.03225806451612903	-0.024705882352941175	0.0
harmony-41	PBMC	Fresh	MAIT	False	4	True	True	True	False	0.97828608689476	0.9804142399844517	0.03225806451612903	-0.0021281530896915535	0.013313609467455634
harmony-41	PBMC	Fresh	NK	False	4	True	True	True	False	0.8573514263322926	0.84267534363382	0.03225806451612903	0.014676082698472398	0.09747706422018354
harmony-41	PBMC	Fresh	NK Proliferating	True	4	False	False	False	False	0.0	0.013652482269503545	0.03225806451612903	-0.013652482269503545	0.0
harmony-41	PBMC	Fresh	NK_CD56bright	True	4	True	True	True	False	0.9978070175438596	0.9969953292321714	0.03225806451612903	0.0008116883116883189	0.0032467532467532756
harmony-41	PBMC	Fresh	Plasmablast	True	4	False	True	False	False	0.9875	0.9875	0.03225806451612903	0.0	0.0
harmony-41	PBMC	Fresh	Platelet	True	4	True	True	True	False	0.38025233933795377	0.4047621432595224	0.03225806451612903	-0.024509803921568624	0.0
harmony-41	PBMC	Fresh	Treg	False	4	True	True	True	False	0.2467067182358525	0.24819843153922216	0.03225806451612903	-0.0014917133033696614	0.023489932885906034
harmony-41	PBMC	Fresh	cDC1	True	4	False	True	False	False	0.8183261183261183	0.806962481962482	0.03225806451612903	0.011363636363636381	0.045454545454545525
harmony-41	PBMC	Fresh	cDC2	True	4	True	True	True	False	0.695974318443304	0.6891186787012546	0.03225806451612903	0.006855639742049502	0.09734513274336276
harmony-41	PBMC	Fresh	dnT	True	4	True	True	True	False	0.20966976991165603	0.2116650572330303	0.03225806451612903	-0.0019952873213742867	0.038461538461538436
harmony-41	PBMC	Fresh	gdT	False	4	True	False	False	False	0.006707458870947526	0.007062706630826428	0.03225806451612903	-0.00035524775987890236	0.008695652173913044
harmony-41	PBMC	Fresh	pDC	True	4	True	True	True	False	0.997787610619469	0.997787610619469	0.03225806451612903	0.0	0.0
harmony-41	PBMC	culture_IFNa	B intermediate	False	5	True	True	False	True	0.8456491738474512	0.756168500512187	0.041666666666666664	0.08948067333526426	0.2005383580080754
harmony-41	PBMC	culture_IFNa	B memory	False	5	True	True	False	True	0.14848651215520256	0.28892224552176715	0.041666666666666664	-0.14043573336656462	0.11973392461197341
harmony-41	PBMC	culture_IFNa	B naive	False	5	True	True	True	False	0.9184945625461302	0.9333854470438647	0.041666666666666664	-0.014890884497734569	0.045454545454545525
harmony-41	PBMC	culture_IFNa	CD14 Mono	False	5	True	True	False	True	0.5882002910730273	0.687067601891644	0.041666666666666664	-0.09886731081861663	0.18094321462945134
harmony-41	PBMC	culture_IFNa	CD16 Mono	False	5	True	True	False	True	0.7162906508739494	0.577858892349333	0.041666666666666664	0.13843175852461634	0.378596087456847
harmony-41	PBMC	culture_IFNa	CD4 CTL	True	3	False	True	False	False	0.5311244979919679	0.4737898964278165	0.041666666666666664	0.05733460156415138	0.1325301204819278
harmony-41	PBMC	culture_IFNa	CD4 Naive	True	2	False	True	False	False	0.8958333333333333	0.8958333333333333	0.041666666666666664	0.0	0.0
harmony-41	PBMC	culture_IFNa	CD4 Proliferating	True	3	False	True	False	False	0.7222222222222222	0.7222222222222222	0.041666666666666664	0.0	0.0
harmony-41	PBMC	culture_IFNa	CD4 TCM	False	5	True	False	False	False	0.07329854708001526	0.08480187094216932	0.041666666666666664	-0.011503323862154044	0.0281893473140339
harmony-41	PBMC	culture_IFNa	CD4 TEM	True	4	True	False	False	False	0.0020325203252032522	0.0020325203252032522	0.041666666666666664	0.0	0.0
harmony-41	PBMC	culture_IFNa	CD8 Naive	True	5	True	True	False	True	0.8244777617565516	0.7730068568894203	0.041666666666666664	0.05147090486713128	0.17297297297297298
harmony-41	PBMC	culture_IFNa	CD8 TEM	False	5	True	True	True	False	0.6460791549232818	0.7347100890361473	0.041666666666666664	-0.08863093411286538	-0.010120177103099315
harmony-41	PBMC	culture_IFNa	Eryth	True	5	False	True	False	False	0.8469660389505875	0.8432963141799453	0.041666666666666664	0.003669724770642202	0.01834862385321101
harmony-41	PBMC	culture_IFNa	HSPC	True	5	False	True	False	False	0.7200905575905576	0.7222069597069597	0.041666666666666664	-0.0021164021164021387	0.06666666666666665
harmony-41	PBMC	culture_IFNa	MAIT	True	5	True	True	True	False	0.9572741973458534	0.9676930252868076	0.041666666666666664	-0.01041882794095399	0.0062893081761006275
harmony-41	PBMC	culture_IFNa	NK	False	5	True	True	True	False	0.6714123288668302	0.6907618242572104	0.041666666666666664	-0.019349495390380212	0.08355091383812008
harmony-41	PBMC	culture_IFNa	NK Proliferating	True	2	False	False	False	False	0.0	0.07692307692307693	0.041666666666666664	-0.07692307692307693	0.0
harmony-41	PBMC	culture_IFNa	NK_CD56bright	True	5	True	True	True	False	0.9900770035438178	0.9926118347628838	0.041666666666666664	-0.002534831219065925	0.007117437722419906
harmony-41	PBMC	culture_IFNa	Plasmablast	True	5	False	True	False	False	0.9952941176470589	0.9844617092119867	0.041666666666666664	0.010832408435072138	0.03529411764705881
harmony-41	PBMC	culture_IFNa	Platelet	True	5	False	True	False	False	0.7901831501831502	0.8378021978021979	0.041666666666666664	-0.04761904761904763	0.0
harmony-41	PBMC	culture_IFNa	cDC2	True	2	False	True	False	False	1.0	1.0	0.041666666666666664	0.0	0.0
harmony-41	PBMC	culture_IFNa	dnT	True	5	False	False	False	False	0.06162117452440032	0.11162117452440032	0.041666666666666664	-0.05	0.0
harmony-41	PBMC	culture_IFNa	gdT	False	5	True	False	False	False	0.011175576845930516	0.012841414687265046	0.041666666666666664	-0.0016658378413345301	0.004415011037527594
harmony-41	PBMC	culture_IFNa	pDC	True	5	True	True	True	False	0.9868218665558096	0.9885025388247172	0.041666666666666664	-0.001680672268907557	0.0
harmony-41	PBMC	culture_no_stim	B intermediate	False	5	True	True	False	True	0.42953654918633877	0.23925979055595512	0.03472906403940886	0.19027675863038365	0.3764172335600907
harmony-41	PBMC	culture_no_stim	B memory	False	5	True	True	True	False	0.7292873565309788	0.8271356243012432	0.03472906403940886	-0.09784826777026452	0.005952380952381042
harmony-41	PBMC	culture_no_stim	B naive	False	5	True	True	True	False	0.9498048775975303	0.9546704731635464	0.03472906403940886	-0.004865595566016112	0.03426510369702429
harmony-41	PBMC	culture_no_stim	CD14 Mono	False	5	True	True	False	True	0.7830117266661657	0.6929610279677065	0.03472906403940886	0.09005069869845908	0.5831787260358688
harmony-41	PBMC	culture_no_stim	CD16 Mono	False	5	False	True	False	False	0.6719377762679188	0.6895408546488718	0.03472906403940886	-0.017603078380952968	0.148014440433213
harmony-41	PBMC	culture_no_stim	CD4 CTL	True	3	False	True	False	False	0.792484004490451	0.7517180107027005	0.03489326765188834	0.04076599378775044	0.1583710407239819
harmony-41	PBMC	culture_no_stim	CD4 Naive	False	5	True	True	False	True	0.8605255610315565	0.8467388890418877	0.03472906403940886	0.013786671989668898	0.1202517419644864
harmony-41	PBMC	culture_no_stim	CD4 Proliferating	True	2	False	True	False	False	0.7727272727272727	0.6818181818181819	0.034482758620689655	0.09090909090909088	0.18181818181818177
harmony-41	PBMC	culture_no_stim	CD4 TCM	False	5	True	False	False	False	0.06405150551787739	0.10792066832220717	0.03472906403940886	-0.04386916280432977	-0.015585295612400477
harmony-41	PBMC	culture_no_stim	CD4 TEM	False	5	True	True	True	False	0.18441504056608282	0.20195729727069361	0.03472906403940886	-0.017542256704610775	0.018867924528301883
harmony-41	PBMC	culture_no_stim	CD8 Naive	False	5	True	True	True	False	0.9302760548204304	0.9410381991938805	0.03472906403940886	-0.010762144373450133	0.045598731165741535
harmony-41	PBMC	culture_no_stim	CD8 Proliferating	True	1	False	False	False	False	0.0	0.0	0.0	0.0	0.0
harmony-41	PBMC	culture_no_stim	CD8 TCM	True	5	False	True	False	False	0.25164555403881933	0.27065000916833054	0.03472906403940886	-0.019004455129511166	0.12628865979381443
harmony-41	PBMC	culture_no_stim	CD8 TEM	False	5	True	True	True	False	0.23025011664211492	0.22073178987521297	0.03472906403940886	0.00951832676690198	0.05237633365664403
harmony-41	PBMC	culture_no_stim	Eryth	True	4	False	True	False	False	0.9850446428571429	0.9850446428571429	0.03479064039408867	0.0	0.0
harmony-41	PBMC	culture_no_stim	HSPC	True	5	True	True	True	False	0.12182415666286632	0.14874227080678692	0.03472906403940886	-0.0269181141439206	0.0
harmony-41	PBMC	culture_no_stim	ILC	True	5	False	False	False	False	0.0	0.0	0.03472906403940886	0.0	0.0
harmony-41	PBMC	culture_no_stim	MAIT	False	5	True	True	True	False	0.9597937778190383	0.9581257069530438	0.03472906403940886	0.0016680708659946974	0.015748031496063075
harmony-41	PBMC	culture_no_stim	NK	False	5	True	True	True	False	0.649399511178871	0.6881924742652175	0.03472906403940886	-0.038792963086346575	0.09414758269720103
harmony-41	PBMC	culture_no_stim	NK Proliferating	True	4	False	False	False	False	0.0	0.0	0.03479064039408867	0.0	0.0
harmony-41	PBMC	culture_no_stim	NK_CD56bright	True	5	True	True	True	False	0.9900709219858156	0.9985815602836879	0.03472906403940886	-0.00851063829787233	0.0
harmony-41	PBMC	culture_no_stim	Plasmablast	True	5	False	True	False	False	0.7453198198198198	0.731581081081081	0.03472906403940886	0.013738738738738742	0.04166666666666663
harmony-41	PBMC	culture_no_stim	Platelet	True	5	False	True	False	False	0.1069187675070028	0.08310924369747899	0.03472906403940886	0.023809523809523808	0.07142857142857142
harmony-41	PBMC	culture_no_stim	Treg	False	5	True	True	True	False	0.4239990862576054	0.427595672889922	0.03472906403940886	-0.0035965866323166007	0.032573289902280145
harmony-41	PBMC	culture_no_stim	cDC1	True	2	False	False	False	False	0.0	0.0	0.035098522167487683	0.0	0.0
harmony-41	PBMC	culture_no_stim	cDC2	True	5	False	True	False	False	0.8999216500300171	0.9064257150706677	0.03472906403940886	-0.006504065040650398	0.0
harmony-41	PBMC	culture_no_stim	dnT	True	5	False	False	False	False	0.010344827586206896	0.021477056747216942	0.03472906403940886	-0.011132229161010046	0.0
harmony-41	PBMC	culture_no_stim	gdT	False	5	True	False	False	False	0.006902514935702231	0.005908866166285147	0.03472906403940886	0.0009936487694170836	0.0024509803921568644
harmony-41	PBMC	culture_no_stim	pDC	True	5	False	True	False	False	0.9303875968992248	0.9096640826873387	0.03472906403940886	0.020723514211886295	0.08139534883720922
harmony-41	Tcell	IFN-L1	ASDC	True	1	False	False	False	False	0.0	0.0	0.0	0.0	0.0
harmony-41	Tcell	IFN-L1	B intermediate	True	4	False	True	False	False	0.875	0.775	0.03571428571428571	0.09999999999999998	0.19999999999999996
harmony-41	Tcell	IFN-L1	B naive	True	4	False	True	False	False	0.928125	0.9015625	0.0364010989010989	0.026562500000000017	0.07500000000000007
harmony-41	Tcell	IFN-L1	CD14 Mono	True	5	False	True	False	False	0.8041428571428572	0.7222857142857142	0.03626373626373626	0.08185714285714288	0.375
harmony-41	Tcell	IFN-L1	CD16 Mono	True	2	False	True	False	False	1.0	1.0	0.03571428571428571	0.0	0.0
harmony-41	Tcell	IFN-L1	CD4 CTL	True	2	True	True	False	True	0.8219114528101803	0.7738931601272534	0.03708791208791209	0.04801829268292679	0.15853658536585358
harmony-41	Tcell	IFN-L1	CD4 Naive	False	5	True	True	False	True	0.9085972815549358	0.8663428232817255	0.03626373626373626	0.04225445827321024	0.1862621154656553
harmony-41	Tcell	IFN-L1	CD4 Proliferating	True	3	False	False	False	False	0.0	0.0	0.03663003663003663	0.0	0.0
harmony-41	Tcell	IFN-L1	CD4 TCM	False	5	True	True	True	False	0.317578258426773	0.316617329752091	0.03626373626373626	0.00096092867468201	0.05539419087136929
harmony-41	Tcell	IFN-L1	CD4 TEM	False	5	True	True	True	False	0.46284193068980956	0.47513425190656955	0.03626373626373626	-0.012292321216759983	0.055363321799307974
harmony-41	Tcell	IFN-L1	CD8 Naive	False	5	True	True	True	False	0.9823280580586552	0.9808309827190321	0.03626373626373626	0.0014970753396231994	0.016901408450704203
harmony-41	Tcell	IFN-L1	CD8 TCM	False	5	True	True	False	True	0.33099485311713694	0.2764198355594514	0.03626373626373626	0.05457501755768557	0.16831683168316833
harmony-41	Tcell	IFN-L1	CD8 TEM	False	5	True	True	False	True	0.10565866175407261	0.06362291445206383	0.03626373626373626	0.0420357473020088	0.1029315960912052
harmony-41	Tcell	IFN-L1	Eryth	True	1	False	False	False	False	0.0	0.0	0.0	0.0	0.0
harmony-41	Tcell	IFN-L1	HSPC	True	5	False	True	False	False	0.6669597069597069	0.5792429792429792	0.03626373626373626	0.0877167277167277	0.3846153846153846
harmony-41	Tcell	IFN-L1	ILC	True	5	False	True	False	False	0.09166666666666666	0.12999999999999998	0.03626373626373626	-0.03833333333333333	0.0
harmony-41	Tcell	IFN-L1	MAIT	False	5	True	True	True	False	0.9871478577928368	0.9844052057080794	0.03626373626373626	0.0027426520847573686	0.008928571428571508
harmony-41	Tcell	IFN-L1	NK	False	5	True	True	True	False	0.6380667824899409	0.7003237504529223	0.03626373626373626	-0.06225696796298151	0.06557377049180324
harmony-41	Tcell	IFN-L1	NK Proliferating	True	2	False	True	False	False	1.0	1.0	0.03571428571428571	0.0	0.0
harmony-41	Tcell	IFN-L1	NK_CD56bright	True	4	False	True	False	False	1.0	1.0	0.0364010989010989	0.0	0.0
harmony-41	Tcell	IFN-L1	Plasmablast	True	5	False	True	False	False	0.8872727272727273	0.8872727272727273	0.03626373626373626	0.0	0.0
harmony-41	Tcell	IFN-L1	Platelet	True	3	False	True	False	False	0.10416666666666667	0.0625	0.03571428571428571	0.041666666666666664	0.125
harmony-41	Tcell	IFN-L1	Treg	False	5	True	True	True	False	0.3338086564013688	0.31572523721424534	0.03626373626373626	0.0180834191871235	0.06130268199233718
harmony-41	Tcell	IFN-L1	cDC1	True	2	False	True	False	False	0.8333333333333333	0.8333333333333333	0.03571428571428571	0.0	0.0
harmony-41	Tcell	IFN-L1	cDC2	True	5	False	True	False	False	0.8923308270676692	0.8923308270676692	0.03626373626373626	0.0	0.0
harmony-41	Tcell	IFN-L1	dnT	True	5	False	False	False	False	0.002898550724637681	0.009350163627863489	0.03626373626373626	-0.0064516129032258064	0.0
harmony-41	Tcell	IFN-L1	gdT	False	5	True	False	False	False	0.022238770277326007	0.01849109501469105	0.03626373626373626	0.003747675262634959	0.02032520325203252
harmony-41	Tcell	IFN-L1	pDC	True	5	False	True	False	False	0.9846153846153847	0.9846153846153847	0.03626373626373626	0.0	0.0
harmony-41	Tcell	IFNa	B memory	True	1	False	False	False	False	0.0	0.0	0.0	0.0	0.0
harmony-41	Tcell	IFNa	B naive	True	2	False	True	False	False	0.5	0.5	0.04195804195804196	0.0	0.0
harmony-41	Tcell	IFNa	CD14 Mono	True	2	False	True	False	False	0.5	0.0	0.039230769230769236	0.5	1.0
harmony-41	Tcell	IFNa	CD16 Mono	True	1	False	False	False	False	0.0	0.0	0.0	0.0	0.0
harmony-41	Tcell	IFNa	CD4 CTL	True	2	True	True	True	False	0.7361757105943152	0.7257536606373816	0.04195804195804196	0.010422049956933688	0.08010335917312661
harmony-41	Tcell	IFNa	CD4 Naive	True	4	False	True	False	False	0.41097818437719913	0.49861453201970446	0.04139568764568765	-0.08763634764250527	0.10204081632653061
harmony-41	Tcell	IFNa	CD4 Proliferating	True	4	False	True	False	False	0.4583333333333333	0.4583333333333333	0.041011072261072264	0.0	0.0
harmony-41	Tcell	IFNa	CD4 TCM	False	5	True	False	False	False	0.06946695479467252	0.08128579425097124	0.04080885780885781	-0.01181883945629871	0.011010296666326844
harmony-41	Tcell	IFNa	CD4 TEM	True	5	False	False	False	False	0.013636363636363636	0.012121212121212121	0.04080885780885781	0.0015151515151515138	0.007575757575757569
harmony-41	Tcell	IFNa	CD8 Naive	False	5	True	True	True	False	0.9519373718032818	0.9518239439639803	0.04080885780885781	0.00011342783930141653	0.021235521235521304
harmony-41	Tcell	IFNa	CD8 TCM	True	4	False	True	False	False	0.45276126824330776	0.4762957146132165	0.04139568764568765	-0.023534446369908785	0.2345679012345679
harmony-41	Tcell	IFNa	CD8 TEM	False	5	True	True	False	True	0.44073410190104684	0.5139943457712313	0.04080885780885781	-0.07326024387018425	0.1436646255299105
harmony-41	Tcell	IFNa	HSPC	True	5	False	True	False	False	0.7089822595704949	0.7298910675381264	0.04080885780885781	-0.020908807967631515	0.033333333333333326
harmony-41	Tcell	IFNa	ILC	True	1	False	False	False	False	0.0	0.0	0.0	0.0	0.0
harmony-41	Tcell	IFNa	MAIT	False	5	True	True	True	False	0.9736634755636528	0.9711339530501688	0.04080885780885781	0.0025295225134840172	0.01744186046511631
harmony-41	Tcell	IFNa	NK	True	5	False	True	False	False	0.6838461538461539	0.6671153846153846	0.04080885780885781	0.016730769230769216	0.1875
harmony-41	Tcell	IFNa	NK Proliferating	True	1	False	False	False	False	0.0	0.0	0.0	0.0	0.0
harmony-41	Tcell	IFNa	NK_CD56bright	True	1	False	False	False	False	0.0	0.0	0.0	0.0	0.0
harmony-41	Tcell	IFNa	Plasmablast	True	5	False	True	False	False	0.8925925925925926	0.8925925925925926	0.04080885780885781	0.0	0.0
harmony-41	Tcell	IFNa	Platelet	True	1	False	False	False	False	0.0	0.0	0.0	0.0	0.0
harmony-41	Tcell	IFNa	Treg	True	3	False	True	False	False	0.7037037037037037	0.5555555555555555	0.03952991452991453	0.14814814814814817	0.33333333333333337
harmony-41	Tcell	IFNa	cDC1	True	1	False	False	False	False	0.0	0.0	0.0	0.0	0.0
harmony-41	Tcell	IFNa	cDC2	True	3	False	True	False	False	0.16666666666666666	0.47222222222222227	0.038974358974358976	-0.3055555555555556	0.08333333333333331
harmony-41	Tcell	IFNa	dnT	True	5	False	False	False	False	0.04444444444444444	0.04444444444444444	0.04080885780885781	0.0	0.0
harmony-41	Tcell	IFNa	gdT	False	5	True	False	False	False	0.06296079815391051	0.06396398401487724	0.04080885780885781	-0.0010031858609667404	0.0272108843537415
harmony-41	Tcell	IFNa	pDC	True	5	False	True	False	False	1.0	1.0	0.04080885780885781	0.0	0.0
harmony-41	Tcell	IFNb	B intermediate	True	2	False	True	False	False	1.0	1.0	0.04	0.0	0.0
harmony-41	Tcell	IFNb	B memory	True	1	False	False	False	False	0.0	0.0	0.0	0.0	0.0
harmony-41	Tcell	IFNb	CD14 Mono	True	2	False	True	False	False	0.5	0.5	0.04	0.0	0.0
harmony-41	Tcell	IFNb	CD4 CTL	True	3	False	True	False	False	0.656236559139785	0.6331182795698925	0.042373737373737376	0.023118279569892448	0.4193548387096774
harmony-41	Tcell	IFNb	CD4 Naive	True	3	False	True	False	False	0.7345679012345679	0.7170240415854451	0.04181818181818182	0.017543859649122823	0.052631578947368474
harmony-41	Tcell	IFNb	CD4 Proliferating	True	4	False	True	False	False	0.25	0.125	0.041363636363636366	0.125	0.5
harmony-41	Tcell	IFNb	CD4 TCM	False	5	True	True	True	False	0.12679421167212776	0.13560340802933074	0.04142424242424243	-0.00880919635720299	0.009796872191263711
harmony-41	Tcell	IFNb	CD4 TEM	True	5	False	True	False	False	0.18118149234278266	0.17772694688823723	0.04142424242424243	0.0034545454545454545	0.03999999999999998
harmony-41	Tcell	IFNb	CD8 Naive	False	5	True	True	True	False	0.8033480392873369	0.8046868279109642	0.04142424242424243	-0.001338788623627507	0.019736842105263164
harmony-41	Tcell	IFNb	CD8 TCM	True	4	False	True	False	False	0.4473537522736607	0.4773171781180934	0.04041666666666667	-0.029963425844432706	0.23076923076923073
harmony-41	Tcell	IFNb	CD8 TEM	False	5	True	True	True	False	0.41687332954840894	0.4784925913327444	0.04142424242424243	-0.06161926178433548	0.02080000000000004
harmony-41	Tcell	IFNb	Eryth	True	1	False	False	False	False	0.0	0.0	0.0	0.0	0.0
harmony-41	Tcell	IFNb	HSPC	True	5	False	True	False	False	0.45445022813443875	0.5016162200372726	0.04142424242424243	-0.047165991902834006	0.05263157894736842
harmony-41	Tcell	IFNb	ILC	True	2	False	False	False	False	0.0	0.0	0.04083333333333333	0.0	0.0
harmony-41	Tcell	IFNb	MAIT	False	5	True	True	True	False	0.9700359039486767	0.9770414432122804	0.04142424242424243	-0.007005539263603766	0.005376344086021501
harmony-41	Tcell	IFNb	NK	True	5	False	True	False	False	0.6096884702293188	0.6590482687213052	0.04142424242424243	-0.04935979849198639	0.11111111111111116
harmony-41	Tcell	IFNb	NK Proliferating	True	1	False	False	False	False	0.0	0.0	0.0	0.0	0.0
harmony-41	Tcell	IFNb	NK_CD56bright	True	2	False	True	False	False	0.5	0.5	0.04083333333333333	0.0	0.0
harmony-41	Tcell	IFNb	Plasmablast	True	4	False	True	False	False	0.9642857142857143	0.9642857142857143	0.041363636363636366	0.0	0.0
harmony-41	Tcell	IFNb	Platelet	True	1	False	False	False	False	0.0	0.0	0.0	0.0	0.0
harmony-41	Tcell	IFNb	Treg	True	2	False	True	False	False	0.25	0.25	0.04	0.0	0.0
harmony-41	Tcell	IFNb	cDC2	True	3	False	True	False	False	1.0	1.0	0.04055555555555556	0.0	0.0
harmony-41	Tcell	IFNb	dnT	True	5	False	True	False	False	0.2010170807453416	0.1814337474120083	0.04142424242424243	0.01958333333333333	0.06666666666666665
harmony-41	Tcell	IFNb	gdT	False	5	True	False	False	False	0.07004278049328468	0.05002788816133519	0.04142424242424243	0.020014892331949485	0.0425531914893617
harmony-41	Tcell	IFNb	pDC	True	5	False	True	False	False	1.0	1.0	0.04142424242424243	0.0	0.0
harmony-41	Tcell	IFNg	ASDC	True	1	False	False	False	False	0.0	0.0	0.0	0.0	0.0
harmony-41	Tcell	IFNg	B intermediate	True	5	False	True	False	False	0.21884057971014492	0.125	0.03552482000757863	0.09384057971014492	0.3333333333333333
harmony-41	Tcell	IFNg	B memory	True	1	False	False	False	False	0.0	0.0	0.0	0.0	0.0
harmony-41	Tcell	IFNg	B naive	True	5	False	True	False	False	0.8866666666666667	0.8933333333333333	0.03552482000757863	-0.006666666666666665	0.033333333333333326
harmony-41	Tcell	IFNg	CD14 Mono	True	4	False	True	False	False	0.6125	0.5722222222222222	0.03547745358090186	0.0402777777777778	0.11111111111111116
harmony-41	Tcell	IFNg	CD16 Mono	True	2	False	True	False	False	0.25	0.25	0.035098522167487683	0.0	0.0
harmony-41	Tcell	IFNg	CD4 CTL	False	3	False	True	False	False	0.9520831827272946	0.9370225788573219	0.036219527598837946	0.015060603869972766	0.07966457023060802
harmony-41	Tcell	IFNg	CD4 Naive	False	5	True	True	False	True	0.8860983917954929	0.8615931226664431	0.03552482000757863	0.02450526912904989	0.1510903426791277
harmony-41	Tcell	IFNg	CD4 Proliferating	True	4	False	False	False	False	0.014705882352941176	0.2647058823529412	0.03547745358090186	-0.25	0.0
harmony-41	Tcell	IFNg	CD4 TCM	False	5	True	True	True	False	0.17655173658761866	0.17207484669409315	0.03552482000757863	0.004476889893525532	0.038255360623781653
harmony-41	Tcell	IFNg	CD4 TEM	False	5	True	True	True	False	0.47556607058504075	0.49423165137582475	0.03552482000757863	-0.018665580790784043	0.014634146341463428
harmony-41	Tcell	IFNg	CD8 Naive	False	5	True	True	True	False	0.978364745536952	0.9793427237490381	0.03552482000757863	-0.0009779782120859614	0.016265912305516328
harmony-41	Tcell	IFNg	CD8 TCM	False	5	True	True	False	True	0.37234500972796825	0.39752225107939687	0.03552482000757863	-0.025177241351428653	0.14234875444839856
harmony-41	Tcell	IFNg	CD8 TEM	False	5	True	True	True	False	0.5744784757177764	0.6556171778635165	0.03552482000757863	-0.08113870214574011	-0.011699931176875511
harmony-41	Tcell	IFNg	Eryth	True	1	False	False	False	False	0.0	0.0	0.0	0.0	0.0
harmony-41	Tcell	IFNg	HSPC	True	5	False	True	False	False	0.42440476190476195	0.3857954545454546	0.03552482000757863	0.038609307359307364	0.15625
harmony-41	Tcell	IFNg	ILC	True	5	False	True	False	False	0.23232323232323232	0.1797979797979798	0.03552482000757863	0.05252525252525251	0.11111111111111105
harmony-41	Tcell	IFNg	MAIT	False	5	True	True	True	False	0.9916129481298428	0.9920988415467707	0.03552482000757863	-0.00048589341692790723	0.011363636363636354
harmony-41	Tcell	IFNg	NK	False	5	True	True	True	False	0.5044386346957981	0.5708361141126044	0.03552482000757863	-0.06639747941680618	-0.017094017094017033
harmony-41	Tcell	IFNg	NK Proliferating	True	2	False	False	False	False	0.0	0.0	0.03647214854111406	0.0	0.0
harmony-41	Tcell	IFNg	NK_CD56bright	True	1	False	False	False	False	0.0	0.0	0.0	0.0	0.0
harmony-41	Tcell	IFNg	Plasmablast	True	5	False	True	False	False	0.6625	0.6847222222222222	0.03552482000757863	-0.02222222222222221	0.0
harmony-41	Tcell	IFNg	Platelet	True	2	False	True	False	False	0.6666666666666666	0.8333333333333333	0.03647214854111406	-0.16666666666666666	0.0
harmony-41	Tcell	IFNg	Treg	False	5	True	True	True	False	0.6547656060506146	0.6564171816626513	0.03552482000757863	-0.001651575612036682	0.043165467625899234
harmony-41	Tcell	IFNg	cDC1	True	5	False	True	False	False	0.6666666666666666	0.6666666666666666	0.03552482000757863	0.0	0.0
harmony-41	Tcell	IFNg	cDC2	True	5	False	True	False	False	0.8929971988795519	0.8929971988795519	0.03552482000757863	0.0	0.0
harmony-41	Tcell	IFNg	dnT	True	5	False	False	False	False	0.017823639774859287	0.028047593036787232	0.03552482000757863	-0.010223953261927946	0.0
harmony-41	Tcell	IFNg	gdT	False	5	True	False	False	False	0.022047427424053558	0.01905066502230537	0.03552482000757863	0.0029967624017481847	0.02531645569620253
harmony-41	Tcell	IFNg	pDC	True	5	False	True	False	False	0.9333333333333332	0.9333333333333332	0.03552482000757863	0.0	0.0
harmony-41	Tcell	none	ASDC	True	2	False	False	False	False	0.0	0.0	0.03333333333333333	0.0	0.0
harmony-41	Tcell	none	B intermediate	True	4	False	True	False	False	0.7146464646464646	0.6502525252525253	0.03362068965517241	0.06439393939393939	0.2222222222222222
harmony-41	Tcell	none	B memory	True	2	False	False	False	False	0.0	0.0	0.0339080459770115	0.0	0.0
harmony-41	Tcell	none	B naive	True	3	False	True	False	False	0.8690476190476191	0.8888888888888888	0.03371647509578544	-0.01984126984126977	0.04761904761904767
harmony-41	Tcell	none	CD14 Mono	True	5	False	True	False	False	0.9117480220928498	0.8779220779220779	0.033563218390804596	0.03382594417077174	0.2857142857142857
harmony-41	Tcell	none	CD16 Mono	True	5	False	True	False	False	0.37333333333333335	0.16666666666666666	0.033563218390804596	0.20666666666666664	0.5
harmony-41	Tcell	none	CD4 CTL	False	5	False	True	False	False	0.8942402980611099	0.9063052638473461	0.033563218390804596	-0.012064965786236193	0.05214723926380371
harmony-41	Tcell	none	CD4 Naive	False	5	True	True	False	True	0.9030158184722195	0.8782725378702716	0.033563218390804596	0.024743280601947793	0.10830280830280825
harmony-41	Tcell	none	CD4 Proliferating	True	4	False	True	False	False	0.2781045751633987	0.11601307189542484	0.03362068965517241	0.16209150326797384	0.4
harmony-41	Tcell	none	CD4 TCM	False	5	True	True	True	False	0.5476637694043843	0.5548385412986703	0.033563218390804596	-0.007174771894285925	0.030082368389638292
harmony-41	Tcell	none	CD4 TEM	False	5	True	True	True	False	0.40783509128614853	0.4132509045023484	0.033563218390804596	-0.005415813216199927	0.024979854955680947
harmony-41	Tcell	none	CD8 Naive	False	5	True	True	True	False	0.979260096266031	0.9792874919960426	0.033563218390804596	-2.7395730011536834e-05	0.01772763900080576
harmony-41	Tcell	none	CD8 Proliferating	True	2	False	True	False	False	0.3333333333333333	0.3333333333333333	0.03333333333333333	0.0	0.0
harmony-41	Tcell	none	CD8 TCM	False	5	True	True	False	True	0.25598407316902344	0.24590618332650038	0.033563218390804596	0.01007788984252304	0.12732919254658387
harmony-41	Tcell	none	CD8 TEM	False	5	True	True	True	False	0.35603048294862993	0.4012629395746298	0.033563218390804596	-0.045232456625999846	0.03773584905660379
harmony-41	Tcell	none	Eryth	True	1	False	False	False	False	0.0	0.0	0.0	0.0	0.0
harmony-41	Tcell	none	HSPC	True	5	True	True	True	False	0.2826620177673644	0.319355732728774	0.033563218390804596	-0.03669371496140958	0.017543859649122806
harmony-41	Tcell	none	ILC	True	5	False	False	False	False	0.03518518518518519	0.05416666666666666	0.033563218390804596	-0.01898148148148148	0.0
harmony-41	Tcell	none	MAIT	False	5	True	True	True	False	0.990609688016548	0.9927238909620376	0.033563218390804596	-0.002114202945489563	0.0
harmony-41	Tcell	none	NK	True	5	True	True	False	True	0.6424468194385252	0.6367106623392235	0.033563218390804596	0.005736157099301709	0.13181818181818183
harmony-41	Tcell	none	NK Proliferating	True	3	False	False	False	False	0.0	0.0	0.03371647509578544	0.0	0.0
harmony-41	Tcell	none	NK_CD56bright	True	3	False	True	False	False	1.0	1.0	0.03333333333333333	0.0	0.0
harmony-41	Tcell	none	Plasmablast	True	5	False	True	False	False	0.8833333333333334	0.8833333333333334	0.033563218390804596	0.0	0.0
harmony-41	Tcell	none	Platelet	True	5	False	True	False	False	1.0	1.0	0.033563218390804596	0.0	0.0
harmony-41	Tcell	none	Treg	False	5	True	True	True	False	0.17820867331965246	0.1847783042745042	0.033563218390804596	-0.0065696309548517375	0.04115853658536586
harmony-41	Tcell	none	cDC1	True	5	False	True	False	False	0.4523809523809524	0.32857142857142857	0.033563218390804596	0.12380952380952381	0.33333333333333337
harmony-41	Tcell	none	cDC2	True	5	False	True	False	False	0.7631490015360982	0.7496006144393241	0.033563218390804596	0.013548387096774195	0.09999999999999998
harmony-41	Tcell	none	dnT	True	5	False	False	False	False	0.01563097033685269	0.026196683108447815	0.033563218390804596	-0.010565712771595126	0.020833333333333332
harmony-41	Tcell	none	gdT	False	5	True	False	False	False	0.007171120297495173	0.007156789697483143	0.033563218390804596	1.433060001202989e-05	0.005649717514124294
harmony-41	Tcell	none	pDC	True	5	False	True	False	False	0.875	0.875	0.033563218390804596	0.0	0.0
