Building for debugging...
[0/58] /Users/n/numivivo-cross-scale-fix-20260914/.build/arm64-apple-macosx/debug/NumiVivoPackageTests.derived/runner.swift
[1/58] Write swift-version-3CD7052B146186F2.txt
[1/58] Write numivivo-entitlement.plist
[3/58] Copying README.txt
[3/58] Copying NumiVivoTransactionKernels.metal
[4/58] Copying NumiVivoTransactionCommitKernels.metal
[6/58] Copying NumiVivoTargetLikelihood.metal
[6/58] Copying NumiVivoProgramPackRuntime.metal
[6/58] Copying NumiVivoPopulationKernels.metal
[6/58] Copying NumiVivoPhysiologyKernels.metal
[6/58] Copying NumiVivoPartitionKernels.metal
[6/58] Copying NumiVivoMigrationKernels.metal
[6/58] Copying NumiVivoMetalABI.h
[6/58] Copying NumiVivoMDVirtualSites.metal
[11/58] Copying NumiVivoMDPeriodicGeometry.metalh
[15/58] Copying NumiVivoMDPMECorrections.metal
[16/58] Copying NumiVivoMDPME.metal
[17/58] Copying NumiVivoMDNeighborGrid.metal
[17/58] Copying NumiVivoMDMinimization.metal
[19/58] Copying NumiVivoMDKernels.metal
[20/58] Copying NumiVivoMDExecutionSupport.metal
[21/58] Copying NumiVivoMDBarostat.metal
[22/58] Copying NumiVivoKernels.metal
[23/58] Copying NumiVivoHybridExecution.metal
[24/58] Copying NumiVivoExactSSAKernels.metal
[25/58] Copying NumiVivoErrorFunctions.metalh
[26/58] Write sources
[30/64] Compiling NumiVivoCore OmicsMNN.cpp
[31/64] Compiling NumiVivoCore Version.cpp
[32/64] Compiling NumiVivoCore Hash.cpp
[33/64] Compiling NumiVivoCore Json.cpp
[34/64] Compiling NumiVivoCore NetworkAnalysisABI.cpp
[35/64] Compiling NumiVivoCore Diagnostics.cpp
[36/64] Compiling NumiVivoCore MechanismSynthesisABI.cpp
[37/64] Compiling NumiVivoCore CAPI.cpp
[38/64] Compiling NumiVivoCore Units.cpp
[39/64] Compiling NumiVivoCore MechanismSynthesis.cpp
[40/64] Compiling NumiVivoCore Safety.cpp
[41/64] Compiling NumiVivoCore SourceSemantics.cpp
[42/64] Write sources
[43/64] Compiling NumiVivoCore OmicsHNSW.cpp
[44/64] Compiling NumiVivoCore Compiler.cpp
[45/64] Compiling NumiVivoCore OmicsGaussian.cpp
[46/64] Compiling NumiVivoCore ScalableReactionNetworkAnalysis.cpp
[47/64] Compiling NumiVivoCore PackSemantic.cpp
[48/64] Compiling NumiVivoCore PackAccess.cpp
[49/64] Compiling NumiVivoCore Program.cpp
[50/64] Compiling NumiVivoCore PackValidation.cpp
[51/64] Compiling NumiVivoCore ReactionNetworkAnalysis.cpp
[52/64] Compiling NumiVivoCore Pack.cpp
[54/64] Compiling NumiVivoShaders MetalShaderLibrary.swift
/Users/n/numivivo-cross-scale-fix-20260914/Sources/NumiVivoShaders/MetalShaderLibrary.swift:175:21: warning: 'fastMathEnabled' was deprecated in macOS 15.0: Use mathMode instead [#DeprecatedDeclaration]
173 |             }
174 |             let options = MTLCompileOptions()
175 |             options.fastMathEnabled = false
    |                     `- warning: 'fastMathEnabled' was deprecated in macOS 15.0: Use mathMode instead [#DeprecatedDeclaration]
176 |             let library = try device.makeLibrary(source: source, options: options)
177 |             libraries[key] = library

[#DeprecatedDeclaration]: <https://docs.swift.org/compiler/documentation/diagnostics/deprecated-declaration>
[55/64] Compiling NumiVivoShaders ShaderResources.swift
[56/64] Emitting module NumiVivoShaders
[57/64] Compiling NumiVivoShaders NumiVivoHybridLibrary.swift
/Users/n/numivivo-cross-scale-fix-20260914/Sources/NumiVivoShaders/NumiVivoHybridLibrary.swift:21:21: warning: 'fastMathEnabled' was deprecated in macOS 15.0: Use mathMode instead [#DeprecatedDeclaration]
19 |             let source = try String(contentsOf: url, encoding: .utf8)
20 |             let options = MTLCompileOptions()
21 |             options.fastMathEnabled = false
   |                     `- warning: 'fastMathEnabled' was deprecated in macOS 15.0: Use mathMode instead [#DeprecatedDeclaration]
22 |             library = try device.makeLibrary(source: source, options: options)
23 |         }

[#DeprecatedDeclaration]: <https://docs.swift.org/compiler/documentation/diagnostics/deprecated-declaration>
[58/64] Compiling NumiVivoShaders resource_bundle_accessor.swift
[59/64] Compiling NumiVivoShaders ShaderSource.swift
[60/339] Emitting module NumiVivoKit
/Users/n/numivivo-cross-scale-fix-20260914/Sources/NumiVivoKit/Surrogates/VivoReactiveMetalBackend.swift:54:52: warning: 'fastMathEnabled' was deprecated in macOS 15.0: Use mathMode instead [#DeprecatedDeclaration]
 52 |         coefficients = try buffer(payload.coefficientsKJPerMol.flatMap { $0 })
 53 |         scales = try buffer(payload.configuration.features.map { 1/($0.scaleNM*$0.scaleNM) })
 54 |         let options = MTLCompileOptions(); options.fastMathEnabled = false
    |                                                    `- warning: 'fastMathEnabled' was deprecated in macOS 15.0: Use mathMode instead [#DeprecatedDeclaration]
 55 |         let library = try device.makeLibrary(source: Self.source,options: options)
 56 |         guard let function = library.makeFunction(name: "vivo_reactive_delta") else { throw VivoChemistryError.invalid("missing reactive Metal kernel") }

[#DeprecatedDeclaration]: <https://docs.swift.org/compiler/documentation/diagnostics/deprecated-declaration>
[61/363] Compiling NumiVivoKit VivoGenomicDocuments.swift
[62/363] Compiling NumiVivoKit VivoGenomicEvidenceArtifacts.swift
[63/363] Compiling NumiVivoKit VivoGenomicEvidenceExample.swift
[64/363] Compiling NumiVivoKit VivoGenomicEvidenceHTML.swift
[65/363] Compiling NumiVivoKit VivoGenomicEvidenceRevision.swift
[66/363] Compiling NumiVivoKit VivoNeoantigenArtifacts.swift
[67/363] Compiling NumiVivoKit VivoNeoantigenExample.swift
[68/363] Compiling NumiVivoKit VivoNeoantigenHTML.swift
[69/363] Compiling NumiVivoKit VivoNeoantigenWorkbench.swift
[70/363] Compiling NumiVivoKit VivoSpliceEvidence.swift
[71/363] Compiling NumiVivoKit VivoVCFReader.swift
[72/363] Compiling NumiVivoKit VivoBarrierTunnelling.swift
[73/363] Compiling NumiVivoKit VivoRingPolymerConvergence.swift
[74/363] Compiling NumiVivoKit VivoRingPolymerSampling.swift
[75/363] Compiling NumiVivoKit NumiVivo.swift
[76/363] Compiling NumiVivoKit VivoAccessibilityLSI.swift
[77/363] Compiling NumiVivoKit VivoAccessibilityLSIIO.swift
[78/363] Compiling NumiVivoKit VivoAccessibilityTFIDF.swift
[79/363] Compiling NumiVivoKit VivoAccessibilityTFIDFIO.swift
[80/363] Compiling NumiVivoKit VivoAdaptiveJointCountResponse.swift
[81/363] Compiling NumiVivoKit VivoArc2026Contract.swift
[82/363] Compiling NumiVivoKit VivoArc2026H5AD.swift
[83/363] Compiling NumiVivoKit VivoBufferedCountRecords.swift
[84/363] Compiling NumiVivoKit VivoCellTypistReference.swift
[85/363] Compiling NumiVivoKit VivoCellTypistReferenceIO.swift
[86/363] Compiling NumiVivoKit VivoMDVelocityInitializer.swift
[87/363] Compiling NumiVivoKit VivoMDWorkBuffers.swift
[88/363] Compiling NumiVivoKit VivoMolecularSampling.swift
[89/363] Compiling NumiVivoKit VivoMolecularSamplingArchiveReader.swift
[90/363] Compiling NumiVivoKit VivoMolecularSamplingExporter.swift
[91/363] Compiling NumiVivoKit VivoMolecularSamplingRunner.swift
[92/363] Compiling NumiVivoKit VivoMultipolePME.swift
[93/363] Compiling NumiVivoKit VivoPMEEngine.swift
[94/363] Compiling NumiVivoKit VivoPMEPlan.swift
[95/363] Compiling NumiVivoKit VivoAdvancedManyBodySolver.swift
[96/363] Compiling NumiVivoKit VivoCASSCF.swift
[97/363] Compiling NumiVivoKit VivoConfigurationInteraction.swift
[98/363] Compiling NumiVivoKit VivoCoupledCluster.swift
[99/363] Compiling NumiVivoKit VivoDirectCI.swift
[100/363] Compiling NumiVivoKit VivoDirectHamiltonian.swift
[101/363] Compiling NumiVivoKit VivoEmbeddedHamiltonian.swift
[102/363] Compiling NumiVivoKit VivoManyBodySolver.swift
[103/363] Compiling NumiVivoKit VivoMultiStateCASSCF.swift
[104/363] Compiling NumiVivoKit VivoRIActiveSpace.swift
[105/363] Compiling NumiVivoKit VivoSelectedCI.swift
[106/363] Compiling NumiVivoKit VivoSelectiveOrbitalInformation.swift
[107/363] Compiling NumiVivoKit VivoTensorCCSD.swift
[108/363] Compiling NumiVivoKit VivoVariationalSubspace.swift
[109/363] Compiling NumiVivoKit VivoUnits.swift
[110/363] Compiling NumiVivoKit VivoAtlasEvidence.swift
[111/363] Compiling NumiVivoKit VivoConstantPHReplicaExchange.swift
[112/363] Compiling NumiVivoKit VivoLatentProtonTopology.swift
[113/363] Compiling NumiVivoKit VivoMultistateMBAR.swift
[114/363] Compiling NumiVivoKit VivoMultistateReducedPotentialArchive.swift
[115/363] Compiling NumiVivoKit VivoNCMCProtocolKernel.swift
[116/363] Compiling NumiVivoKit VivoPreparedReactionRate.swift
[117/363] Compiling NumiVivoKit VivoQMMMChemicalExchangeNetwork.swift
[118/363] Compiling NumiVivoKit VivoQMMMChemicalExchangeSensitivity.swift
[119/363] Compiling NumiVivoKit VivoQMMMChemicalExchangeValidation.swift
[120/363] Compiling NumiVivoKit VivoQMMMChemicalQualification.swift
[121/363] Compiling NumiVivoKit VivoQMMMChemicalStateNetwork.swift
[122/363] Compiling NumiVivoKit VivoQMMMChemicalStateThermodynamics.swift
[123/363] Compiling NumiVivoKit VivoQMMMFreeEnergyRate.swift
[124/363] Compiling NumiVivoKit VivoQMMMReplicatedFreeEnergyRate.swift
[125/363] Compiling NumiVivoKit VivoQMMMVariantSensitivity.swift
[126/363] Compiling NumiVivoKit VivoTransitionStateDerivation.swift
[127/363] Compiling NumiVivoKit VivoTransitionStateRate.swift
[128/363] Compiling NumiVivoKit VivoMechanismSelectionPack.swift
[129/363] Compiling NumiVivoKit VivoNativeCompilerBridge.swift
[130/363] Compiling NumiVivoKit VivoProgramCompiler.swift
[131/363] Compiling NumiVivoKit VivoCouplingIterationController.swift
[132/363] Compiling NumiVivoKit VivoNumiLabCoupling.swift
[133/363] Compiling NumiVivoKit VivoNumiLabStandardChannels.swift
[134/363] Compiling NumiVivoKit VivoNumiVivoCoupledParticipant.swift
[135/363] Compiling NumiVivoKit VivoCorrelatedEmbedding.swift
[136/435] Compiling NumiVivoKit VivoSingleCellCampaign.swift
[137/435] Compiling NumiVivoKit VivoSingleCellCampaignIO.swift
[138/435] Compiling NumiVivoKit VivoSingleCellClustering.swift
[139/435] Compiling NumiVivoKit VivoSingleCellCohortAnalysis.swift
[140/435] Compiling NumiVivoKit VivoSingleCellEmbedding.swift
[141/435] Compiling NumiVivoKit VivoSingleCellExamples.swift
[142/435] Compiling NumiVivoKit VivoSingleCellExchange.swift
[143/435] Compiling NumiVivoKit VivoSingleCellH5AD.swift
[144/435] Compiling NumiVivoKit VivoSingleCellIntegration.swift
[145/435] Compiling NumiVivoKit VivoSingleCellNeighbors.swift
[146/435] Compiling NumiVivoKit VivoSingleCellProcessing.swift
[147/435] Compiling NumiVivoKit VivoSingleCellPrograms.swift
[148/435] Compiling NumiVivoKit VivoSingleCellReduction.swift
[149/435] Compiling NumiVivoKit VivoSingleCellReference.swift
[150/435] Compiling NumiVivoKit VivoSingleCellReferenceIO.swift
[151/435] Compiling NumiVivoKit VivoSparseCounts.swift
[152/435] Compiling NumiVivoKit VivoStreamedLogCPM.swift
[153/435] Compiling NumiVivoKit VivoTargetKernel.swift
[154/435] Compiling NumiVivoKit VivoTargetKernelIO.swift
[155/435] Compiling NumiVivoKit VivoWeightedNeighbors.swift
[156/435] Compiling NumiVivoKit VivoWindowedPCANeighbors.swift
[157/435] Compiling NumiVivoKit VivoFiniteDrugReactions.swift
[158/435] Compiling NumiVivoKit VivoFiniteDrugWorkflow.swift
[159/435] Compiling NumiVivoKit VivoTargetEngagementIntegration.swift
[160/435] Compiling NumiVivoKit VivoClusteringGraph.swift
/Users/n/numivivo-cross-scale-fix-20260914/Sources/NumiVivoKit/Omics/VivoH5ADAnnotations.swift:240:23: warning: no calls to throwing functions occur within 'try' expression
238 |         try Task.checkCancellation()
239 |         let output = try VivoOmicsFileSnapshot.fingerprint(staging, maximumBytes: outputLimit)
240 |         let receipt = try VivoH5ADAnnotationReceipt(schemaVersion: 1, source: plan.source, plan: planID,
    |                       `- warning: no calls to throwing functions occur within 'try' expression
241 |             output: output, implementation: implementation, hdf5Version: version)
242 |         guard destination.isFileURL else { throw VivoOmicsError.invalid("local H5AD output required") }
[161/435] Compiling NumiVivoKit VivoComposition.swift
/Users/n/numivivo-cross-scale-fix-20260914/Sources/NumiVivoKit/Omics/VivoH5ADAnnotations.swift:240:23: warning: no calls to throwing functions occur within 'try' expression
238 |         try Task.checkCancellation()
239 |         let output = try VivoOmicsFileSnapshot.fingerprint(staging, maximumBytes: outputLimit)
240 |         let receipt = try VivoH5ADAnnotationReceipt(schemaVersion: 1, source: plan.source, plan: planID,
    |                       `- warning: no calls to throwing functions occur within 'try' expression
241 |             output: output, implementation: implementation, hdf5Version: version)
242 |         guard destination.isFileURL else { throw VivoOmicsError.invalid("local H5AD output required") }
[162/435] Compiling NumiVivoKit VivoCompositionIO.swift
/Users/n/numivivo-cross-scale-fix-20260914/Sources/NumiVivoKit/Omics/VivoH5ADAnnotations.swift:240:23: warning: no calls to throwing functions occur within 'try' expression
238 |         try Task.checkCancellation()
239 |         let output = try VivoOmicsFileSnapshot.fingerprint(staging, maximumBytes: outputLimit)
240 |         let receipt = try VivoH5ADAnnotationReceipt(schemaVersion: 1, source: plan.source, plan: planID,
    |                       `- warning: no calls to throwing functions occur within 'try' expression
241 |             output: output, implementation: implementation, hdf5Version: version)
242 |         guard destination.isFileURL else { throw VivoOmicsError.invalid("local H5AD output required") }
[163/435] Compiling NumiVivoKit VivoCountObservation.swift
/Users/n/numivivo-cross-scale-fix-20260914/Sources/NumiVivoKit/Omics/VivoH5ADAnnotations.swift:240:23: warning: no calls to throwing functions occur within 'try' expression
238 |         try Task.checkCancellation()
239 |         let output = try VivoOmicsFileSnapshot.fingerprint(staging, maximumBytes: outputLimit)
240 |         let receipt = try VivoH5ADAnnotationReceipt(schemaVersion: 1, source: plan.source, plan: planID,
    |                       `- warning: no calls to throwing functions occur within 'try' expression
241 |             output: output, implementation: implementation, hdf5Version: version)
242 |         guard destination.isFileURL else { throw VivoOmicsError.invalid("local H5AD output required") }
[164/435] Compiling NumiVivoKit VivoCountObservationCalibration.swift
/Users/n/numivivo-cross-scale-fix-20260914/Sources/NumiVivoKit/Omics/VivoH5ADAnnotations.swift:240:23: warning: no calls to throwing functions occur within 'try' expression
238 |         try Task.checkCancellation()
239 |         let output = try VivoOmicsFileSnapshot.fingerprint(staging, maximumBytes: outputLimit)
240 |         let receipt = try VivoH5ADAnnotationReceipt(schemaVersion: 1, source: plan.source, plan: planID,
    |                       `- warning: no calls to throwing functions occur within 'try' expression
241 |             output: output, implementation: implementation, hdf5Version: version)
242 |         guard destination.isFileURL else { throw VivoOmicsError.invalid("local H5AD output required") }
[165/435] Compiling NumiVivoKit VivoCountRateLikelihood.swift
/Users/n/numivivo-cross-scale-fix-20260914/Sources/NumiVivoKit/Omics/VivoH5ADAnnotations.swift:240:23: warning: no calls to throwing functions occur within 'try' expression
238 |         try Task.checkCancellation()
239 |         let output = try VivoOmicsFileSnapshot.fingerprint(staging, maximumBytes: outputLimit)
240 |         let receipt = try VivoH5ADAnnotationReceipt(schemaVersion: 1, source: plan.source, plan: planID,
    |                       `- warning: no calls to throwing functions occur within 'try' expression
241 |             output: output, implementation: implementation, hdf5Version: version)
242 |         guard destination.isFileURL else { throw VivoOmicsError.invalid("local H5AD output required") }
[166/435] Compiling NumiVivoKit VivoCountStreamPseudobulk.swift
/Users/n/numivivo-cross-scale-fix-20260914/Sources/NumiVivoKit/Omics/VivoH5ADAnnotations.swift:240:23: warning: no calls to throwing functions occur within 'try' expression
238 |         try Task.checkCancellation()
239 |         let output = try VivoOmicsFileSnapshot.fingerprint(staging, maximumBytes: outputLimit)
240 |         let receipt = try VivoH5ADAnnotationReceipt(schemaVersion: 1, source: plan.source, plan: planID,
    |                       `- warning: no calls to throwing functions occur within 'try' expression
241 |             output: output, implementation: implementation, hdf5Version: version)
242 |         guard destination.isFileURL else { throw VivoOmicsError.invalid("local H5AD output required") }
[167/435] Compiling NumiVivoKit VivoCrossScaleEvidence.swift
/Users/n/numivivo-cross-scale-fix-20260914/Sources/NumiVivoKit/Omics/VivoH5ADAnnotations.swift:240:23: warning: no calls to throwing functions occur within 'try' expression
238 |         try Task.checkCancellation()
239 |         let output = try VivoOmicsFileSnapshot.fingerprint(staging, maximumBytes: outputLimit)
240 |         let receipt = try VivoH5ADAnnotationReceipt(schemaVersion: 1, source: plan.source, plan: planID,
    |                       `- warning: no calls to throwing functions occur within 'try' expression
241 |             output: output, implementation: implementation, hdf5Version: version)
242 |         guard destination.isFileURL else { throw VivoOmicsError.invalid("local H5AD output required") }
[168/435] Compiling NumiVivoKit VivoDurationPerturbation.swift
/Users/n/numivivo-cross-scale-fix-20260914/Sources/NumiVivoKit/Omics/VivoH5ADAnnotations.swift:240:23: warning: no calls to throwing functions occur within 'try' expression
238 |         try Task.checkCancellation()
239 |         let output = try VivoOmicsFileSnapshot.fingerprint(staging, maximumBytes: outputLimit)
240 |         let receipt = try VivoH5ADAnnotationReceipt(schemaVersion: 1, source: plan.source, plan: planID,
    |                       `- warning: no calls to throwing functions occur within 'try' expression
241 |             output: output, implementation: implementation, hdf5Version: version)
242 |         guard destination.isFileURL else { throw VivoOmicsError.invalid("local H5AD output required") }
[169/435] Compiling NumiVivoKit VivoDurationPerturbationIO.swift
/Users/n/numivivo-cross-scale-fix-20260914/Sources/NumiVivoKit/Omics/VivoH5ADAnnotations.swift:240:23: warning: no calls to throwing functions occur within 'try' expression
238 |         try Task.checkCancellation()
239 |         let output = try VivoOmicsFileSnapshot.fingerprint(staging, maximumBytes: outputLimit)
240 |         let receipt = try VivoH5ADAnnotationReceipt(schemaVersion: 1, source: plan.source, plan: planID,
    |                       `- warning: no calls to throwing functions occur within 'try' expression
241 |             output: output, implementation: implementation, hdf5Version: version)
242 |         guard destination.isFileURL else { throw VivoOmicsError.invalid("local H5AD output required") }
[170/435] Compiling NumiVivoKit VivoEmbeddingSchedule.swift
/Users/n/numivivo-cross-scale-fix-20260914/Sources/NumiVivoKit/Omics/VivoH5ADAnnotations.swift:240:23: warning: no calls to throwing functions occur within 'try' expression
238 |         try Task.checkCancellation()
239 |         let output = try VivoOmicsFileSnapshot.fingerprint(staging, maximumBytes: outputLimit)
240 |         let receipt = try VivoH5ADAnnotationReceipt(schemaVersion: 1, source: plan.source, plan: planID,
    |                       `- warning: no calls to throwing functions occur within 'try' expression
241 |             output: output, implementation: implementation, hdf5Version: version)
242 |         guard destination.isFileURL else { throw VivoOmicsError.invalid("local H5AD output required") }
[171/435] Compiling NumiVivoKit VivoExpressionReportJSON.swift
/Users/n/numivivo-cross-scale-fix-20260914/Sources/NumiVivoKit/Omics/VivoH5ADAnnotations.swift:240:23: warning: no calls to throwing functions occur within 'try' expression
238 |         try Task.checkCancellation()
239 |         let output = try VivoOmicsFileSnapshot.fingerprint(staging, maximumBytes: outputLimit)
240 |         let receipt = try VivoH5ADAnnotationReceipt(schemaVersion: 1, source: plan.source, plan: planID,
    |                       `- warning: no calls to throwing functions occur within 'try' expression
241 |             output: output, implementation: implementation, hdf5Version: version)
242 |         guard destination.isFileURL else { throw VivoOmicsError.invalid("local H5AD output required") }
[172/435] Compiling NumiVivoKit VivoFileCellAxis.swift
/Users/n/numivivo-cross-scale-fix-20260914/Sources/NumiVivoKit/Omics/VivoH5ADAnnotations.swift:240:23: warning: no calls to throwing functions occur within 'try' expression
238 |         try Task.checkCancellation()
239 |         let output = try VivoOmicsFileSnapshot.fingerprint(staging, maximumBytes: outputLimit)
240 |         let receipt = try VivoH5ADAnnotationReceipt(schemaVersion: 1, source: plan.source, plan: planID,
    |                       `- warning: no calls to throwing functions occur within 'try' expression
241 |             output: output, implementation: implementation, hdf5Version: version)
242 |         guard destination.isFileURL else { throw VivoOmicsError.invalid("local H5AD output required") }
[173/435] Compiling NumiVivoKit VivoFileCountStream.swift
/Users/n/numivivo-cross-scale-fix-20260914/Sources/NumiVivoKit/Omics/VivoH5ADAnnotations.swift:240:23: warning: no calls to throwing functions occur within 'try' expression
238 |         try Task.checkCancellation()
239 |         let output = try VivoOmicsFileSnapshot.fingerprint(staging, maximumBytes: outputLimit)
240 |         let receipt = try VivoH5ADAnnotationReceipt(schemaVersion: 1, source: plan.source, plan: planID,
    |                       `- warning: no calls to throwing functions occur within 'try' expression
241 |             output: output, implementation: implementation, hdf5Version: version)
242 |         guard destination.isFileURL else { throw VivoOmicsError.invalid("local H5AD output required") }
[174/435] Compiling NumiVivoKit VivoFileExpression.swift
/Users/n/numivivo-cross-scale-fix-20260914/Sources/NumiVivoKit/Omics/VivoH5ADAnnotations.swift:240:23: warning: no calls to throwing functions occur within 'try' expression
238 |         try Task.checkCancellation()
239 |         let output = try VivoOmicsFileSnapshot.fingerprint(staging, maximumBytes: outputLimit)
240 |         let receipt = try VivoH5ADAnnotationReceipt(schemaVersion: 1, source: plan.source, plan: planID,
    |                       `- warning: no calls to throwing functions occur within 'try' expression
241 |             output: output, implementation: implementation, hdf5Version: version)
242 |         guard destination.isFileURL else { throw VivoOmicsError.invalid("local H5AD output required") }
[175/435] Compiling NumiVivoKit VivoFrozenPCAProjection.swift
/Users/n/numivivo-cross-scale-fix-20260914/Sources/NumiVivoKit/Omics/VivoH5ADAnnotations.swift:240:23: warning: no calls to throwing functions occur within 'try' expression
238 |         try Task.checkCancellation()
239 |         let output = try VivoOmicsFileSnapshot.fingerprint(staging, maximumBytes: outputLimit)
240 |         let receipt = try VivoH5ADAnnotationReceipt(schemaVersion: 1, source: plan.source, plan: planID,
    |                       `- warning: no calls to throwing functions occur within 'try' expression
241 |             output: output, implementation: implementation, hdf5Version: version)
242 |         guard destination.isFileURL else { throw VivoOmicsError.invalid("local H5AD output required") }
[176/435] Compiling NumiVivoKit VivoH5ADAnnotations.swift
/Users/n/numivivo-cross-scale-fix-20260914/Sources/NumiVivoKit/Omics/VivoH5ADAnnotations.swift:240:23: warning: no calls to throwing functions occur within 'try' expression
238 |         try Task.checkCancellation()
239 |         let output = try VivoOmicsFileSnapshot.fingerprint(staging, maximumBytes: outputLimit)
240 |         let receipt = try VivoH5ADAnnotationReceipt(schemaVersion: 1, source: plan.source, plan: planID,
    |                       `- warning: no calls to throwing functions occur within 'try' expression
241 |             output: output, implementation: implementation, hdf5Version: version)
242 |         guard destination.isFileURL else { throw VivoOmicsError.invalid("local H5AD output required") }
[177/435] Compiling NumiVivoKit VivoH5ADCountAccess.swift
/Users/n/numivivo-cross-scale-fix-20260914/Sources/NumiVivoKit/Omics/VivoH5ADAnnotations.swift:240:23: warning: no calls to throwing functions occur within 'try' expression
238 |         try Task.checkCancellation()
239 |         let output = try VivoOmicsFileSnapshot.fingerprint(staging, maximumBytes: outputLimit)
240 |         let receipt = try VivoH5ADAnnotationReceipt(schemaVersion: 1, source: plan.source, plan: planID,
    |                       `- warning: no calls to throwing functions occur within 'try' expression
241 |             output: output, implementation: implementation, hdf5Version: version)
242 |         guard destination.isFileURL else { throw VivoOmicsError.invalid("local H5AD output required") }
[178/435] Compiling NumiVivoKit VivoH5ADCountStore.swift
/Users/n/numivivo-cross-scale-fix-20260914/Sources/NumiVivoKit/Omics/VivoH5ADAnnotations.swift:240:23: warning: no calls to throwing functions occur within 'try' expression
238 |         try Task.checkCancellation()
239 |         let output = try VivoOmicsFileSnapshot.fingerprint(staging, maximumBytes: outputLimit)
240 |         let receipt = try VivoH5ADAnnotationReceipt(schemaVersion: 1, source: plan.source, plan: planID,
    |                       `- warning: no calls to throwing functions occur within 'try' expression
241 |             output: output, implementation: implementation, hdf5Version: version)
242 |         guard destination.isFileURL else { throw VivoOmicsError.invalid("local H5AD output required") }
[179/435] Compiling NumiVivoKit VivoH5ADElements.swift
/Users/n/numivivo-cross-scale-fix-20260914/Sources/NumiVivoKit/Omics/VivoH5ADAnnotations.swift:240:23: warning: no calls to throwing functions occur within 'try' expression
238 |         try Task.checkCancellation()
239 |         let output = try VivoOmicsFileSnapshot.fingerprint(staging, maximumBytes: outputLimit)
240 |         let receipt = try VivoH5ADAnnotationReceipt(schemaVersion: 1, source: plan.source, plan: planID,
    |                       `- warning: no calls to throwing functions occur within 'try' expression
241 |             output: output, implementation: implementation, hdf5Version: version)
242 |         guard destination.isFileURL else { throw VivoOmicsError.invalid("local H5AD output required") }
[180/435] Compiling NumiVivoKit VivoH5ADLegacyIO.swift
/Users/n/numivivo-cross-scale-fix-20260914/Sources/NumiVivoKit/Omics/VivoH5ADAnnotations.swift:240:23: warning: no calls to throwing functions occur within 'try' expression
238 |         try Task.checkCancellation()
239 |         let output = try VivoOmicsFileSnapshot.fingerprint(staging, maximumBytes: outputLimit)
240 |         let receipt = try VivoH5ADAnnotationReceipt(schemaVersion: 1, source: plan.source, plan: planID,
    |                       `- warning: no calls to throwing functions occur within 'try' expression
241 |             output: output, implementation: implementation, hdf5Version: version)
242 |         guard destination.isFileURL else { throw VivoOmicsError.invalid("local H5AD output required") }
[181/435] Compiling NumiVivoKit VivoH5ADPCA.swift
/Users/n/numivivo-cross-scale-fix-20260914/Sources/NumiVivoKit/Omics/VivoH5ADAnnotations.swift:240:23: warning: no calls to throwing functions occur within 'try' expression
238 |         try Task.checkCancellation()
239 |         let output = try VivoOmicsFileSnapshot.fingerprint(staging, maximumBytes: outputLimit)
240 |         let receipt = try VivoH5ADAnnotationReceipt(schemaVersion: 1, source: plan.source, plan: planID,
    |                       `- warning: no calls to throwing functions occur within 'try' expression
241 |             output: output, implementation: implementation, hdf5Version: version)
242 |         guard destination.isFileURL else { throw VivoOmicsError.invalid("local H5AD output required") }
[182/435] Compiling NumiVivoKit VivoH5ADPCAQuery.swift
/Users/n/numivivo-cross-scale-fix-20260914/Sources/NumiVivoKit/Omics/VivoH5ADAnnotations.swift:240:23: warning: no calls to throwing functions occur within 'try' expression
238 |         try Task.checkCancellation()
239 |         let output = try VivoOmicsFileSnapshot.fingerprint(staging, maximumBytes: outputLimit)
240 |         let receipt = try VivoH5ADAnnotationReceipt(schemaVersion: 1, source: plan.source, plan: planID,
    |                       `- warning: no calls to throwing functions occur within 'try' expression
241 |             output: output, implementation: implementation, hdf5Version: version)
242 |         guard destination.isFileURL else { throw VivoOmicsError.invalid("local H5AD output required") }
[183/435] Compiling NumiVivoKit VivoH5ADPrograms.swift
/Users/n/numivivo-cross-scale-fix-20260914/Sources/NumiVivoKit/Omics/VivoH5ADAnnotations.swift:240:23: warning: no calls to throwing functions occur within 'try' expression
238 |         try Task.checkCancellation()
239 |         let output = try VivoOmicsFileSnapshot.fingerprint(staging, maximumBytes: outputLimit)
240 |         let receipt = try VivoH5ADAnnotationReceipt(schemaVersion: 1, source: plan.source, plan: planID,
    |                       `- warning: no calls to throwing functions occur within 'try' expression
241 |             output: output, implementation: implementation, hdf5Version: version)
242 |         guard destination.isFileURL else { throw VivoOmicsError.invalid("local H5AD output required") }
[184/435] Compiling NumiVivoKit VivoH5ADProjection.swift
/Users/n/numivivo-cross-scale-fix-20260914/Sources/NumiVivoKit/Omics/VivoH5ADAnnotations.swift:240:23: warning: no calls to throwing functions occur within 'try' expression
238 |         try Task.checkCancellation()
239 |         let output = try VivoOmicsFileSnapshot.fingerprint(staging, maximumBytes: outputLimit)
240 |         let receipt = try VivoH5ADAnnotationReceipt(schemaVersion: 1, source: plan.source, plan: planID,
    |                       `- warning: no calls to throwing functions occur within 'try' expression
241 |             output: output, implementation: implementation, hdf5Version: version)
242 |         guard destination.isFileURL else { throw VivoOmicsError.invalid("local H5AD output required") }
[185/435] Compiling NumiVivoKit VivoECCClusterConstruction.swift
/Users/n/numivivo-cross-scale-fix-20260914/Sources/NumiVivoKit/Interop/Amber/VivoAmberImporter.swift:120:13: warning: variable 'structure' was never mutated; consider changing to 'let' constant
118 |             }
119 |         }
120 |         var structure = try builder.makeStructure(
    |             `- warning: variable 'structure' was never mutated; consider changing to 'let' constant
121 |             identifier: identifier, bonds: structureBonds,
122 |             conformers: restart == nil ? [] : [.init(identifier: "amber-restart", positionsNM: builder.positions)],
[186/435] Compiling NumiVivoKit VivoECCDMET.swift
/Users/n/numivivo-cross-scale-fix-20260914/Sources/NumiVivoKit/Interop/Amber/VivoAmberImporter.swift:120:13: warning: variable 'structure' was never mutated; consider changing to 'let' constant
118 |             }
119 |         }
120 |         var structure = try builder.makeStructure(
    |             `- warning: variable 'structure' was never mutated; consider changing to 'let' constant
121 |             identifier: identifier, bonds: structureBonds,
122 |             conformers: restart == nil ? [] : [.init(identifier: "amber-restart", positionsNM: builder.positions)],
[187/435] Compiling NumiVivoKit VivoECCReactionPath.swift
/Users/n/numivivo-cross-scale-fix-20260914/Sources/NumiVivoKit/Interop/Amber/VivoAmberImporter.swift:120:13: warning: variable 'structure' was never mutated; consider changing to 'let' constant
118 |             }
119 |         }
120 |         var structure = try builder.makeStructure(
    |             `- warning: variable 'structure' was never mutated; consider changing to 'let' constant
121 |             identifier: identifier, bonds: structureBonds,
122 |             conformers: restart == nil ? [] : [.init(identifier: "amber-restart", positionsNM: builder.positions)],
[188/435] Compiling NumiVivoKit VivoECCSelfConsistency.swift
/Users/n/numivivo-cross-scale-fix-20260914/Sources/NumiVivoKit/Interop/Amber/VivoAmberImporter.swift:120:13: warning: variable 'structure' was never mutated; consider changing to 'let' constant
118 |             }
119 |         }
120 |         var structure = try builder.makeStructure(
    |             `- warning: variable 'structure' was never mutated; consider changing to 'let' constant
121 |             identifier: identifier, bonds: structureBonds,
122 |             conformers: restart == nil ? [] : [.init(identifier: "amber-restart", positionsNM: builder.positions)],
[189/435] Compiling NumiVivoKit VivoFragmentNumberMatching.swift
/Users/n/numivivo-cross-scale-fix-20260914/Sources/NumiVivoKit/Interop/Amber/VivoAmberImporter.swift:120:13: warning: variable 'structure' was never mutated; consider changing to 'let' constant
118 |             }
119 |         }
120 |         var structure = try builder.makeStructure(
    |             `- warning: variable 'structure' was never mutated; consider changing to 'let' constant
121 |             identifier: identifier, bonds: structureBonds,
122 |             conformers: restart == nil ? [] : [.init(identifier: "amber-restart", positionsNM: builder.positions)],
[190/435] Compiling NumiVivoKit VivoPathConsistentQIO.swift
/Users/n/numivivo-cross-scale-fix-20260914/Sources/NumiVivoKit/Interop/Amber/VivoAmberImporter.swift:120:13: warning: variable 'structure' was never mutated; consider changing to 'let' constant
118 |             }
119 |         }
120 |         var structure = try builder.makeStructure(
    |             `- warning: variable 'structure' was never mutated; consider changing to 'let' constant
121 |             identifier: identifier, bonds: structureBonds,
122 |             conformers: restart == nil ? [] : [.init(identifier: "amber-restart", positionsNM: builder.positions)],
[191/435] Compiling NumiVivoKit VivoExperimentExecutionArtifacts.swift
/Users/n/numivivo-cross-scale-fix-20260914/Sources/NumiVivoKit/Interop/Amber/VivoAmberImporter.swift:120:13: warning: variable 'structure' was never mutated; consider changing to 'let' constant
118 |             }
119 |         }
120 |         var structure = try builder.makeStructure(
    |             `- warning: variable 'structure' was never mutated; consider changing to 'let' constant
121 |             identifier: identifier, bonds: structureBonds,
122 |             conformers: restart == nil ? [] : [.init(identifier: "amber-restart", positionsNM: builder.positions)],
[192/435] Compiling NumiVivoKit VivoExperimentRunner.swift
/Users/n/numivivo-cross-scale-fix-20260914/Sources/NumiVivoKit/Interop/Amber/VivoAmberImporter.swift:120:13: warning: variable 'structure' was never mutated; consider changing to 'let' constant
118 |             }
119 |         }
120 |         var structure = try builder.makeStructure(
    |             `- warning: variable 'structure' was never mutated; consider changing to 'let' constant
121 |             identifier: identifier, bonds: structureBonds,
122 |             conformers: restart == nil ? [] : [.init(identifier: "amber-restart", positionsNM: builder.positions)],
[193/435] Compiling NumiVivoKit VivoDoubleFactorization.swift
/Users/n/numivivo-cross-scale-fix-20260914/Sources/NumiVivoKit/Interop/Amber/VivoAmberImporter.swift:120:13: warning: variable 'structure' was never mutated; consider changing to 'let' constant
118 |             }
119 |         }
120 |         var structure = try builder.makeStructure(
    |             `- warning: variable 'structure' was never mutated; consider changing to 'let' constant
121 |             identifier: identifier, bonds: structureBonds,
122 |             conformers: restart == nil ? [] : [.init(identifier: "amber-restart", positionsNM: builder.positions)],
[194/435] Compiling NumiVivoKit VivoClassicalConstraintCompiler.swift
/Users/n/numivivo-cross-scale-fix-20260914/Sources/NumiVivoKit/Interop/Amber/VivoAmberImporter.swift:120:13: warning: variable 'structure' was never mutated; consider changing to 'let' constant
118 |             }
119 |         }
120 |         var structure = try builder.makeStructure(
    |             `- warning: variable 'structure' was never mutated; consider changing to 'let' constant
121 |             identifier: identifier, bonds: structureBonds,
122 |             conformers: restart == nil ? [] : [.init(identifier: "amber-restart", positionsNM: builder.positions)],
[195/435] Compiling NumiVivoKit VivoClassicalSystem.swift
/Users/n/numivivo-cross-scale-fix-20260914/Sources/NumiVivoKit/Interop/Amber/VivoAmberImporter.swift:120:13: warning: variable 'structure' was never mutated; consider changing to 'let' constant
118 |             }
119 |         }
120 |         var structure = try builder.makeStructure(
    |             `- warning: variable 'structure' was never mutated; consider changing to 'let' constant
121 |             identifier: identifier, bonds: structureBonds,
122 |             conformers: restart == nil ? [] : [.init(identifier: "amber-restart", positionsNM: builder.positions)],
[196/435] Compiling NumiVivoKit VivoForceFieldCompiler.swift
/Users/n/numivivo-cross-scale-fix-20260914/Sources/NumiVivoKit/Interop/Amber/VivoAmberImporter.swift:120:13: warning: variable 'structure' was never mutated; consider changing to 'let' constant
118 |             }
119 |         }
120 |         var structure = try builder.makeStructure(
    |             `- warning: variable 'structure' was never mutated; consider changing to 'let' constant
121 |             identifier: identifier, bonds: structureBonds,
122 |             conformers: restart == nil ? [] : [.init(identifier: "amber-restart", positionsNM: builder.positions)],
[197/435] Compiling NumiVivoKit VivoForceFieldImpropers.swift
/Users/n/numivivo-cross-scale-fix-20260914/Sources/NumiVivoKit/Interop/Amber/VivoAmberImporter.swift:120:13: warning: variable 'structure' was never mutated; consider changing to 'let' constant
118 |             }
119 |         }
120 |         var structure = try builder.makeStructure(
    |             `- warning: variable 'structure' was never mutated; consider changing to 'let' constant
121 |             identifier: identifier, bonds: structureBonds,
122 |             conformers: restart == nil ? [] : [.init(identifier: "amber-restart", positionsNM: builder.positions)],
[198/435] Compiling NumiVivoKit VivoForceFieldLibrary.swift
/Users/n/numivivo-cross-scale-fix-20260914/Sources/NumiVivoKit/Interop/Amber/VivoAmberImporter.swift:120:13: warning: variable 'structure' was never mutated; consider changing to 'let' constant
118 |             }
119 |         }
120 |         var structure = try builder.makeStructure(
    |             `- warning: variable 'structure' was never mutated; consider changing to 'let' constant
121 |             identifier: identifier, bonds: structureBonds,
122 |             conformers: restart == nil ? [] : [.init(identifier: "amber-restart", positionsNM: builder.positions)],
[199/435] Compiling NumiVivoKit VivoPolarizableModel.swift
/Users/n/numivivo-cross-scale-fix-20260914/Sources/NumiVivoKit/Interop/Amber/VivoAmberImporter.swift:120:13: warning: variable 'structure' was never mutated; consider changing to 'let' constant
118 |             }
119 |         }
120 |         var structure = try builder.makeStructure(
    |             `- warning: variable 'structure' was never mutated; consider changing to 'let' constant
121 |             identifier: identifier, bonds: structureBonds,
122 |             conformers: restart == nil ? [] : [.init(identifier: "amber-restart", positionsNM: builder.positions)],
[200/435] Compiling NumiVivoKit VivoVirtualSiteGraph.swift
/Users/n/numivivo-cross-scale-fix-20260914/Sources/NumiVivoKit/Interop/Amber/VivoAmberImporter.swift:120:13: warning: variable 'structure' was never mutated; consider changing to 'let' constant
118 |             }
119 |         }
120 |         var structure = try builder.makeStructure(
    |             `- warning: variable 'structure' was never mutated; consider changing to 'let' constant
121 |             identifier: identifier, bonds: structureBonds,
122 |             conformers: restart == nil ? [] : [.init(identifier: "amber-restart", positionsNM: builder.positions)],
[201/435] Compiling NumiVivoKit VivoCartesianGeometry.swift
/Users/n/numivivo-cross-scale-fix-20260914/Sources/NumiVivoKit/Interop/Amber/VivoAmberImporter.swift:120:13: warning: variable 'structure' was never mutated; consider changing to 'let' constant
118 |             }
119 |         }
120 |         var structure = try builder.makeStructure(
    |             `- warning: variable 'structure' was never mutated; consider changing to 'let' constant
121 |             identifier: identifier, bonds: structureBonds,
122 |             conformers: restart == nil ? [] : [.init(identifier: "amber-restart", positionsNM: builder.positions)],
[202/435] Compiling NumiVivoKit VivoAmberExecutableImporter.swift
/Users/n/numivivo-cross-scale-fix-20260914/Sources/NumiVivoKit/Interop/Amber/VivoAmberImporter.swift:120:13: warning: variable 'structure' was never mutated; consider changing to 'let' constant
118 |             }
119 |         }
120 |         var structure = try builder.makeStructure(
    |             `- warning: variable 'structure' was never mutated; consider changing to 'let' constant
121 |             identifier: identifier, bonds: structureBonds,
122 |             conformers: restart == nil ? [] : [.init(identifier: "amber-restart", positionsNM: builder.positions)],
[203/435] Compiling NumiVivoKit VivoAmberImporter.swift
/Users/n/numivivo-cross-scale-fix-20260914/Sources/NumiVivoKit/Interop/Amber/VivoAmberImporter.swift:120:13: warning: variable 'structure' was never mutated; consider changing to 'let' constant
118 |             }
119 |         }
120 |         var structure = try builder.makeStructure(
    |             `- warning: variable 'structure' was never mutated; consider changing to 'let' constant
121 |             identifier: identifier, bonds: structureBonds,
122 |             conformers: restart == nil ? [] : [.init(identifier: "amber-restart", positionsNM: builder.positions)],
[204/435] Compiling NumiVivoKit VivoAmberInternal.swift
/Users/n/numivivo-cross-scale-fix-20260914/Sources/NumiVivoKit/Interop/Amber/VivoAmberImporter.swift:120:13: warning: variable 'structure' was never mutated; consider changing to 'let' constant
118 |             }
119 |         }
120 |         var structure = try builder.makeStructure(
    |             `- warning: variable 'structure' was never mutated; consider changing to 'let' constant
121 |             identifier: identifier, bonds: structureBonds,
122 |             conformers: restart == nil ? [] : [.init(identifier: "amber-restart", positionsNM: builder.positions)],
[205/435] Compiling NumiVivoKit VivoAmberPrmtop.swift
/Users/n/numivivo-cross-scale-fix-20260914/Sources/NumiVivoKit/Interop/Amber/VivoAmberImporter.swift:120:13: warning: variable 'structure' was never mutated; consider changing to 'let' constant
118 |             }
119 |         }
120 |         var structure = try builder.makeStructure(
    |             `- warning: variable 'structure' was never mutated; consider changing to 'let' constant
121 |             identifier: identifier, bonds: structureBonds,
122 |             conformers: restart == nil ? [] : [.init(identifier: "amber-restart", positionsNM: builder.positions)],
[206/435] Compiling NumiVivoKit VivoAmberRestart.swift
/Users/n/numivivo-cross-scale-fix-20260914/Sources/NumiVivoKit/Interop/Amber/VivoAmberImporter.swift:120:13: warning: variable 'structure' was never mutated; consider changing to 'let' constant
118 |             }
119 |         }
120 |         var structure = try builder.makeStructure(
    |             `- warning: variable 'structure' was never mutated; consider changing to 'let' constant
121 |             identifier: identifier, bonds: structureBonds,
122 |             conformers: restart == nil ? [] : [.init(identifier: "amber-restart", positionsNM: builder.positions)],
[207/435] Compiling NumiVivoKit JSONValue.swift
/Users/n/numivivo-cross-scale-fix-20260914/Sources/NumiVivoKit/Interop/Amber/VivoAmberImporter.swift:120:13: warning: variable 'structure' was never mutated; consider changing to 'let' constant
118 |             }
119 |         }
120 |         var structure = try builder.makeStructure(
    |             `- warning: variable 'structure' was never mutated; consider changing to 'let' constant
121 |             identifier: identifier, bonds: structureBonds,
122 |             conformers: restart == nil ? [] : [.init(identifier: "amber-restart", positionsNM: builder.positions)],
[208/435] Compiling NumiVivoKit VivoCovalentKinetics.swift
/Users/n/numivivo-cross-scale-fix-20260914/Sources/NumiVivoKit/Interop/Amber/VivoAmberImporter.swift:120:13: warning: variable 'structure' was never mutated; consider changing to 'let' constant
118 |             }
119 |         }
120 |         var structure = try builder.makeStructure(
    |             `- warning: variable 'structure' was never mutated; consider changing to 'let' constant
121 |             identifier: identifier, bonds: structureBonds,
122 |             conformers: restart == nil ? [] : [.init(identifier: "amber-restart", positionsNM: builder.positions)],
[209/435] Compiling NumiVivoKit VivoKineticsDocumentIO.swift
/Users/n/numivivo-cross-scale-fix-20260914/Sources/NumiVivoKit/Interop/Amber/VivoAmberImporter.swift:120:13: warning: variable 'structure' was never mutated; consider changing to 'let' constant
118 |             }
119 |         }
120 |         var structure = try builder.makeStructure(
    |             `- warning: variable 'structure' was never mutated; consider changing to 'let' constant
121 |             identifier: identifier, bonds: structureBonds,
122 |             conformers: restart == nil ? [] : [.init(identifier: "amber-restart", positionsNM: builder.positions)],
[210/507] Compiling NumiVivoKit VivoH5ADProjectionIO.swift
/Users/n/numivivo-cross-scale-fix-20260914/Sources/NumiVivoKit/Omics/VivoMetalCountNormalization.swift:38:17: warning: 'fastMathEnabled' was deprecated in macOS 15.0: Use mathMode instead [#DeprecatedDeclaration]
 36 |         }
 37 |         let options = MTLCompileOptions()
 38 |         options.fastMathEnabled = false
    |                 `- warning: 'fastMathEnabled' was deprecated in macOS 15.0: Use mathMode instead [#DeprecatedDeclaration]
 39 |         let library = try device.makeLibrary(source: source, options: options)
 40 |         guard let function = library.makeFunction(name: "vivo_count_log1p") else {

/Users/n/numivivo-cross-scale-fix-20260914/Sources/NumiVivoKit/Omics/VivoMetalPCANeighbors.swift:35:50: warning: 'fastMathEnabled' was deprecated in macOS 15.0: Use mathMode instead [#DeprecatedDeclaration]
33 |             throw VivoOmicsError.invalid("Metal PCA neighbors require a physical Apple GPU")
34 |         }
35 |         let compile=MTLCompileOptions(); compile.fastMathEnabled=false
   |                                                  `- warning: 'fastMathEnabled' was deprecated in macOS 15.0: Use mathMode instead [#DeprecatedDeclaration]
36 |         let library=try device.makeLibrary(source: source, options: compile)
37 |         guard let function=library.makeFunction(name:"distances") else { throw VivoOmicsError.invalid("Metal PCA neighbor kernel") }

[#DeprecatedDeclaration]: <https://docs.swift.org/compiler/documentation/diagnostics/deprecated-declaration>
[211/507] Compiling NumiVivoKit VivoH5ADPseudobulk.swift
/Users/n/numivivo-cross-scale-fix-20260914/Sources/NumiVivoKit/Omics/VivoMetalCountNormalization.swift:38:17: warning: 'fastMathEnabled' was deprecated in macOS 15.0: Use mathMode instead [#DeprecatedDeclaration]
 36 |         }
 37 |         let options = MTLCompileOptions()
 38 |         options.fastMathEnabled = false
    |                 `- warning: 'fastMathEnabled' was deprecated in macOS 15.0: Use mathMode instead [#DeprecatedDeclaration]
 39 |         let library = try device.makeLibrary(source: source, options: options)
 40 |         guard let function = library.makeFunction(name: "vivo_count_log1p") else {

/Users/n/numivivo-cross-scale-fix-20260914/Sources/NumiVivoKit/Omics/VivoMetalPCANeighbors.swift:35:50: warning: 'fastMathEnabled' was deprecated in macOS 15.0: Use mathMode instead [#DeprecatedDeclaration]
33 |             throw VivoOmicsError.invalid("Metal PCA neighbors require a physical Apple GPU")
34 |         }
35 |         let compile=MTLCompileOptions(); compile.fastMathEnabled=false
   |                                                  `- warning: 'fastMathEnabled' was deprecated in macOS 15.0: Use mathMode instead [#DeprecatedDeclaration]
36 |         let library=try device.makeLibrary(source: source, options: compile)
37 |         guard let function=library.makeFunction(name:"distances") else { throw VivoOmicsError.invalid("Metal PCA neighbor kernel") }

[#DeprecatedDeclaration]: <https://docs.swift.org/compiler/documentation/diagnostics/deprecated-declaration>
[212/507] Compiling NumiVivoKit VivoH5ADReduction.swift
/Users/n/numivivo-cross-scale-fix-20260914/Sources/NumiVivoKit/Omics/VivoMetalCountNormalization.swift:38:17: warning: 'fastMathEnabled' was deprecated in macOS 15.0: Use mathMode instead [#DeprecatedDeclaration]
 36 |         }
 37 |         let options = MTLCompileOptions()
 38 |         options.fastMathEnabled = false
    |                 `- warning: 'fastMathEnabled' was deprecated in macOS 15.0: Use mathMode instead [#DeprecatedDeclaration]
 39 |         let library = try device.makeLibrary(source: source, options: options)
 40 |         guard let function = library.makeFunction(name: "vivo_count_log1p") else {

/Users/n/numivivo-cross-scale-fix-20260914/Sources/NumiVivoKit/Omics/VivoMetalPCANeighbors.swift:35:50: warning: 'fastMathEnabled' was deprecated in macOS 15.0: Use mathMode instead [#DeprecatedDeclaration]
33 |             throw VivoOmicsError.invalid("Metal PCA neighbors require a physical Apple GPU")
34 |         }
35 |         let compile=MTLCompileOptions(); compile.fastMathEnabled=false
   |                                                  `- warning: 'fastMathEnabled' was deprecated in macOS 15.0: Use mathMode instead [#DeprecatedDeclaration]
36 |         let library=try device.makeLibrary(source: source, options: compile)
37 |         guard let function=library.makeFunction(name:"distances") else { throw VivoOmicsError.invalid("Metal PCA neighbor kernel") }

[#DeprecatedDeclaration]: <https://docs.swift.org/compiler/documentation/diagnostics/deprecated-declaration>
[213/507] Compiling NumiVivoKit VivoHDF5.swift
/Users/n/numivivo-cross-scale-fix-20260914/Sources/NumiVivoKit/Omics/VivoMetalCountNormalization.swift:38:17: warning: 'fastMathEnabled' was deprecated in macOS 15.0: Use mathMode instead [#DeprecatedDeclaration]
 36 |         }
 37 |         let options = MTLCompileOptions()
 38 |         options.fastMathEnabled = false
    |                 `- warning: 'fastMathEnabled' was deprecated in macOS 15.0: Use mathMode instead [#DeprecatedDeclaration]
 39 |         let library = try device.makeLibrary(source: source, options: options)
 40 |         guard let function = library.makeFunction(name: "vivo_count_log1p") else {

/Users/n/numivivo-cross-scale-fix-20260914/Sources/NumiVivoKit/Omics/VivoMetalPCANeighbors.swift:35:50: warning: 'fastMathEnabled' was deprecated in macOS 15.0: Use mathMode instead [#DeprecatedDeclaration]
33 |             throw VivoOmicsError.invalid("Metal PCA neighbors require a physical Apple GPU")
34 |         }
35 |         let compile=MTLCompileOptions(); compile.fastMathEnabled=false
   |                                                  `- warning: 'fastMathEnabled' was deprecated in macOS 15.0: Use mathMode instead [#DeprecatedDeclaration]
36 |         let library=try device.makeLibrary(source: source, options: compile)
37 |         guard let function=library.makeFunction(name:"distances") else { throw VivoOmicsError.invalid("Metal PCA neighbor kernel") }

[#DeprecatedDeclaration]: <https://docs.swift.org/compiler/documentation/diagnostics/deprecated-declaration>
[214/507] Compiling NumiVivoKit VivoHNSWNeighbors.swift
/Users/n/numivivo-cross-scale-fix-20260914/Sources/NumiVivoKit/Omics/VivoMetalCountNormalization.swift:38:17: warning: 'fastMathEnabled' was deprecated in macOS 15.0: Use mathMode instead [#DeprecatedDeclaration]
 36 |         }
 37 |         let options = MTLCompileOptions()
 38 |         options.fastMathEnabled = false
    |                 `- warning: 'fastMathEnabled' was deprecated in macOS 15.0: Use mathMode instead [#DeprecatedDeclaration]
 39 |         let library = try device.makeLibrary(source: source, options: options)
 40 |         guard let function = library.makeFunction(name: "vivo_count_log1p") else {

/Users/n/numivivo-cross-scale-fix-20260914/Sources/NumiVivoKit/Omics/VivoMetalPCANeighbors.swift:35:50: warning: 'fastMathEnabled' was deprecated in macOS 15.0: Use mathMode instead [#DeprecatedDeclaration]
33 |             throw VivoOmicsError.invalid("Metal PCA neighbors require a physical Apple GPU")
34 |         }
35 |         let compile=MTLCompileOptions(); compile.fastMathEnabled=false
   |                                                  `- warning: 'fastMathEnabled' was deprecated in macOS 15.0: Use mathMode instead [#DeprecatedDeclaration]
36 |         let library=try device.makeLibrary(source: source, options: compile)
37 |         guard let function=library.makeFunction(name:"distances") else { throw VivoOmicsError.invalid("Metal PCA neighbor kernel") }

[#DeprecatedDeclaration]: <https://docs.swift.org/compiler/documentation/diagnostics/deprecated-declaration>
[215/507] Compiling NumiVivoKit VivoIntegrationMatrix.swift
/Users/n/numivivo-cross-scale-fix-20260914/Sources/NumiVivoKit/Omics/VivoMetalCountNormalization.swift:38:17: warning: 'fastMathEnabled' was deprecated in macOS 15.0: Use mathMode instead [#DeprecatedDeclaration]
 36 |         }
 37 |         let options = MTLCompileOptions()
 38 |         options.fastMathEnabled = false
    |                 `- warning: 'fastMathEnabled' was deprecated in macOS 15.0: Use mathMode instead [#DeprecatedDeclaration]
 39 |         let library = try device.makeLibrary(source: source, options: options)
 40 |         guard let function = library.makeFunction(name: "vivo_count_log1p") else {

/Users/n/numivivo-cross-scale-fix-20260914/Sources/NumiVivoKit/Omics/VivoMetalPCANeighbors.swift:35:50: warning: 'fastMathEnabled' was deprecated in macOS 15.0: Use mathMode instead [#DeprecatedDeclaration]
33 |             throw VivoOmicsError.invalid("Metal PCA neighbors require a physical Apple GPU")
34 |         }
35 |         let compile=MTLCompileOptions(); compile.fastMathEnabled=false
   |                                                  `- warning: 'fastMathEnabled' was deprecated in macOS 15.0: Use mathMode instead [#DeprecatedDeclaration]
36 |         let library=try device.makeLibrary(source: source, options: compile)
37 |         guard let function=library.makeFunction(name:"distances") else { throw VivoOmicsError.invalid("Metal PCA neighbor kernel") }

[#DeprecatedDeclaration]: <https://docs.swift.org/compiler/documentation/diagnostics/deprecated-declaration>
[216/507] Compiling NumiVivoKit VivoJointCountResponse.swift
/Users/n/numivivo-cross-scale-fix-20260914/Sources/NumiVivoKit/Omics/VivoMetalCountNormalization.swift:38:17: warning: 'fastMathEnabled' was deprecated in macOS 15.0: Use mathMode instead [#DeprecatedDeclaration]
 36 |         }
 37 |         let options = MTLCompileOptions()
 38 |         options.fastMathEnabled = false
    |                 `- warning: 'fastMathEnabled' was deprecated in macOS 15.0: Use mathMode instead [#DeprecatedDeclaration]
 39 |         let library = try device.makeLibrary(source: source, options: options)
 40 |         guard let function = library.makeFunction(name: "vivo_count_log1p") else {

/Users/n/numivivo-cross-scale-fix-20260914/Sources/NumiVivoKit/Omics/VivoMetalPCANeighbors.swift:35:50: warning: 'fastMathEnabled' was deprecated in macOS 15.0: Use mathMode instead [#DeprecatedDeclaration]
33 |             throw VivoOmicsError.invalid("Metal PCA neighbors require a physical Apple GPU")
34 |         }
35 |         let compile=MTLCompileOptions(); compile.fastMathEnabled=false
   |                                                  `- warning: 'fastMathEnabled' was deprecated in macOS 15.0: Use mathMode instead [#DeprecatedDeclaration]
36 |         let library=try device.makeLibrary(source: source, options: compile)
37 |         guard let function=library.makeFunction(name:"distances") else { throw VivoOmicsError.invalid("Metal PCA neighbor kernel") }

[#DeprecatedDeclaration]: <https://docs.swift.org/compiler/documentation/diagnostics/deprecated-declaration>
[217/507] Compiling NumiVivoKit VivoMNNIntegration.swift
/Users/n/numivivo-cross-scale-fix-20260914/Sources/NumiVivoKit/Omics/VivoMetalCountNormalization.swift:38:17: warning: 'fastMathEnabled' was deprecated in macOS 15.0: Use mathMode instead [#DeprecatedDeclaration]
 36 |         }
 37 |         let options = MTLCompileOptions()
 38 |         options.fastMathEnabled = false
    |                 `- warning: 'fastMathEnabled' was deprecated in macOS 15.0: Use mathMode instead [#DeprecatedDeclaration]
 39 |         let library = try device.makeLibrary(source: source, options: options)
 40 |         guard let function = library.makeFunction(name: "vivo_count_log1p") else {

/Users/n/numivivo-cross-scale-fix-20260914/Sources/NumiVivoKit/Omics/VivoMetalPCANeighbors.swift:35:50: warning: 'fastMathEnabled' was deprecated in macOS 15.0: Use mathMode instead [#DeprecatedDeclaration]
33 |             throw VivoOmicsError.invalid("Metal PCA neighbors require a physical Apple GPU")
34 |         }
35 |         let compile=MTLCompileOptions(); compile.fastMathEnabled=false
   |                                                  `- warning: 'fastMathEnabled' was deprecated in macOS 15.0: Use mathMode instead [#DeprecatedDeclaration]
36 |         let library=try device.makeLibrary(source: source, options: compile)
37 |         guard let function=library.makeFunction(name:"distances") else { throw VivoOmicsError.invalid("Metal PCA neighbor kernel") }

[#DeprecatedDeclaration]: <https://docs.swift.org/compiler/documentation/diagnostics/deprecated-declaration>
[218/507] Compiling NumiVivoKit VivoMatrixMarketCounts.swift
/Users/n/numivivo-cross-scale-fix-20260914/Sources/NumiVivoKit/Omics/VivoMetalCountNormalization.swift:38:17: warning: 'fastMathEnabled' was deprecated in macOS 15.0: Use mathMode instead [#DeprecatedDeclaration]
 36 |         }
 37 |         let options = MTLCompileOptions()
 38 |         options.fastMathEnabled = false
    |                 `- warning: 'fastMathEnabled' was deprecated in macOS 15.0: Use mathMode instead [#DeprecatedDeclaration]
 39 |         let library = try device.makeLibrary(source: source, options: options)
 40 |         guard let function = library.makeFunction(name: "vivo_count_log1p") else {

/Users/n/numivivo-cross-scale-fix-20260914/Sources/NumiVivoKit/Omics/VivoMetalPCANeighbors.swift:35:50: warning: 'fastMathEnabled' was deprecated in macOS 15.0: Use mathMode instead [#DeprecatedDeclaration]
33 |             throw VivoOmicsError.invalid("Metal PCA neighbors require a physical Apple GPU")
34 |         }
35 |         let compile=MTLCompileOptions(); compile.fastMathEnabled=false
   |                                                  `- warning: 'fastMathEnabled' was deprecated in macOS 15.0: Use mathMode instead [#DeprecatedDeclaration]
36 |         let library=try device.makeLibrary(source: source, options: compile)
37 |         guard let function=library.makeFunction(name:"distances") else { throw VivoOmicsError.invalid("Metal PCA neighbor kernel") }

[#DeprecatedDeclaration]: <https://docs.swift.org/compiler/documentation/diagnostics/deprecated-declaration>
[219/507] Compiling NumiVivoKit VivoMetalCountNormalization.swift
/Users/n/numivivo-cross-scale-fix-20260914/Sources/NumiVivoKit/Omics/VivoMetalCountNormalization.swift:38:17: warning: 'fastMathEnabled' was deprecated in macOS 15.0: Use mathMode instead [#DeprecatedDeclaration]
 36 |         }
 37 |         let options = MTLCompileOptions()
 38 |         options.fastMathEnabled = false
    |                 `- warning: 'fastMathEnabled' was deprecated in macOS 15.0: Use mathMode instead [#DeprecatedDeclaration]
 39 |         let library = try device.makeLibrary(source: source, options: options)
 40 |         guard let function = library.makeFunction(name: "vivo_count_log1p") else {

/Users/n/numivivo-cross-scale-fix-20260914/Sources/NumiVivoKit/Omics/VivoMetalPCANeighbors.swift:35:50: warning: 'fastMathEnabled' was deprecated in macOS 15.0: Use mathMode instead [#DeprecatedDeclaration]
33 |             throw VivoOmicsError.invalid("Metal PCA neighbors require a physical Apple GPU")
34 |         }
35 |         let compile=MTLCompileOptions(); compile.fastMathEnabled=false
   |                                                  `- warning: 'fastMathEnabled' was deprecated in macOS 15.0: Use mathMode instead [#DeprecatedDeclaration]
36 |         let library=try device.makeLibrary(source: source, options: compile)
37 |         guard let function=library.makeFunction(name:"distances") else { throw VivoOmicsError.invalid("Metal PCA neighbor kernel") }

[#DeprecatedDeclaration]: <https://docs.swift.org/compiler/documentation/diagnostics/deprecated-declaration>
[220/507] Compiling NumiVivoKit VivoMetalPCANeighbors.swift
/Users/n/numivivo-cross-scale-fix-20260914/Sources/NumiVivoKit/Omics/VivoMetalCountNormalization.swift:38:17: warning: 'fastMathEnabled' was deprecated in macOS 15.0: Use mathMode instead [#DeprecatedDeclaration]
 36 |         }
 37 |         let options = MTLCompileOptions()
 38 |         options.fastMathEnabled = false
    |                 `- warning: 'fastMathEnabled' was deprecated in macOS 15.0: Use mathMode instead [#DeprecatedDeclaration]
 39 |         let library = try device.makeLibrary(source: source, options: options)
 40 |         guard let function = library.makeFunction(name: "vivo_count_log1p") else {

/Users/n/numivivo-cross-scale-fix-20260914/Sources/NumiVivoKit/Omics/VivoMetalPCANeighbors.swift:35:50: warning: 'fastMathEnabled' was deprecated in macOS 15.0: Use mathMode instead [#DeprecatedDeclaration]
33 |             throw VivoOmicsError.invalid("Metal PCA neighbors require a physical Apple GPU")
34 |         }
35 |         let compile=MTLCompileOptions(); compile.fastMathEnabled=false
   |                                                  `- warning: 'fastMathEnabled' was deprecated in macOS 15.0: Use mathMode instead [#DeprecatedDeclaration]
36 |         let library=try device.makeLibrary(source: source, options: compile)
37 |         guard let function=library.makeFunction(name:"distances") else { throw VivoOmicsError.invalid("Metal PCA neighbor kernel") }

[#DeprecatedDeclaration]: <https://docs.swift.org/compiler/documentation/diagnostics/deprecated-declaration>
[221/507] Compiling NumiVivoKit VivoModalityWeights.swift
/Users/n/numivivo-cross-scale-fix-20260914/Sources/NumiVivoKit/Omics/VivoMetalCountNormalization.swift:38:17: warning: 'fastMathEnabled' was deprecated in macOS 15.0: Use mathMode instead [#DeprecatedDeclaration]
 36 |         }
 37 |         let options = MTLCompileOptions()
 38 |         options.fastMathEnabled = false
    |                 `- warning: 'fastMathEnabled' was deprecated in macOS 15.0: Use mathMode instead [#DeprecatedDeclaration]
 39 |         let library = try device.makeLibrary(source: source, options: options)
 40 |         guard let function = library.makeFunction(name: "vivo_count_log1p") else {

/Users/n/numivivo-cross-scale-fix-20260914/Sources/NumiVivoKit/Omics/VivoMetalPCANeighbors.swift:35:50: warning: 'fastMathEnabled' was deprecated in macOS 15.0: Use mathMode instead [#DeprecatedDeclaration]
33 |             throw VivoOmicsError.invalid("Metal PCA neighbors require a physical Apple GPU")
34 |         }
35 |         let compile=MTLCompileOptions(); compile.fastMathEnabled=false
   |                                                  `- warning: 'fastMathEnabled' was deprecated in macOS 15.0: Use mathMode instead [#DeprecatedDeclaration]
36 |         let library=try device.makeLibrary(source: source, options: compile)
37 |         guard let function=library.makeFunction(name:"distances") else { throw VivoOmicsError.invalid("Metal PCA neighbor kernel") }

[#DeprecatedDeclaration]: <https://docs.swift.org/compiler/documentation/diagnostics/deprecated-declaration>
[222/507] Compiling NumiVivoKit VivoMultiAssay.swift
/Users/n/numivivo-cross-scale-fix-20260914/Sources/NumiVivoKit/Omics/VivoMetalCountNormalization.swift:38:17: warning: 'fastMathEnabled' was deprecated in macOS 15.0: Use mathMode instead [#DeprecatedDeclaration]
 36 |         }
 37 |         let options = MTLCompileOptions()
 38 |         options.fastMathEnabled = false
    |                 `- warning: 'fastMathEnabled' was deprecated in macOS 15.0: Use mathMode instead [#DeprecatedDeclaration]
 39 |         let library = try device.makeLibrary(source: source, options: options)
 40 |         guard let function = library.makeFunction(name: "vivo_count_log1p") else {

/Users/n/numivivo-cross-scale-fix-20260914/Sources/NumiVivoKit/Omics/VivoMetalPCANeighbors.swift:35:50: warning: 'fastMathEnabled' was deprecated in macOS 15.0: Use mathMode instead [#DeprecatedDeclaration]
33 |             throw VivoOmicsError.invalid("Metal PCA neighbors require a physical Apple GPU")
34 |         }
35 |         let compile=MTLCompileOptions(); compile.fastMathEnabled=false
   |                                                  `- warning: 'fastMathEnabled' was deprecated in macOS 15.0: Use mathMode instead [#DeprecatedDeclaration]
36 |         let library=try device.makeLibrary(source: source, options: compile)
37 |         guard let function=library.makeFunction(name:"distances") else { throw VivoOmicsError.invalid("Metal PCA neighbor kernel") }

[#DeprecatedDeclaration]: <https://docs.swift.org/compiler/documentation/diagnostics/deprecated-declaration>
[223/507] Compiling NumiVivoKit VivoMultiAssayH5MU.swift
/Users/n/numivivo-cross-scale-fix-20260914/Sources/NumiVivoKit/Omics/VivoMetalCountNormalization.swift:38:17: warning: 'fastMathEnabled' was deprecated in macOS 15.0: Use mathMode instead [#DeprecatedDeclaration]
 36 |         }
 37 |         let options = MTLCompileOptions()
 38 |         options.fastMathEnabled = false
    |                 `- warning: 'fastMathEnabled' was deprecated in macOS 15.0: Use mathMode instead [#DeprecatedDeclaration]
 39 |         let library = try device.makeLibrary(source: source, options: options)
 40 |         guard let function = library.makeFunction(name: "vivo_count_log1p") else {

/Users/n/numivivo-cross-scale-fix-20260914/Sources/NumiVivoKit/Omics/VivoMetalPCANeighbors.swift:35:50: warning: 'fastMathEnabled' was deprecated in macOS 15.0: Use mathMode instead [#DeprecatedDeclaration]
33 |             throw VivoOmicsError.invalid("Metal PCA neighbors require a physical Apple GPU")
34 |         }
35 |         let compile=MTLCompileOptions(); compile.fastMathEnabled=false
   |                                                  `- warning: 'fastMathEnabled' was deprecated in macOS 15.0: Use mathMode instead [#DeprecatedDeclaration]
36 |         let library=try device.makeLibrary(source: source, options: compile)
37 |         guard let function=library.makeFunction(name:"distances") else { throw VivoOmicsError.invalid("Metal PCA neighbor kernel") }

[#DeprecatedDeclaration]: <https://docs.swift.org/compiler/documentation/diagnostics/deprecated-declaration>
[224/507] Compiling NumiVivoKit VivoMultiAssayH5MUImport.swift
/Users/n/numivivo-cross-scale-fix-20260914/Sources/NumiVivoKit/Omics/VivoMetalCountNormalization.swift:38:17: warning: 'fastMathEnabled' was deprecated in macOS 15.0: Use mathMode instead [#DeprecatedDeclaration]
 36 |         }
 37 |         let options = MTLCompileOptions()
 38 |         options.fastMathEnabled = false
    |                 `- warning: 'fastMathEnabled' was deprecated in macOS 15.0: Use mathMode instead [#DeprecatedDeclaration]
 39 |         let library = try device.makeLibrary(source: source, options: options)
 40 |         guard let function = library.makeFunction(name: "vivo_count_log1p") else {

/Users/n/numivivo-cross-scale-fix-20260914/Sources/NumiVivoKit/Omics/VivoMetalPCANeighbors.swift:35:50: warning: 'fastMathEnabled' was deprecated in macOS 15.0: Use mathMode instead [#DeprecatedDeclaration]
33 |             throw VivoOmicsError.invalid("Metal PCA neighbors require a physical Apple GPU")
34 |         }
35 |         let compile=MTLCompileOptions(); compile.fastMathEnabled=false
   |                                                  `- warning: 'fastMathEnabled' was deprecated in macOS 15.0: Use mathMode instead [#DeprecatedDeclaration]
36 |         let library=try device.makeLibrary(source: source, options: compile)
37 |         guard let function=library.makeFunction(name:"distances") else { throw VivoOmicsError.invalid("Metal PCA neighbor kernel") }

[#DeprecatedDeclaration]: <https://docs.swift.org/compiler/documentation/diagnostics/deprecated-declaration>
[225/507] Compiling NumiVivoKit VivoMultiAssayIO.swift
/Users/n/numivivo-cross-scale-fix-20260914/Sources/NumiVivoKit/Omics/VivoMetalCountNormalization.swift:38:17: warning: 'fastMathEnabled' was deprecated in macOS 15.0: Use mathMode instead [#DeprecatedDeclaration]
 36 |         }
 37 |         let options = MTLCompileOptions()
 38 |         options.fastMathEnabled = false
    |                 `- warning: 'fastMathEnabled' was deprecated in macOS 15.0: Use mathMode instead [#DeprecatedDeclaration]
 39 |         let library = try device.makeLibrary(source: source, options: options)
 40 |         guard let function = library.makeFunction(name: "vivo_count_log1p") else {

/Users/n/numivivo-cross-scale-fix-20260914/Sources/NumiVivoKit/Omics/VivoMetalPCANeighbors.swift:35:50: warning: 'fastMathEnabled' was deprecated in macOS 15.0: Use mathMode instead [#DeprecatedDeclaration]
33 |             throw VivoOmicsError.invalid("Metal PCA neighbors require a physical Apple GPU")
34 |         }
35 |         let compile=MTLCompileOptions(); compile.fastMathEnabled=false
   |                                                  `- warning: 'fastMathEnabled' was deprecated in macOS 15.0: Use mathMode instead [#DeprecatedDeclaration]
36 |         let library=try device.makeLibrary(source: source, options: compile)
37 |         guard let function=library.makeFunction(name:"distances") else { throw VivoOmicsError.invalid("Metal PCA neighbor kernel") }

[#DeprecatedDeclaration]: <https://docs.swift.org/compiler/documentation/diagnostics/deprecated-declaration>
[226/507] Compiling NumiVivoKit VivoMultiAssayTenX.swift
/Users/n/numivivo-cross-scale-fix-20260914/Sources/NumiVivoKit/Omics/VivoMetalCountNormalization.swift:38:17: warning: 'fastMathEnabled' was deprecated in macOS 15.0: Use mathMode instead [#DeprecatedDeclaration]
 36 |         }
 37 |         let options = MTLCompileOptions()
 38 |         options.fastMathEnabled = false
    |                 `- warning: 'fastMathEnabled' was deprecated in macOS 15.0: Use mathMode instead [#DeprecatedDeclaration]
 39 |         let library = try device.makeLibrary(source: source, options: options)
 40 |         guard let function = library.makeFunction(name: "vivo_count_log1p") else {

/Users/n/numivivo-cross-scale-fix-20260914/Sources/NumiVivoKit/Omics/VivoMetalPCANeighbors.swift:35:50: warning: 'fastMathEnabled' was deprecated in macOS 15.0: Use mathMode instead [#DeprecatedDeclaration]
33 |             throw VivoOmicsError.invalid("Metal PCA neighbors require a physical Apple GPU")
34 |         }
35 |         let compile=MTLCompileOptions(); compile.fastMathEnabled=false
   |                                                  `- warning: 'fastMathEnabled' was deprecated in macOS 15.0: Use mathMode instead [#DeprecatedDeclaration]
36 |         let library=try device.makeLibrary(source: source, options: compile)
37 |         guard let function=library.makeFunction(name:"distances") else { throw VivoOmicsError.invalid("Metal PCA neighbor kernel") }

[#DeprecatedDeclaration]: <https://docs.swift.org/compiler/documentation/diagnostics/deprecated-declaration>
[227/507] Compiling NumiVivoKit VivoMultiAssayVisium.swift
/Users/n/numivivo-cross-scale-fix-20260914/Sources/NumiVivoKit/Omics/VivoMetalCountNormalization.swift:38:17: warning: 'fastMathEnabled' was deprecated in macOS 15.0: Use mathMode instead [#DeprecatedDeclaration]
 36 |         }
 37 |         let options = MTLCompileOptions()
 38 |         options.fastMathEnabled = false
    |                 `- warning: 'fastMathEnabled' was deprecated in macOS 15.0: Use mathMode instead [#DeprecatedDeclaration]
 39 |         let library = try device.makeLibrary(source: source, options: options)
 40 |         guard let function = library.makeFunction(name: "vivo_count_log1p") else {

/Users/n/numivivo-cross-scale-fix-20260914/Sources/NumiVivoKit/Omics/VivoMetalPCANeighbors.swift:35:50: warning: 'fastMathEnabled' was deprecated in macOS 15.0: Use mathMode instead [#DeprecatedDeclaration]
33 |             throw VivoOmicsError.invalid("Metal PCA neighbors require a physical Apple GPU")
34 |         }
35 |         let compile=MTLCompileOptions(); compile.fastMathEnabled=false
   |                                                  `- warning: 'fastMathEnabled' was deprecated in macOS 15.0: Use mathMode instead [#DeprecatedDeclaration]
36 |         let library=try device.makeLibrary(source: source, options: compile)
37 |         guard let function=library.makeFunction(name:"distances") else { throw VivoOmicsError.invalid("Metal PCA neighbor kernel") }

[#DeprecatedDeclaration]: <https://docs.swift.org/compiler/documentation/diagnostics/deprecated-declaration>
[228/507] Compiling NumiVivoKit VivoOmicsDesignObservation.swift
/Users/n/numivivo-cross-scale-fix-20260914/Sources/NumiVivoKit/Omics/VivoMetalCountNormalization.swift:38:17: warning: 'fastMathEnabled' was deprecated in macOS 15.0: Use mathMode instead [#DeprecatedDeclaration]
 36 |         }
 37 |         let options = MTLCompileOptions()
 38 |         options.fastMathEnabled = false
    |                 `- warning: 'fastMathEnabled' was deprecated in macOS 15.0: Use mathMode instead [#DeprecatedDeclaration]
 39 |         let library = try device.makeLibrary(source: source, options: options)
 40 |         guard let function = library.makeFunction(name: "vivo_count_log1p") else {

/Users/n/numivivo-cross-scale-fix-20260914/Sources/NumiVivoKit/Omics/VivoMetalPCANeighbors.swift:35:50: warning: 'fastMathEnabled' was deprecated in macOS 15.0: Use mathMode instead [#DeprecatedDeclaration]
33 |             throw VivoOmicsError.invalid("Metal PCA neighbors require a physical Apple GPU")
34 |         }
35 |         let compile=MTLCompileOptions(); compile.fastMathEnabled=false
   |                                                  `- warning: 'fastMathEnabled' was deprecated in macOS 15.0: Use mathMode instead [#DeprecatedDeclaration]
36 |         let library=try device.makeLibrary(source: source, options: compile)
37 |         guard let function=library.makeFunction(name:"distances") else { throw VivoOmicsError.invalid("Metal PCA neighbor kernel") }

[#DeprecatedDeclaration]: <https://docs.swift.org/compiler/documentation/diagnostics/deprecated-declaration>
[229/507] Compiling NumiVivoKit VivoOmicsFileSnapshot.swift
/Users/n/numivivo-cross-scale-fix-20260914/Sources/NumiVivoKit/Omics/VivoMetalCountNormalization.swift:38:17: warning: 'fastMathEnabled' was deprecated in macOS 15.0: Use mathMode instead [#DeprecatedDeclaration]
 36 |         }
 37 |         let options = MTLCompileOptions()
 38 |         options.fastMathEnabled = false
    |                 `- warning: 'fastMathEnabled' was deprecated in macOS 15.0: Use mathMode instead [#DeprecatedDeclaration]
 39 |         let library = try device.makeLibrary(source: source, options: options)
 40 |         guard let function = library.makeFunction(name: "vivo_count_log1p") else {

/Users/n/numivivo-cross-scale-fix-20260914/Sources/NumiVivoKit/Omics/VivoMetalPCANeighbors.swift:35:50: warning: 'fastMathEnabled' was deprecated in macOS 15.0: Use mathMode instead [#DeprecatedDeclaration]
33 |             throw VivoOmicsError.invalid("Metal PCA neighbors require a physical Apple GPU")
34 |         }
35 |         let compile=MTLCompileOptions(); compile.fastMathEnabled=false
   |                                                  `- warning: 'fastMathEnabled' was deprecated in macOS 15.0: Use mathMode instead [#DeprecatedDeclaration]
36 |         let library=try device.makeLibrary(source: source, options: compile)
37 |         guard let function=library.makeFunction(name:"distances") else { throw VivoOmicsError.invalid("Metal PCA neighbor kernel") }

[#DeprecatedDeclaration]: <https://docs.swift.org/compiler/documentation/diagnostics/deprecated-declaration>
[230/507] Compiling NumiVivoKit VivoOmicsLinearStatistics.swift
/Users/n/numivivo-cross-scale-fix-20260914/Sources/NumiVivoKit/Omics/VivoMetalCountNormalization.swift:38:17: warning: 'fastMathEnabled' was deprecated in macOS 15.0: Use mathMode instead [#DeprecatedDeclaration]
 36 |         }
 37 |         let options = MTLCompileOptions()
 38 |         options.fastMathEnabled = false
    |                 `- warning: 'fastMathEnabled' was deprecated in macOS 15.0: Use mathMode instead [#DeprecatedDeclaration]
 39 |         let library = try device.makeLibrary(source: source, options: options)
 40 |         guard let function = library.makeFunction(name: "vivo_count_log1p") else {

/Users/n/numivivo-cross-scale-fix-20260914/Sources/NumiVivoKit/Omics/VivoMetalPCANeighbors.swift:35:50: warning: 'fastMathEnabled' was deprecated in macOS 15.0: Use mathMode instead [#DeprecatedDeclaration]
33 |             throw VivoOmicsError.invalid("Metal PCA neighbors require a physical Apple GPU")
34 |         }
35 |         let compile=MTLCompileOptions(); compile.fastMathEnabled=false
   |                                                  `- warning: 'fastMathEnabled' was deprecated in macOS 15.0: Use mathMode instead [#DeprecatedDeclaration]
36 |         let library=try device.makeLibrary(source: source, options: compile)
37 |         guard let function=library.makeFunction(name:"distances") else { throw VivoOmicsError.invalid("Metal PCA neighbor kernel") }

[#DeprecatedDeclaration]: <https://docs.swift.org/compiler/documentation/diagnostics/deprecated-declaration>
[231/507] Compiling NumiVivoKit VivoOmicsNBAbundance.swift
/Users/n/numivivo-cross-scale-fix-20260914/Sources/NumiVivoKit/Omics/VivoMetalCountNormalization.swift:38:17: warning: 'fastMathEnabled' was deprecated in macOS 15.0: Use mathMode instead [#DeprecatedDeclaration]
 36 |         }
 37 |         let options = MTLCompileOptions()
 38 |         options.fastMathEnabled = false
    |                 `- warning: 'fastMathEnabled' was deprecated in macOS 15.0: Use mathMode instead [#DeprecatedDeclaration]
 39 |         let library = try device.makeLibrary(source: source, options: options)
 40 |         guard let function = library.makeFunction(name: "vivo_count_log1p") else {

/Users/n/numivivo-cross-scale-fix-20260914/Sources/NumiVivoKit/Omics/VivoMetalPCANeighbors.swift:35:50: warning: 'fastMathEnabled' was deprecated in macOS 15.0: Use mathMode instead [#DeprecatedDeclaration]
33 |             throw VivoOmicsError.invalid("Metal PCA neighbors require a physical Apple GPU")
34 |         }
35 |         let compile=MTLCompileOptions(); compile.fastMathEnabled=false
   |                                                  `- warning: 'fastMathEnabled' was deprecated in macOS 15.0: Use mathMode instead [#DeprecatedDeclaration]
36 |         let library=try device.makeLibrary(source: source, options: compile)
37 |         guard let function=library.makeFunction(name:"distances") else { throw VivoOmicsError.invalid("Metal PCA neighbor kernel") }

[#DeprecatedDeclaration]: <https://docs.swift.org/compiler/documentation/diagnostics/deprecated-declaration>
[232/507] Compiling NumiVivoKit VivoOmicsNBAdaptiveMoments.swift
/Users/n/numivivo-cross-scale-fix-20260914/Sources/NumiVivoKit/Omics/VivoMetalCountNormalization.swift:38:17: warning: 'fastMathEnabled' was deprecated in macOS 15.0: Use mathMode instead [#DeprecatedDeclaration]
 36 |         }
 37 |         let options = MTLCompileOptions()
 38 |         options.fastMathEnabled = false
    |                 `- warning: 'fastMathEnabled' was deprecated in macOS 15.0: Use mathMode instead [#DeprecatedDeclaration]
 39 |         let library = try device.makeLibrary(source: source, options: options)
 40 |         guard let function = library.makeFunction(name: "vivo_count_log1p") else {

/Users/n/numivivo-cross-scale-fix-20260914/Sources/NumiVivoKit/Omics/VivoMetalPCANeighbors.swift:35:50: warning: 'fastMathEnabled' was deprecated in macOS 15.0: Use mathMode instead [#DeprecatedDeclaration]
33 |             throw VivoOmicsError.invalid("Metal PCA neighbors require a physical Apple GPU")
34 |         }
35 |         let compile=MTLCompileOptions(); compile.fastMathEnabled=false
   |                                                  `- warning: 'fastMathEnabled' was deprecated in macOS 15.0: Use mathMode instead [#DeprecatedDeclaration]
36 |         let library=try device.makeLibrary(source: source, options: compile)
37 |         guard let function=library.makeFunction(name:"distances") else { throw VivoOmicsError.invalid("Metal PCA neighbor kernel") }

[#DeprecatedDeclaration]: <https://docs.swift.org/compiler/documentation/diagnostics/deprecated-declaration>
[233/507] Compiling NumiVivoKit VivoOmicsNBCohort.swift
/Users/n/numivivo-cross-scale-fix-20260914/Sources/NumiVivoKit/Omics/VivoMetalCountNormalization.swift:38:17: warning: 'fastMathEnabled' was deprecated in macOS 15.0: Use mathMode instead [#DeprecatedDeclaration]
 36 |         }
 37 |         let options = MTLCompileOptions()
 38 |         options.fastMathEnabled = false
    |                 `- warning: 'fastMathEnabled' was deprecated in macOS 15.0: Use mathMode instead [#DeprecatedDeclaration]
 39 |         let library = try device.makeLibrary(source: source, options: options)
 40 |         guard let function = library.makeFunction(name: "vivo_count_log1p") else {

/Users/n/numivivo-cross-scale-fix-20260914/Sources/NumiVivoKit/Omics/VivoMetalPCANeighbors.swift:35:50: warning: 'fastMathEnabled' was deprecated in macOS 15.0: Use mathMode instead [#DeprecatedDeclaration]
33 |             throw VivoOmicsError.invalid("Metal PCA neighbors require a physical Apple GPU")
34 |         }
35 |         let compile=MTLCompileOptions(); compile.fastMathEnabled=false
   |                                                  `- warning: 'fastMathEnabled' was deprecated in macOS 15.0: Use mathMode instead [#DeprecatedDeclaration]
36 |         let library=try device.makeLibrary(source: source, options: compile)
37 |         guard let function=library.makeFunction(name:"distances") else { throw VivoOmicsError.invalid("Metal PCA neighbor kernel") }

[#DeprecatedDeclaration]: <https://docs.swift.org/compiler/documentation/diagnostics/deprecated-declaration>
[234/507] Compiling NumiVivoKit VivoOmicsNBDevianceMoments.swift
/Users/n/numivivo-cross-scale-fix-20260914/Sources/NumiVivoKit/Omics/VivoMetalCountNormalization.swift:38:17: warning: 'fastMathEnabled' was deprecated in macOS 15.0: Use mathMode instead [#DeprecatedDeclaration]
 36 |         }
 37 |         let options = MTLCompileOptions()
 38 |         options.fastMathEnabled = false
    |                 `- warning: 'fastMathEnabled' was deprecated in macOS 15.0: Use mathMode instead [#DeprecatedDeclaration]
 39 |         let library = try device.makeLibrary(source: source, options: options)
 40 |         guard let function = library.makeFunction(name: "vivo_count_log1p") else {

/Users/n/numivivo-cross-scale-fix-20260914/Sources/NumiVivoKit/Omics/VivoMetalPCANeighbors.swift:35:50: warning: 'fastMathEnabled' was deprecated in macOS 15.0: Use mathMode instead [#DeprecatedDeclaration]
33 |             throw VivoOmicsError.invalid("Metal PCA neighbors require a physical Apple GPU")
34 |         }
35 |         let compile=MTLCompileOptions(); compile.fastMathEnabled=false
   |                                                  `- warning: 'fastMathEnabled' was deprecated in macOS 15.0: Use mathMode instead [#DeprecatedDeclaration]
36 |         let library=try device.makeLibrary(source: source, options: compile)
37 |         guard let function=library.makeFunction(name:"distances") else { throw VivoOmicsError.invalid("Metal PCA neighbor kernel") }

[#DeprecatedDeclaration]: <https://docs.swift.org/compiler/documentation/diagnostics/deprecated-declaration>
[235/507] Compiling NumiVivoKit VivoAdaptiveRefinementPolicy.swift
/Users/n/numivivo-cross-scale-fix-20260914/Sources/NumiVivoKit/Artifacts/VivoStateCheckpointEnvelope.swift:118:13: warning: variable 'littleEndian' was never mutated; consider changing to 'let' constant
116 | 
117 |     public static func float32(id: String, values: [Float]) -> Self {
118 |         var littleEndian = values.map { $0.bitPattern.littleEndian }
    |             `- warning: variable 'littleEndian' was never mutated; consider changing to 'let' constant
119 |         return littleEndian.withUnsafeBytes { bytes in
120 |             .init(

/Users/n/numivivo-cross-scale-fix-20260914/Sources/NumiVivoKit/Artifacts/VivoStateCheckpointEnvelope.swift:131:13: warning: variable 'littleEndian' was never mutated; consider changing to 'let' constant
129 | 
130 |     public static func uint32(id: String, values: [UInt32]) -> Self {
131 |         var littleEndian = values.map(\.littleEndian)
    |             `- warning: variable 'littleEndian' was never mutated; consider changing to 'let' constant
132 |         return littleEndian.withUnsafeBytes { bytes in
133 |             .init(
[236/507] Compiling NumiVivoKit VivoLinearKineticSensitivity.swift
/Users/n/numivivo-cross-scale-fix-20260914/Sources/NumiVivoKit/Artifacts/VivoStateCheckpointEnvelope.swift:118:13: warning: variable 'littleEndian' was never mutated; consider changing to 'let' constant
116 | 
117 |     public static func float32(id: String, values: [Float]) -> Self {
118 |         var littleEndian = values.map { $0.bitPattern.littleEndian }
    |             `- warning: variable 'littleEndian' was never mutated; consider changing to 'let' constant
119 |         return littleEndian.withUnsafeBytes { bytes in
120 |             .init(

/Users/n/numivivo-cross-scale-fix-20260914/Sources/NumiVivoKit/Artifacts/VivoStateCheckpointEnvelope.swift:131:13: warning: variable 'littleEndian' was never mutated; consider changing to 'let' constant
129 | 
130 |     public static func uint32(id: String, values: [UInt32]) -> Self {
131 |         var littleEndian = values.map(\.littleEndian)
    |             `- warning: variable 'littleEndian' was never mutated; consider changing to 'let' constant
132 |         return littleEndian.withUnsafeBytes { bytes in
133 |             .init(
[237/507] Compiling NumiVivoKit VivoMBARTargetRefinement.swift
/Users/n/numivivo-cross-scale-fix-20260914/Sources/NumiVivoKit/Artifacts/VivoStateCheckpointEnvelope.swift:118:13: warning: variable 'littleEndian' was never mutated; consider changing to 'let' constant
116 | 
117 |     public static func float32(id: String, values: [Float]) -> Self {
118 |         var littleEndian = values.map { $0.bitPattern.littleEndian }
    |             `- warning: variable 'littleEndian' was never mutated; consider changing to 'let' constant
119 |         return littleEndian.withUnsafeBytes { bytes in
120 |             .init(

/Users/n/numivivo-cross-scale-fix-20260914/Sources/NumiVivoKit/Artifacts/VivoStateCheckpointEnvelope.swift:131:13: warning: variable 'littleEndian' was never mutated; consider changing to 'let' constant
129 | 
130 |     public static func uint32(id: String, values: [UInt32]) -> Self {
131 |         var littleEndian = values.map(\.littleEndian)
    |             `- warning: variable 'littleEndian' was never mutated; consider changing to 'let' constant
132 |         return littleEndian.withUnsafeBytes { bytes in
133 |             .init(
[238/507] Compiling NumiVivoKit VivoObservableCovariance.swift
/Users/n/numivivo-cross-scale-fix-20260914/Sources/NumiVivoKit/Artifacts/VivoStateCheckpointEnvelope.swift:118:13: warning: variable 'littleEndian' was never mutated; consider changing to 'let' constant
116 | 
117 |     public static func float32(id: String, values: [Float]) -> Self {
118 |         var littleEndian = values.map { $0.bitPattern.littleEndian }
    |             `- warning: variable 'littleEndian' was never mutated; consider changing to 'let' constant
119 |         return littleEndian.withUnsafeBytes { bytes in
120 |             .init(

/Users/n/numivivo-cross-scale-fix-20260914/Sources/NumiVivoKit/Artifacts/VivoStateCheckpointEnvelope.swift:131:13: warning: variable 'littleEndian' was never mutated; consider changing to 'let' constant
129 | 
130 |     public static func uint32(id: String, values: [UInt32]) -> Self {
131 |         var littleEndian = values.map(\.littleEndian)
    |             `- warning: variable 'littleEndian' was never mutated; consider changing to 'let' constant
132 |         return littleEndian.withUnsafeBytes { bytes in
133 |             .init(
[239/507] Compiling NumiVivoKit CanonicalArtifact.swift
/Users/n/numivivo-cross-scale-fix-20260914/Sources/NumiVivoKit/Artifacts/VivoStateCheckpointEnvelope.swift:118:13: warning: variable 'littleEndian' was never mutated; consider changing to 'let' constant
116 | 
117 |     public static func float32(id: String, values: [Float]) -> Self {
118 |         var littleEndian = values.map { $0.bitPattern.littleEndian }
    |             `- warning: variable 'littleEndian' was never mutated; consider changing to 'let' constant
119 |         return littleEndian.withUnsafeBytes { bytes in
120 |             .init(

/Users/n/numivivo-cross-scale-fix-20260914/Sources/NumiVivoKit/Artifacts/VivoStateCheckpointEnvelope.swift:131:13: warning: variable 'littleEndian' was never mutated; consider changing to 'let' constant
129 | 
130 |     public static func uint32(id: String, values: [UInt32]) -> Self {
131 |         var littleEndian = values.map(\.littleEndian)
    |             `- warning: variable 'littleEndian' was never mutated; consider changing to 'let' constant
132 |         return littleEndian.withUnsafeBytes { bytes in
133 |             .init(
[240/507] Compiling NumiVivoKit CouplingPack.swift
/Users/n/numivivo-cross-scale-fix-20260914/Sources/NumiVivoKit/Artifacts/VivoStateCheckpointEnvelope.swift:118:13: warning: variable 'littleEndian' was never mutated; consider changing to 'let' constant
116 | 
117 |     public static func float32(id: String, values: [Float]) -> Self {
118 |         var littleEndian = values.map { $0.bitPattern.littleEndian }
    |             `- warning: variable 'littleEndian' was never mutated; consider changing to 'let' constant
119 |         return littleEndian.withUnsafeBytes { bytes in
120 |             .init(

/Users/n/numivivo-cross-scale-fix-20260914/Sources/NumiVivoKit/Artifacts/VivoStateCheckpointEnvelope.swift:131:13: warning: variable 'littleEndian' was never mutated; consider changing to 'let' constant
129 | 
130 |     public static func uint32(id: String, values: [UInt32]) -> Self {
131 |         var littleEndian = values.map(\.littleEndian)
    |             `- warning: variable 'littleEndian' was never mutated; consider changing to 'let' constant
132 |         return littleEndian.withUnsafeBytes { bytes in
133 |             .init(
[241/507] Compiling NumiVivoKit ExperimentPack.swift
/Users/n/numivivo-cross-scale-fix-20260914/Sources/NumiVivoKit/Artifacts/VivoStateCheckpointEnvelope.swift:118:13: warning: variable 'littleEndian' was never mutated; consider changing to 'let' constant
116 | 
117 |     public static func float32(id: String, values: [Float]) -> Self {
118 |         var littleEndian = values.map { $0.bitPattern.littleEndian }
    |             `- warning: variable 'littleEndian' was never mutated; consider changing to 'let' constant
119 |         return littleEndian.withUnsafeBytes { bytes in
120 |             .init(

/Users/n/numivivo-cross-scale-fix-20260914/Sources/NumiVivoKit/Artifacts/VivoStateCheckpointEnvelope.swift:131:13: warning: variable 'littleEndian' was never mutated; consider changing to 'let' constant
129 | 
130 |     public static func uint32(id: String, values: [UInt32]) -> Self {
131 |         var littleEndian = values.map(\.littleEndian)
    |             `- warning: variable 'littleEndian' was never mutated; consider changing to 'let' constant
132 |         return littleEndian.withUnsafeBytes { bytes in
133 |             .init(
[242/507] Compiling NumiVivoKit HostContextCompiler.swift
/Users/n/numivivo-cross-scale-fix-20260914/Sources/NumiVivoKit/Artifacts/VivoStateCheckpointEnvelope.swift:118:13: warning: variable 'littleEndian' was never mutated; consider changing to 'let' constant
116 | 
117 |     public static func float32(id: String, values: [Float]) -> Self {
118 |         var littleEndian = values.map { $0.bitPattern.littleEndian }
    |             `- warning: variable 'littleEndian' was never mutated; consider changing to 'let' constant
119 |         return littleEndian.withUnsafeBytes { bytes in
120 |             .init(

/Users/n/numivivo-cross-scale-fix-20260914/Sources/NumiVivoKit/Artifacts/VivoStateCheckpointEnvelope.swift:131:13: warning: variable 'littleEndian' was never mutated; consider changing to 'let' constant
129 | 
130 |     public static func uint32(id: String, values: [UInt32]) -> Self {
131 |         var littleEndian = values.map(\.littleEndian)
    |             `- warning: variable 'littleEndian' was never mutated; consider changing to 'let' constant
132 |         return littleEndian.withUnsafeBytes { bytes in
133 |             .init(
[243/507] Compiling NumiVivoKit HostContextPack.swift
/Users/n/numivivo-cross-scale-fix-20260914/Sources/NumiVivoKit/Artifacts/VivoStateCheckpointEnvelope.swift:118:13: warning: variable 'littleEndian' was never mutated; consider changing to 'let' constant
116 | 
117 |     public static func float32(id: String, values: [Float]) -> Self {
118 |         var littleEndian = values.map { $0.bitPattern.littleEndian }
    |             `- warning: variable 'littleEndian' was never mutated; consider changing to 'let' constant
119 |         return littleEndian.withUnsafeBytes { bytes in
120 |             .init(

/Users/n/numivivo-cross-scale-fix-20260914/Sources/NumiVivoKit/Artifacts/VivoStateCheckpointEnvelope.swift:131:13: warning: variable 'littleEndian' was never mutated; consider changing to 'let' constant
129 | 
130 |     public static func uint32(id: String, values: [UInt32]) -> Self {
131 |         var littleEndian = values.map(\.littleEndian)
    |             `- warning: variable 'littleEndian' was never mutated; consider changing to 'let' constant
132 |         return littleEndian.withUnsafeBytes { bytes in
133 |             .init(
[244/507] Compiling NumiVivoKit ResultPack.swift
/Users/n/numivivo-cross-scale-fix-20260914/Sources/NumiVivoKit/Artifacts/VivoStateCheckpointEnvelope.swift:118:13: warning: variable 'littleEndian' was never mutated; consider changing to 'let' constant
116 | 
117 |     public static func float32(id: String, values: [Float]) -> Self {
118 |         var littleEndian = values.map { $0.bitPattern.littleEndian }
    |             `- warning: variable 'littleEndian' was never mutated; consider changing to 'let' constant
119 |         return littleEndian.withUnsafeBytes { bytes in
120 |             .init(

/Users/n/numivivo-cross-scale-fix-20260914/Sources/NumiVivoKit/Artifacts/VivoStateCheckpointEnvelope.swift:131:13: warning: variable 'littleEndian' was never mutated; consider changing to 'let' constant
129 | 
130 |     public static func uint32(id: String, values: [UInt32]) -> Self {
131 |         var littleEndian = values.map(\.littleEndian)
    |             `- warning: variable 'littleEndian' was never mutated; consider changing to 'let' constant
132 |         return littleEndian.withUnsafeBytes { bytes in
133 |             .init(
[245/507] Compiling NumiVivoKit VivoArtifactPrimitives.swift
/Users/n/numivivo-cross-scale-fix-20260914/Sources/NumiVivoKit/Artifacts/VivoStateCheckpointEnvelope.swift:118:13: warning: variable 'littleEndian' was never mutated; consider changing to 'let' constant
116 | 
117 |     public static func float32(id: String, values: [Float]) -> Self {
118 |         var littleEndian = values.map { $0.bitPattern.littleEndian }
    |             `- warning: variable 'littleEndian' was never mutated; consider changing to 'let' constant
119 |         return littleEndian.withUnsafeBytes { bytes in
120 |             .init(

/Users/n/numivivo-cross-scale-fix-20260914/Sources/NumiVivoKit/Artifacts/VivoStateCheckpointEnvelope.swift:131:13: warning: variable 'littleEndian' was never mutated; consider changing to 'let' constant
129 | 
130 |     public static func uint32(id: String, values: [UInt32]) -> Self {
131 |         var littleEndian = values.map(\.littleEndian)
    |             `- warning: variable 'littleEndian' was never mutated; consider changing to 'let' constant
132 |         return littleEndian.withUnsafeBytes { bytes in
133 |             .init(
[246/507] Compiling NumiVivoKit VivoArtifactStore.swift
/Users/n/numivivo-cross-scale-fix-20260914/Sources/NumiVivoKit/Artifacts/VivoStateCheckpointEnvelope.swift:118:13: warning: variable 'littleEndian' was never mutated; consider changing to 'let' constant
116 | 
117 |     public static func float32(id: String, values: [Float]) -> Self {
118 |         var littleEndian = values.map { $0.bitPattern.littleEndian }
    |             `- warning: variable 'littleEndian' was never mutated; consider changing to 'let' constant
119 |         return littleEndian.withUnsafeBytes { bytes in
120 |             .init(

/Users/n/numivivo-cross-scale-fix-20260914/Sources/NumiVivoKit/Artifacts/VivoStateCheckpointEnvelope.swift:131:13: warning: variable 'littleEndian' was never mutated; consider changing to 'let' constant
129 | 
130 |     public static func uint32(id: String, values: [UInt32]) -> Self {
131 |         var littleEndian = values.map(\.littleEndian)
    |             `- warning: variable 'littleEndian' was never mutated; consider changing to 'let' constant
132 |         return littleEndian.withUnsafeBytes { bytes in
133 |             .init(
[247/507] Compiling NumiVivoKit VivoEvidenceSnapshot.swift
/Users/n/numivivo-cross-scale-fix-20260914/Sources/NumiVivoKit/Artifacts/VivoStateCheckpointEnvelope.swift:118:13: warning: variable 'littleEndian' was never mutated; consider changing to 'let' constant
116 | 
117 |     public static func float32(id: String, values: [Float]) -> Self {
118 |         var littleEndian = values.map { $0.bitPattern.littleEndian }
    |             `- warning: variable 'littleEndian' was never mutated; consider changing to 'let' constant
119 |         return littleEndian.withUnsafeBytes { bytes in
120 |             .init(

/Users/n/numivivo-cross-scale-fix-20260914/Sources/NumiVivoKit/Artifacts/VivoStateCheckpointEnvelope.swift:131:13: warning: variable 'littleEndian' was never mutated; consider changing to 'let' constant
129 | 
130 |     public static func uint32(id: String, values: [UInt32]) -> Self {
131 |         var littleEndian = values.map(\.littleEndian)
    |             `- warning: variable 'littleEndian' was never mutated; consider changing to 'let' constant
132 |         return littleEndian.withUnsafeBytes { bytes in
133 |             .init(
[248/507] Compiling NumiVivoKit VivoGeneratedFingerprintSourceCompiler.swift
/Users/n/numivivo-cross-scale-fix-20260914/Sources/NumiVivoKit/Artifacts/VivoStateCheckpointEnvelope.swift:118:13: warning: variable 'littleEndian' was never mutated; consider changing to 'let' constant
116 | 
117 |     public static func float32(id: String, values: [Float]) -> Self {
118 |         var littleEndian = values.map { $0.bitPattern.littleEndian }
    |             `- warning: variable 'littleEndian' was never mutated; consider changing to 'let' constant
119 |         return littleEndian.withUnsafeBytes { bytes in
120 |             .init(

/Users/n/numivivo-cross-scale-fix-20260914/Sources/NumiVivoKit/Artifacts/VivoStateCheckpointEnvelope.swift:131:13: warning: variable 'littleEndian' was never mutated; consider changing to 'let' constant
129 | 
130 |     public static func uint32(id: String, values: [UInt32]) -> Self {
131 |         var littleEndian = values.map(\.littleEndian)
    |             `- warning: variable 'littleEndian' was never mutated; consider changing to 'let' constant
132 |         return littleEndian.withUnsafeBytes { bytes in
133 |             .init(
[249/507] Compiling NumiVivoKit VivoProgramPack.swift
/Users/n/numivivo-cross-scale-fix-20260914/Sources/NumiVivoKit/Artifacts/VivoStateCheckpointEnvelope.swift:118:13: warning: variable 'littleEndian' was never mutated; consider changing to 'let' constant
116 | 
117 |     public static func float32(id: String, values: [Float]) -> Self {
118 |         var littleEndian = values.map { $0.bitPattern.littleEndian }
    |             `- warning: variable 'littleEndian' was never mutated; consider changing to 'let' constant
119 |         return littleEndian.withUnsafeBytes { bytes in
120 |             .init(

/Users/n/numivivo-cross-scale-fix-20260914/Sources/NumiVivoKit/Artifacts/VivoStateCheckpointEnvelope.swift:131:13: warning: variable 'littleEndian' was never mutated; consider changing to 'let' constant
129 | 
130 |     public static func uint32(id: String, values: [UInt32]) -> Self {
131 |         var littleEndian = values.map(\.littleEndian)
    |             `- warning: variable 'littleEndian' was never mutated; consider changing to 'let' constant
132 |         return littleEndian.withUnsafeBytes { bytes in
133 |             .init(
[250/507] Compiling NumiVivoKit VivoProgramPackRecords.swift
/Users/n/numivivo-cross-scale-fix-20260914/Sources/NumiVivoKit/Artifacts/VivoStateCheckpointEnvelope.swift:118:13: warning: variable 'littleEndian' was never mutated; consider changing to 'let' constant
116 | 
117 |     public static func float32(id: String, values: [Float]) -> Self {
118 |         var littleEndian = values.map { $0.bitPattern.littleEndian }
    |             `- warning: variable 'littleEndian' was never mutated; consider changing to 'let' constant
119 |         return littleEndian.withUnsafeBytes { bytes in
120 |             .init(

/Users/n/numivivo-cross-scale-fix-20260914/Sources/NumiVivoKit/Artifacts/VivoStateCheckpointEnvelope.swift:131:13: warning: variable 'littleEndian' was never mutated; consider changing to 'let' constant
129 | 
130 |     public static func uint32(id: String, values: [UInt32]) -> Self {
131 |         var littleEndian = values.map(\.littleEndian)
    |             `- warning: variable 'littleEndian' was never mutated; consider changing to 'let' constant
132 |         return littleEndian.withUnsafeBytes { bytes in
133 |             .init(
[251/507] Compiling NumiVivoKit VivoRootedFileStore.swift
/Users/n/numivivo-cross-scale-fix-20260914/Sources/NumiVivoKit/Artifacts/VivoStateCheckpointEnvelope.swift:118:13: warning: variable 'littleEndian' was never mutated; consider changing to 'let' constant
116 | 
117 |     public static func float32(id: String, values: [Float]) -> Self {
118 |         var littleEndian = values.map { $0.bitPattern.littleEndian }
    |             `- warning: variable 'littleEndian' was never mutated; consider changing to 'let' constant
119 |         return littleEndian.withUnsafeBytes { bytes in
120 |             .init(

/Users/n/numivivo-cross-scale-fix-20260914/Sources/NumiVivoKit/Artifacts/VivoStateCheckpointEnvelope.swift:131:13: warning: variable 'littleEndian' was never mutated; consider changing to 'let' constant
129 | 
130 |     public static func uint32(id: String, values: [UInt32]) -> Self {
131 |         var littleEndian = values.map(\.littleEndian)
    |             `- warning: variable 'littleEndian' was never mutated; consider changing to 'let' constant
132 |         return littleEndian.withUnsafeBytes { bytes in
133 |             .init(
[252/507] Compiling NumiVivoKit VivoRunBundle.swift
/Users/n/numivivo-cross-scale-fix-20260914/Sources/NumiVivoKit/Artifacts/VivoStateCheckpointEnvelope.swift:118:13: warning: variable 'littleEndian' was never mutated; consider changing to 'let' constant
116 | 
117 |     public static func float32(id: String, values: [Float]) -> Self {
118 |         var littleEndian = values.map { $0.bitPattern.littleEndian }
    |             `- warning: variable 'littleEndian' was never mutated; consider changing to 'let' constant
119 |         return littleEndian.withUnsafeBytes { bytes in
120 |             .init(

/Users/n/numivivo-cross-scale-fix-20260914/Sources/NumiVivoKit/Artifacts/VivoStateCheckpointEnvelope.swift:131:13: warning: variable 'littleEndian' was never mutated; consider changing to 'let' constant
129 | 
130 |     public static func uint32(id: String, values: [UInt32]) -> Self {
131 |         var littleEndian = values.map(\.littleEndian)
    |             `- warning: variable 'littleEndian' was never mutated; consider changing to 'let' constant
132 |         return littleEndian.withUnsafeBytes { bytes in
133 |             .init(
[253/507] Compiling NumiVivoKit VivoSourceArtifactCompiler+Physiology.swift
/Users/n/numivivo-cross-scale-fix-20260914/Sources/NumiVivoKit/Artifacts/VivoStateCheckpointEnvelope.swift:118:13: warning: variable 'littleEndian' was never mutated; consider changing to 'let' constant
116 | 
117 |     public static func float32(id: String, values: [Float]) -> Self {
118 |         var littleEndian = values.map { $0.bitPattern.littleEndian }
    |             `- warning: variable 'littleEndian' was never mutated; consider changing to 'let' constant
119 |         return littleEndian.withUnsafeBytes { bytes in
120 |             .init(

/Users/n/numivivo-cross-scale-fix-20260914/Sources/NumiVivoKit/Artifacts/VivoStateCheckpointEnvelope.swift:131:13: warning: variable 'littleEndian' was never mutated; consider changing to 'let' constant
129 | 
130 |     public static func uint32(id: String, values: [UInt32]) -> Self {
131 |         var littleEndian = values.map(\.littleEndian)
    |             `- warning: variable 'littleEndian' was never mutated; consider changing to 'let' constant
132 |         return littleEndian.withUnsafeBytes { bytes in
133 |             .init(
[254/507] Compiling NumiVivoKit VivoSourceArtifactCompiler.swift
/Users/n/numivivo-cross-scale-fix-20260914/Sources/NumiVivoKit/Artifacts/VivoStateCheckpointEnvelope.swift:118:13: warning: variable 'littleEndian' was never mutated; consider changing to 'let' constant
116 | 
117 |     public static func float32(id: String, values: [Float]) -> Self {
118 |         var littleEndian = values.map { $0.bitPattern.littleEndian }
    |             `- warning: variable 'littleEndian' was never mutated; consider changing to 'let' constant
119 |         return littleEndian.withUnsafeBytes { bytes in
120 |             .init(

/Users/n/numivivo-cross-scale-fix-20260914/Sources/NumiVivoKit/Artifacts/VivoStateCheckpointEnvelope.swift:131:13: warning: variable 'littleEndian' was never mutated; consider changing to 'let' constant
129 | 
130 |     public static func uint32(id: String, values: [UInt32]) -> Self {
131 |         var littleEndian = values.map(\.littleEndian)
    |             `- warning: variable 'littleEndian' was never mutated; consider changing to 'let' constant
132 |         return littleEndian.withUnsafeBytes { bytes in
133 |             .init(
[255/507] Compiling NumiVivoKit VivoStateCheckpointEnvelope.swift
/Users/n/numivivo-cross-scale-fix-20260914/Sources/NumiVivoKit/Artifacts/VivoStateCheckpointEnvelope.swift:118:13: warning: variable 'littleEndian' was never mutated; consider changing to 'let' constant
116 | 
117 |     public static func float32(id: String, values: [Float]) -> Self {
118 |         var littleEndian = values.map { $0.bitPattern.littleEndian }
    |             `- warning: variable 'littleEndian' was never mutated; consider changing to 'let' constant
119 |         return littleEndian.withUnsafeBytes { bytes in
120 |             .init(

/Users/n/numivivo-cross-scale-fix-20260914/Sources/NumiVivoKit/Artifacts/VivoStateCheckpointEnvelope.swift:131:13: warning: variable 'littleEndian' was never mutated; consider changing to 'let' constant
129 | 
130 |     public static func uint32(id: String, values: [UInt32]) -> Self {
131 |         var littleEndian = values.map(\.littleEndian)
    |             `- warning: variable 'littleEndian' was never mutated; consider changing to 'let' constant
132 |         return littleEndian.withUnsafeBytes { bytes in
133 |             .init(
[256/507] Compiling NumiVivoKit VivoValidatedArtifactLoader.swift
/Users/n/numivivo-cross-scale-fix-20260914/Sources/NumiVivoKit/Artifacts/VivoStateCheckpointEnvelope.swift:118:13: warning: variable 'littleEndian' was never mutated; consider changing to 'let' constant
116 | 
117 |     public static func float32(id: String, values: [Float]) -> Self {
118 |         var littleEndian = values.map { $0.bitPattern.littleEndian }
    |             `- warning: variable 'littleEndian' was never mutated; consider changing to 'let' constant
119 |         return littleEndian.withUnsafeBytes { bytes in
120 |             .init(

/Users/n/numivivo-cross-scale-fix-20260914/Sources/NumiVivoKit/Artifacts/VivoStateCheckpointEnvelope.swift:131:13: warning: variable 'littleEndian' was never mutated; consider changing to 'let' constant
129 | 
130 |     public static func uint32(id: String, values: [UInt32]) -> Self {
131 |         var littleEndian = values.map(\.littleEndian)
    |             `- warning: variable 'littleEndian' was never mutated; consider changing to 'let' constant
132 |         return littleEndian.withUnsafeBytes { bytes in
133 |             .init(
[257/507] Compiling NumiVivoKit VivoAdaptiveEnsembleOptimizer.swift
/Users/n/numivivo-cross-scale-fix-20260914/Sources/NumiVivoKit/Artifacts/VivoStateCheckpointEnvelope.swift:118:13: warning: variable 'littleEndian' was never mutated; consider changing to 'let' constant
116 | 
117 |     public static func float32(id: String, values: [Float]) -> Self {
118 |         var littleEndian = values.map { $0.bitPattern.littleEndian }
    |             `- warning: variable 'littleEndian' was never mutated; consider changing to 'let' constant
119 |         return littleEndian.withUnsafeBytes { bytes in
120 |             .init(

/Users/n/numivivo-cross-scale-fix-20260914/Sources/NumiVivoKit/Artifacts/VivoStateCheckpointEnvelope.swift:131:13: warning: variable 'littleEndian' was never mutated; consider changing to 'let' constant
129 | 
130 |     public static func uint32(id: String, values: [UInt32]) -> Self {
131 |         var littleEndian = values.map(\.littleEndian)
    |             `- warning: variable 'littleEndian' was never mutated; consider changing to 'let' constant
132 |         return littleEndian.withUnsafeBytes { bytes in
133 |             .init(
[258/507] Compiling NumiVivoKit VivoAggregateOccupancyBenchmark.swift
/Users/n/numivivo-cross-scale-fix-20260914/Sources/NumiVivoKit/Artifacts/VivoStateCheckpointEnvelope.swift:118:13: warning: variable 'littleEndian' was never mutated; consider changing to 'let' constant
116 | 
117 |     public static func float32(id: String, values: [Float]) -> Self {
118 |         var littleEndian = values.map { $0.bitPattern.littleEndian }
    |             `- warning: variable 'littleEndian' was never mutated; consider changing to 'let' constant
119 |         return littleEndian.withUnsafeBytes { bytes in
120 |             .init(

/Users/n/numivivo-cross-scale-fix-20260914/Sources/NumiVivoKit/Artifacts/VivoStateCheckpointEnvelope.swift:131:13: warning: variable 'littleEndian' was never mutated; consider changing to 'let' constant
129 | 
130 |     public static func uint32(id: String, values: [UInt32]) -> Self {
131 |         var littleEndian = values.map(\.littleEndian)
    |             `- warning: variable 'littleEndian' was never mutated; consider changing to 'let' constant
132 |         return littleEndian.withUnsafeBytes { bytes in
133 |             .init(
[259/507] Compiling NumiVivoKit VivoCalibrationModel.swift
/Users/n/numivivo-cross-scale-fix-20260914/Sources/NumiVivoKit/Artifacts/VivoStateCheckpointEnvelope.swift:118:13: warning: variable 'littleEndian' was never mutated; consider changing to 'let' constant
116 | 
117 |     public static func float32(id: String, values: [Float]) -> Self {
118 |         var littleEndian = values.map { $0.bitPattern.littleEndian }
    |             `- warning: variable 'littleEndian' was never mutated; consider changing to 'let' constant
119 |         return littleEndian.withUnsafeBytes { bytes in
120 |             .init(

/Users/n/numivivo-cross-scale-fix-20260914/Sources/NumiVivoKit/Artifacts/VivoStateCheckpointEnvelope.swift:131:13: warning: variable 'littleEndian' was never mutated; consider changing to 'let' constant
129 | 
130 |     public static func uint32(id: String, values: [UInt32]) -> Self {
131 |         var littleEndian = values.map(\.littleEndian)
    |             `- warning: variable 'littleEndian' was never mutated; consider changing to 'let' constant
132 |         return littleEndian.withUnsafeBytes { bytes in
133 |             .init(
[260/507] Compiling NumiVivoKit VivoTargetEngagementProgramSource.swift
/Users/n/numivivo-cross-scale-fix-20260914/Sources/NumiVivoKit/MD/VivoMDBenchmark.swift:123:16: warning: immutable property will not be decoded because it is declared with an initial value which cannot be overwritten
121 |     public let observations: [VivoMDObservables]?
122 |     /// This short trajectory is execution evidence, not an equilibrium gate.
123 |     public let ensembleOutcome: VivoBenchmarkOutcome = .inconclusive
    |                |- warning: immutable property will not be decoded because it is declared with an initial value which cannot be overwritten
    |                |- note: set the initial value via the initializer or explicitly define a CodingKeys enum including a 'ensembleOutcome' case to silence this warning
    |                `- note: make the property mutable instead
124 | }
125 | 

/Users/n/numivivo-cross-scale-fix-20260914/Sources/NumiVivoKit/MD/VivoMDBenchmark.swift:127:16: warning: immutable property will not be decoded because it is declared with an initial value which cannot be overwritten
125 | 
126 | public struct VivoMDBenchmarkReport: Codable, Sendable {
127 |     public let schema: String = "numivivo.org/md-benchmark-report/v1"
    |                |- warning: immutable property will not be decoded because it is declared with an initial value which cannot be overwritten
    |                |- note: set the initial value via the initializer or explicitly define a CodingKeys enum including a 'schema' case to silence this warning
    |                `- note: make the property mutable instead
128 |     public let requestFingerprint: VivoFingerprint
129 |     public let numericalContract: String
[261/507] Compiling NumiVivoKit VivoMDArtifacts.swift
/Users/n/numivivo-cross-scale-fix-20260914/Sources/NumiVivoKit/MD/VivoMDBenchmark.swift:123:16: warning: immutable property will not be decoded because it is declared with an initial value which cannot be overwritten
121 |     public let observations: [VivoMDObservables]?
122 |     /// This short trajectory is execution evidence, not an equilibrium gate.
123 |     public let ensembleOutcome: VivoBenchmarkOutcome = .inconclusive
    |                |- warning: immutable property will not be decoded because it is declared with an initial value which cannot be overwritten
    |                |- note: set the initial value via the initializer or explicitly define a CodingKeys enum including a 'ensembleOutcome' case to silence this warning
    |                `- note: make the property mutable instead
124 | }
125 | 

/Users/n/numivivo-cross-scale-fix-20260914/Sources/NumiVivoKit/MD/VivoMDBenchmark.swift:127:16: warning: immutable property will not be decoded because it is declared with an initial value which cannot be overwritten
125 | 
126 | public struct VivoMDBenchmarkReport: Codable, Sendable {
127 |     public let schema: String = "numivivo.org/md-benchmark-report/v1"
    |                |- warning: immutable property will not be decoded because it is declared with an initial value which cannot be overwritten
    |                |- note: set the initial value via the initializer or explicitly define a CodingKeys enum including a 'schema' case to silence this warning
    |                `- note: make the property mutable instead
128 |     public let requestFingerprint: VivoFingerprint
129 |     public let numericalContract: String
[262/507] Compiling NumiVivoKit VivoMDAtomicFileExport.swift
/Users/n/numivivo-cross-scale-fix-20260914/Sources/NumiVivoKit/MD/VivoMDBenchmark.swift:123:16: warning: immutable property will not be decoded because it is declared with an initial value which cannot be overwritten
121 |     public let observations: [VivoMDObservables]?
122 |     /// This short trajectory is execution evidence, not an equilibrium gate.
123 |     public let ensembleOutcome: VivoBenchmarkOutcome = .inconclusive
    |                |- warning: immutable property will not be decoded because it is declared with an initial value which cannot be overwritten
    |                |- note: set the initial value via the initializer or explicitly define a CodingKeys enum including a 'ensembleOutcome' case to silence this warning
    |                `- note: make the property mutable instead
124 | }
125 | 

/Users/n/numivivo-cross-scale-fix-20260914/Sources/NumiVivoKit/MD/VivoMDBenchmark.swift:127:16: warning: immutable property will not be decoded because it is declared with an initial value which cannot be overwritten
125 | 
126 | public struct VivoMDBenchmarkReport: Codable, Sendable {
127 |     public let schema: String = "numivivo.org/md-benchmark-report/v1"
    |                |- warning: immutable property will not be decoded because it is declared with an initial value which cannot be overwritten
    |                |- note: set the initial value via the initializer or explicitly define a CodingKeys enum including a 'schema' case to silence this warning
    |                `- note: make the property mutable instead
128 |     public let requestFingerprint: VivoFingerprint
129 |     public let numericalContract: String
[263/507] Compiling NumiVivoKit VivoMDBarostat.swift
/Users/n/numivivo-cross-scale-fix-20260914/Sources/NumiVivoKit/MD/VivoMDBenchmark.swift:123:16: warning: immutable property will not be decoded because it is declared with an initial value which cannot be overwritten
121 |     public let observations: [VivoMDObservables]?
122 |     /// This short trajectory is execution evidence, not an equilibrium gate.
123 |     public let ensembleOutcome: VivoBenchmarkOutcome = .inconclusive
    |                |- warning: immutable property will not be decoded because it is declared with an initial value which cannot be overwritten
    |                |- note: set the initial value via the initializer or explicitly define a CodingKeys enum including a 'ensembleOutcome' case to silence this warning
    |                `- note: make the property mutable instead
124 | }
125 | 

/Users/n/numivivo-cross-scale-fix-20260914/Sources/NumiVivoKit/MD/VivoMDBenchmark.swift:127:16: warning: immutable property will not be decoded because it is declared with an initial value which cannot be overwritten
125 | 
126 | public struct VivoMDBenchmarkReport: Codable, Sendable {
127 |     public let schema: String = "numivivo.org/md-benchmark-report/v1"
    |                |- warning: immutable property will not be decoded because it is declared with an initial value which cannot be overwritten
    |                |- note: set the initial value via the initializer or explicitly define a CodingKeys enum including a 'schema' case to silence this warning
    |                `- note: make the property mutable instead
128 |     public let requestFingerprint: VivoFingerprint
129 |     public let numericalContract: String
[264/507] Compiling NumiVivoKit VivoMDBenchmark.swift
/Users/n/numivivo-cross-scale-fix-20260914/Sources/NumiVivoKit/MD/VivoMDBenchmark.swift:123:16: warning: immutable property will not be decoded because it is declared with an initial value which cannot be overwritten
121 |     public let observations: [VivoMDObservables]?
122 |     /// This short trajectory is execution evidence, not an equilibrium gate.
123 |     public let ensembleOutcome: VivoBenchmarkOutcome = .inconclusive
    |                |- warning: immutable property will not be decoded because it is declared with an initial value which cannot be overwritten
    |                |- note: set the initial value via the initializer or explicitly define a CodingKeys enum including a 'ensembleOutcome' case to silence this warning
    |                `- note: make the property mutable instead
124 | }
125 | 

/Users/n/numivivo-cross-scale-fix-20260914/Sources/NumiVivoKit/MD/VivoMDBenchmark.swift:127:16: warning: immutable property will not be decoded because it is declared with an initial value which cannot be overwritten
125 | 
126 | public struct VivoMDBenchmarkReport: Codable, Sendable {
127 |     public let schema: String = "numivivo.org/md-benchmark-report/v1"
    |                |- warning: immutable property will not be decoded because it is declared with an initial value which cannot be overwritten
    |                |- note: set the initial value via the initializer or explicitly define a CodingKeys enum including a 'schema' case to silence this warning
    |                `- note: make the property mutable instead
128 |     public let requestFingerprint: VivoFingerprint
129 |     public let numericalContract: String
[265/507] Compiling NumiVivoKit VivoMDCandidateForceProvider.swift
/Users/n/numivivo-cross-scale-fix-20260914/Sources/NumiVivoKit/MD/VivoMDBenchmark.swift:123:16: warning: immutable property will not be decoded because it is declared with an initial value which cannot be overwritten
121 |     public let observations: [VivoMDObservables]?
122 |     /// This short trajectory is execution evidence, not an equilibrium gate.
123 |     public let ensembleOutcome: VivoBenchmarkOutcome = .inconclusive
    |                |- warning: immutable property will not be decoded because it is declared with an initial value which cannot be overwritten
    |                |- note: set the initial value via the initializer or explicitly define a CodingKeys enum including a 'ensembleOutcome' case to silence this warning
    |                `- note: make the property mutable instead
124 | }
125 | 

/Users/n/numivivo-cross-scale-fix-20260914/Sources/NumiVivoKit/MD/VivoMDBenchmark.swift:127:16: warning: immutable property will not be decoded because it is declared with an initial value which cannot be overwritten
125 | 
126 | public struct VivoMDBenchmarkReport: Codable, Sendable {
127 |     public let schema: String = "numivivo.org/md-benchmark-report/v1"
    |                |- warning: immutable property will not be decoded because it is declared with an initial value which cannot be overwritten
    |                |- note: set the initial value via the initializer or explicitly define a CodingKeys enum including a 'schema' case to silence this warning
    |                `- note: make the property mutable instead
128 |     public let requestFingerprint: VivoFingerprint
129 |     public let numericalContract: String
[266/507] Compiling NumiVivoKit VivoMDDependentSites.swift
/Users/n/numivivo-cross-scale-fix-20260914/Sources/NumiVivoKit/MD/VivoMDBenchmark.swift:123:16: warning: immutable property will not be decoded because it is declared with an initial value which cannot be overwritten
121 |     public let observations: [VivoMDObservables]?
122 |     /// This short trajectory is execution evidence, not an equilibrium gate.
123 |     public let ensembleOutcome: VivoBenchmarkOutcome = .inconclusive
    |                |- warning: immutable property will not be decoded because it is declared with an initial value which cannot be overwritten
    |                |- note: set the initial value via the initializer or explicitly define a CodingKeys enum including a 'ensembleOutcome' case to silence this warning
    |                `- note: make the property mutable instead
124 | }
125 | 

/Users/n/numivivo-cross-scale-fix-20260914/Sources/NumiVivoKit/MD/VivoMDBenchmark.swift:127:16: warning: immutable property will not be decoded because it is declared with an initial value which cannot be overwritten
125 | 
126 | public struct VivoMDBenchmarkReport: Codable, Sendable {
127 |     public let schema: String = "numivivo.org/md-benchmark-report/v1"
    |                |- warning: immutable property will not be decoded because it is declared with an initial value which cannot be overwritten
    |                |- note: set the initial value via the initializer or explicitly define a CodingKeys enum including a 'schema' case to silence this warning
    |                `- note: make the property mutable instead
128 |     public let requestFingerprint: VivoFingerprint
129 |     public let numericalContract: String
[267/507] Compiling NumiVivoKit VivoMDExecutionIdentity.swift
/Users/n/numivivo-cross-scale-fix-20260914/Sources/NumiVivoKit/MD/VivoMDBenchmark.swift:123:16: warning: immutable property will not be decoded because it is declared with an initial value which cannot be overwritten
121 |     public let observations: [VivoMDObservables]?
122 |     /// This short trajectory is execution evidence, not an equilibrium gate.
123 |     public let ensembleOutcome: VivoBenchmarkOutcome = .inconclusive
    |                |- warning: immutable property will not be decoded because it is declared with an initial value which cannot be overwritten
    |                |- note: set the initial value via the initializer or explicitly define a CodingKeys enum including a 'ensembleOutcome' case to silence this warning
    |                `- note: make the property mutable instead
124 | }
125 | 

/Users/n/numivivo-cross-scale-fix-20260914/Sources/NumiVivoKit/MD/VivoMDBenchmark.swift:127:16: warning: immutable property will not be decoded because it is declared with an initial value which cannot be overwritten
125 | 
126 | public struct VivoMDBenchmarkReport: Codable, Sendable {
127 |     public let schema: String = "numivivo.org/md-benchmark-report/v1"
    |                |- warning: immutable property will not be decoded because it is declared with an initial value which cannot be overwritten
    |                |- note: set the initial value via the initializer or explicitly define a CodingKeys enum including a 'schema' case to silence this warning
    |                `- note: make the property mutable instead
128 |     public let requestFingerprint: VivoFingerprint
129 |     public let numericalContract: String
[268/507] Compiling NumiVivoKit VivoMDExecutionPreflight.swift
/Users/n/numivivo-cross-scale-fix-20260914/Sources/NumiVivoKit/MD/VivoMDBenchmark.swift:123:16: warning: immutable property will not be decoded because it is declared with an initial value which cannot be overwritten
121 |     public let observations: [VivoMDObservables]?
122 |     /// This short trajectory is execution evidence, not an equilibrium gate.
123 |     public let ensembleOutcome: VivoBenchmarkOutcome = .inconclusive
    |                |- warning: immutable property will not be decoded because it is declared with an initial value which cannot be overwritten
    |                |- note: set the initial value via the initializer or explicitly define a CodingKeys enum including a 'ensembleOutcome' case to silence this warning
    |                `- note: make the property mutable instead
124 | }
125 | 

/Users/n/numivivo-cross-scale-fix-20260914/Sources/NumiVivoKit/MD/VivoMDBenchmark.swift:127:16: warning: immutable property will not be decoded because it is declared with an initial value which cannot be overwritten
125 | 
126 | public struct VivoMDBenchmarkReport: Codable, Sendable {
127 |     public let schema: String = "numivivo.org/md-benchmark-report/v1"
    |                |- warning: immutable property will not be decoded because it is declared with an initial value which cannot be overwritten
    |                |- note: set the initial value via the initializer or explicitly define a CodingKeys enum including a 'schema' case to silence this warning
    |                `- note: make the property mutable instead
128 |     public let requestFingerprint: VivoFingerprint
129 |     public let numericalContract: String
[269/507] Compiling NumiVivoKit VivoMDMetalABI.swift
/Users/n/numivivo-cross-scale-fix-20260914/Sources/NumiVivoKit/MD/VivoMDBenchmark.swift:123:16: warning: immutable property will not be decoded because it is declared with an initial value which cannot be overwritten
121 |     public let observations: [VivoMDObservables]?
122 |     /// This short trajectory is execution evidence, not an equilibrium gate.
123 |     public let ensembleOutcome: VivoBenchmarkOutcome = .inconclusive
    |                |- warning: immutable property will not be decoded because it is declared with an initial value which cannot be overwritten
    |                |- note: set the initial value via the initializer or explicitly define a CodingKeys enum including a 'ensembleOutcome' case to silence this warning
    |                `- note: make the property mutable instead
124 | }
125 | 

/Users/n/numivivo-cross-scale-fix-20260914/Sources/NumiVivoKit/MD/VivoMDBenchmark.swift:127:16: warning: immutable property will not be decoded because it is declared with an initial value which cannot be overwritten
125 | 
126 | public struct VivoMDBenchmarkReport: Codable, Sendable {
127 |     public let schema: String = "numivivo.org/md-benchmark-report/v1"
    |                |- warning: immutable property will not be decoded because it is declared with an initial value which cannot be overwritten
    |                |- note: set the initial value via the initializer or explicitly define a CodingKeys enum including a 'schema' case to silence this warning
    |                `- note: make the property mutable instead
128 |     public let requestFingerprint: VivoFingerprint
129 |     public let numericalContract: String
[270/507] Compiling NumiVivoKit VivoMDMetalArena.swift
/Users/n/numivivo-cross-scale-fix-20260914/Sources/NumiVivoKit/MD/VivoMDBenchmark.swift:123:16: warning: immutable property will not be decoded because it is declared with an initial value which cannot be overwritten
121 |     public let observations: [VivoMDObservables]?
122 |     /// This short trajectory is execution evidence, not an equilibrium gate.
123 |     public let ensembleOutcome: VivoBenchmarkOutcome = .inconclusive
    |                |- warning: immutable property will not be decoded because it is declared with an initial value which cannot be overwritten
    |                |- note: set the initial value via the initializer or explicitly define a CodingKeys enum including a 'ensembleOutcome' case to silence this warning
    |                `- note: make the property mutable instead
124 | }
125 | 

/Users/n/numivivo-cross-scale-fix-20260914/Sources/NumiVivoKit/MD/VivoMDBenchmark.swift:127:16: warning: immutable property will not be decoded because it is declared with an initial value which cannot be overwritten
125 | 
126 | public struct VivoMDBenchmarkReport: Codable, Sendable {
127 |     public let schema: String = "numivivo.org/md-benchmark-report/v1"
    |                |- warning: immutable property will not be decoded because it is declared with an initial value which cannot be overwritten
    |                |- note: set the initial value via the initializer or explicitly define a CodingKeys enum including a 'schema' case to silence this warning
    |                `- note: make the property mutable instead
128 |     public let requestFingerprint: VivoFingerprint
129 |     public let numericalContract: String
[271/507] Compiling NumiVivoKit VivoMDMetalRuntime.swift
/Users/n/numivivo-cross-scale-fix-20260914/Sources/NumiVivoKit/MD/VivoMDBenchmark.swift:123:16: warning: immutable property will not be decoded because it is declared with an initial value which cannot be overwritten
121 |     public let observations: [VivoMDObservables]?
122 |     /// This short trajectory is execution evidence, not an equilibrium gate.
123 |     public let ensembleOutcome: VivoBenchmarkOutcome = .inconclusive
    |                |- warning: immutable property will not be decoded because it is declared with an initial value which cannot be overwritten
    |                |- note: set the initial value via the initializer or explicitly define a CodingKeys enum including a 'ensembleOutcome' case to silence this warning
    |                `- note: make the property mutable instead
124 | }
125 | 

/Users/n/numivivo-cross-scale-fix-20260914/Sources/NumiVivoKit/MD/VivoMDBenchmark.swift:127:16: warning: immutable property will not be decoded because it is declared with an initial value which cannot be overwritten
125 | 
126 | public struct VivoMDBenchmarkReport: Codable, Sendable {
127 |     public let schema: String = "numivivo.org/md-benchmark-report/v1"
    |                |- warning: immutable property will not be decoded because it is declared with an initial value which cannot be overwritten
    |                |- note: set the initial value via the initializer or explicitly define a CodingKeys enum including a 'schema' case to silence this warning
    |                `- note: make the property mutable instead
128 |     public let requestFingerprint: VivoFingerprint
129 |     public let numericalContract: String
[272/507] Compiling NumiVivoKit VivoMDMinimization.swift
/Users/n/numivivo-cross-scale-fix-20260914/Sources/NumiVivoKit/MD/VivoMDBenchmark.swift:123:16: warning: immutable property will not be decoded because it is declared with an initial value which cannot be overwritten
121 |     public let observations: [VivoMDObservables]?
122 |     /// This short trajectory is execution evidence, not an equilibrium gate.
123 |     public let ensembleOutcome: VivoBenchmarkOutcome = .inconclusive
    |                |- warning: immutable property will not be decoded because it is declared with an initial value which cannot be overwritten
    |                |- note: set the initial value via the initializer or explicitly define a CodingKeys enum including a 'ensembleOutcome' case to silence this warning
    |                `- note: make the property mutable instead
124 | }
125 | 

/Users/n/numivivo-cross-scale-fix-20260914/Sources/NumiVivoKit/MD/VivoMDBenchmark.swift:127:16: warning: immutable property will not be decoded because it is declared with an initial value which cannot be overwritten
125 | 
126 | public struct VivoMDBenchmarkReport: Codable, Sendable {
127 |     public let schema: String = "numivivo.org/md-benchmark-report/v1"
    |                |- warning: immutable property will not be decoded because it is declared with an initial value which cannot be overwritten
    |                |- note: set the initial value via the initializer or explicitly define a CodingKeys enum including a 'schema' case to silence this warning
    |                `- note: make the property mutable instead
128 |     public let requestFingerprint: VivoFingerprint
129 |     public let numericalContract: String
[273/507] Compiling NumiVivoKit VivoMDNeighborGrid.swift
/Users/n/numivivo-cross-scale-fix-20260914/Sources/NumiVivoKit/MD/VivoMDBenchmark.swift:123:16: warning: immutable property will not be decoded because it is declared with an initial value which cannot be overwritten
121 |     public let observations: [VivoMDObservables]?
122 |     /// This short trajectory is execution evidence, not an equilibrium gate.
123 |     public let ensembleOutcome: VivoBenchmarkOutcome = .inconclusive
    |                |- warning: immutable property will not be decoded because it is declared with an initial value which cannot be overwritten
    |                |- note: set the initial value via the initializer or explicitly define a CodingKeys enum including a 'ensembleOutcome' case to silence this warning
    |                `- note: make the property mutable instead
124 | }
125 | 

/Users/n/numivivo-cross-scale-fix-20260914/Sources/NumiVivoKit/MD/VivoMDBenchmark.swift:127:16: warning: immutable property will not be decoded because it is declared with an initial value which cannot be overwritten
125 | 
126 | public struct VivoMDBenchmarkReport: Codable, Sendable {
127 |     public let schema: String = "numivivo.org/md-benchmark-report/v1"
    |                |- warning: immutable property will not be decoded because it is declared with an initial value which cannot be overwritten
    |                |- note: set the initial value via the initializer or explicitly define a CodingKeys enum including a 'schema' case to silence this warning
    |                `- note: make the property mutable instead
128 |     public let requestFingerprint: VivoFingerprint
129 |     public let numericalContract: String
[274/507] Compiling NumiVivoKit VivoMDPacking.swift
/Users/n/numivivo-cross-scale-fix-20260914/Sources/NumiVivoKit/MD/VivoMDBenchmark.swift:123:16: warning: immutable property will not be decoded because it is declared with an initial value which cannot be overwritten
121 |     public let observations: [VivoMDObservables]?
122 |     /// This short trajectory is execution evidence, not an equilibrium gate.
123 |     public let ensembleOutcome: VivoBenchmarkOutcome = .inconclusive
    |                |- warning: immutable property will not be decoded because it is declared with an initial value which cannot be overwritten
    |                |- note: set the initial value via the initializer or explicitly define a CodingKeys enum including a 'ensembleOutcome' case to silence this warning
    |                `- note: make the property mutable instead
124 | }
125 | 

/Users/n/numivivo-cross-scale-fix-20260914/Sources/NumiVivoKit/MD/VivoMDBenchmark.swift:127:16: warning: immutable property will not be decoded because it is declared with an initial value which cannot be overwritten
125 | 
126 | public struct VivoMDBenchmarkReport: Codable, Sendable {
127 |     public let schema: String = "numivivo.org/md-benchmark-report/v1"
    |                |- warning: immutable property will not be decoded because it is declared with an initial value which cannot be overwritten
    |                |- note: set the initial value via the initializer or explicitly define a CodingKeys enum including a 'schema' case to silence this warning
    |                `- note: make the property mutable instead
128 |     public let requestFingerprint: VivoFingerprint
129 |     public let numericalContract: String
[275/507] Compiling NumiVivoKit VivoMDPackingRecords.swift
/Users/n/numivivo-cross-scale-fix-20260914/Sources/NumiVivoKit/MD/VivoMDBenchmark.swift:123:16: warning: immutable property will not be decoded because it is declared with an initial value which cannot be overwritten
121 |     public let observations: [VivoMDObservables]?
122 |     /// This short trajectory is execution evidence, not an equilibrium gate.
123 |     public let ensembleOutcome: VivoBenchmarkOutcome = .inconclusive
    |                |- warning: immutable property will not be decoded because it is declared with an initial value which cannot be overwritten
    |                |- note: set the initial value via the initializer or explicitly define a CodingKeys enum including a 'ensembleOutcome' case to silence this warning
    |                `- note: make the property mutable instead
124 | }
125 | 

/Users/n/numivivo-cross-scale-fix-20260914/Sources/NumiVivoKit/MD/VivoMDBenchmark.swift:127:16: warning: immutable property will not be decoded because it is declared with an initial value which cannot be overwritten
125 | 
126 | public struct VivoMDBenchmarkReport: Codable, Sendable {
127 |     public let schema: String = "numivivo.org/md-benchmark-report/v1"
    |                |- warning: immutable property will not be decoded because it is declared with an initial value which cannot be overwritten
    |                |- note: set the initial value via the initializer or explicitly define a CodingKeys enum including a 'schema' case to silence this warning
    |                `- note: make the property mutable instead
128 |     public let requestFingerprint: VivoFingerprint
129 |     public let numericalContract: String
[276/507] Compiling NumiVivoKit VivoMDPositionCorrections.swift
/Users/n/numivivo-cross-scale-fix-20260914/Sources/NumiVivoKit/MD/VivoMDBenchmark.swift:123:16: warning: immutable property will not be decoded because it is declared with an initial value which cannot be overwritten
121 |     public let observations: [VivoMDObservables]?
122 |     /// This short trajectory is execution evidence, not an equilibrium gate.
123 |     public let ensembleOutcome: VivoBenchmarkOutcome = .inconclusive
    |                |- warning: immutable property will not be decoded because it is declared with an initial value which cannot be overwritten
    |                |- note: set the initial value via the initializer or explicitly define a CodingKeys enum including a 'ensembleOutcome' case to silence this warning
    |                `- note: make the property mutable instead
124 | }
125 | 

/Users/n/numivivo-cross-scale-fix-20260914/Sources/NumiVivoKit/MD/VivoMDBenchmark.swift:127:16: warning: immutable property will not be decoded because it is declared with an initial value which cannot be overwritten
125 | 
126 | public struct VivoMDBenchmarkReport: Codable, Sendable {
127 |     public let schema: String = "numivivo.org/md-benchmark-report/v1"
    |                |- warning: immutable property will not be decoded because it is declared with an initial value which cannot be overwritten
    |                |- note: set the initial value via the initializer or explicitly define a CodingKeys enum including a 'schema' case to silence this warning
    |                `- note: make the property mutable instead
128 |     public let requestFingerprint: VivoFingerprint
129 |     public let numericalContract: String
[277/507] Compiling NumiVivoKit VivoMDProtocol.swift
/Users/n/numivivo-cross-scale-fix-20260914/Sources/NumiVivoKit/MD/VivoMDBenchmark.swift:123:16: warning: immutable property will not be decoded because it is declared with an initial value which cannot be overwritten
121 |     public let observations: [VivoMDObservables]?
122 |     /// This short trajectory is execution evidence, not an equilibrium gate.
123 |     public let ensembleOutcome: VivoBenchmarkOutcome = .inconclusive
    |                |- warning: immutable property will not be decoded because it is declared with an initial value which cannot be overwritten
    |                |- note: set the initial value via the initializer or explicitly define a CodingKeys enum including a 'ensembleOutcome' case to silence this warning
    |                `- note: make the property mutable instead
124 | }
125 | 

/Users/n/numivivo-cross-scale-fix-20260914/Sources/NumiVivoKit/MD/VivoMDBenchmark.swift:127:16: warning: immutable property will not be decoded because it is declared with an initial value which cannot be overwritten
125 | 
126 | public struct VivoMDBenchmarkReport: Codable, Sendable {
127 |     public let schema: String = "numivivo.org/md-benchmark-report/v1"
    |                |- warning: immutable property will not be decoded because it is declared with an initial value which cannot be overwritten
    |                |- note: set the initial value via the initializer or explicitly define a CodingKeys enum including a 'schema' case to silence this warning
    |                `- note: make the property mutable instead
128 |     public let requestFingerprint: VivoFingerprint
129 |     public let numericalContract: String
[278/507] Compiling NumiVivoKit VivoMDProtocolResumeValidation.swift
/Users/n/numivivo-cross-scale-fix-20260914/Sources/NumiVivoKit/MD/VivoMDBenchmark.swift:123:16: warning: immutable property will not be decoded because it is declared with an initial value which cannot be overwritten
121 |     public let observations: [VivoMDObservables]?
122 |     /// This short trajectory is execution evidence, not an equilibrium gate.
123 |     public let ensembleOutcome: VivoBenchmarkOutcome = .inconclusive
    |                |- warning: immutable property will not be decoded because it is declared with an initial value which cannot be overwritten
    |                |- note: set the initial value via the initializer or explicitly define a CodingKeys enum including a 'ensembleOutcome' case to silence this warning
    |                `- note: make the property mutable instead
124 | }
125 | 

/Users/n/numivivo-cross-scale-fix-20260914/Sources/NumiVivoKit/MD/VivoMDBenchmark.swift:127:16: warning: immutable property will not be decoded because it is declared with an initial value which cannot be overwritten
125 | 
126 | public struct VivoMDBenchmarkReport: Codable, Sendable {
127 |     public let schema: String = "numivivo.org/md-benchmark-report/v1"
    |                |- warning: immutable property will not be decoded because it is declared with an initial value which cannot be overwritten
    |                |- note: set the initial value via the initializer or explicitly define a CodingKeys enum including a 'schema' case to silence this warning
    |                `- note: make the property mutable instead
128 |     public let requestFingerprint: VivoFingerprint
129 |     public let numericalContract: String
[279/507] Compiling NumiVivoKit VivoMDProtocolRunner.swift
/Users/n/numivivo-cross-scale-fix-20260914/Sources/NumiVivoKit/MD/VivoMDBenchmark.swift:123:16: warning: immutable property will not be decoded because it is declared with an initial value which cannot be overwritten
121 |     public let observations: [VivoMDObservables]?
122 |     /// This short trajectory is execution evidence, not an equilibrium gate.
123 |     public let ensembleOutcome: VivoBenchmarkOutcome = .inconclusive
    |                |- warning: immutable property will not be decoded because it is declared with an initial value which cannot be overwritten
    |                |- note: set the initial value via the initializer or explicitly define a CodingKeys enum including a 'ensembleOutcome' case to silence this warning
    |                `- note: make the property mutable instead
124 | }
125 | 

/Users/n/numivivo-cross-scale-fix-20260914/Sources/NumiVivoKit/MD/VivoMDBenchmark.swift:127:16: warning: immutable property will not be decoded because it is declared with an initial value which cannot be overwritten
125 | 
126 | public struct VivoMDBenchmarkReport: Codable, Sendable {
127 |     public let schema: String = "numivivo.org/md-benchmark-report/v1"
    |                |- warning: immutable property will not be decoded because it is declared with an initial value which cannot be overwritten
    |                |- note: set the initial value via the initializer or explicitly define a CodingKeys enum including a 'schema' case to silence this warning
    |                `- note: make the property mutable instead
128 |     public let requestFingerprint: VivoFingerprint
129 |     public let numericalContract: String
[280/507] Compiling NumiVivoKit VivoMDStageTransfer.swift
/Users/n/numivivo-cross-scale-fix-20260914/Sources/NumiVivoKit/MD/VivoMDBenchmark.swift:123:16: warning: immutable property will not be decoded because it is declared with an initial value which cannot be overwritten
121 |     public let observations: [VivoMDObservables]?
122 |     /// This short trajectory is execution evidence, not an equilibrium gate.
123 |     public let ensembleOutcome: VivoBenchmarkOutcome = .inconclusive
    |                |- warning: immutable property will not be decoded because it is declared with an initial value which cannot be overwritten
    |                |- note: set the initial value via the initializer or explicitly define a CodingKeys enum including a 'ensembleOutcome' case to silence this warning
    |                `- note: make the property mutable instead
124 | }
125 | 

/Users/n/numivivo-cross-scale-fix-20260914/Sources/NumiVivoKit/MD/VivoMDBenchmark.swift:127:16: warning: immutable property will not be decoded because it is declared with an initial value which cannot be overwritten
125 | 
126 | public struct VivoMDBenchmarkReport: Codable, Sendable {
127 |     public let schema: String = "numivivo.org/md-benchmark-report/v1"
    |                |- warning: immutable property will not be decoded because it is declared with an initial value which cannot be overwritten
    |                |- note: set the initial value via the initializer or explicitly define a CodingKeys enum including a 'schema' case to silence this warning
    |                `- note: make the property mutable instead
128 |     public let requestFingerprint: VivoFingerprint
129 |     public let numericalContract: String
[281/507] Compiling NumiVivoKit VivoMDThermalVelocityRecipe.swift
/Users/n/numivivo-cross-scale-fix-20260914/Sources/NumiVivoKit/MD/VivoMDBenchmark.swift:123:16: warning: immutable property will not be decoded because it is declared with an initial value which cannot be overwritten
121 |     public let observations: [VivoMDObservables]?
122 |     /// This short trajectory is execution evidence, not an equilibrium gate.
123 |     public let ensembleOutcome: VivoBenchmarkOutcome = .inconclusive
    |                |- warning: immutable property will not be decoded because it is declared with an initial value which cannot be overwritten
    |                |- note: set the initial value via the initializer or explicitly define a CodingKeys enum including a 'ensembleOutcome' case to silence this warning
    |                `- note: make the property mutable instead
124 | }
125 | 

/Users/n/numivivo-cross-scale-fix-20260914/Sources/NumiVivoKit/MD/VivoMDBenchmark.swift:127:16: warning: immutable property will not be decoded because it is declared with an initial value which cannot be overwritten
125 | 
126 | public struct VivoMDBenchmarkReport: Codable, Sendable {
127 |     public let schema: String = "numivivo.org/md-benchmark-report/v1"
    |                |- warning: immutable property will not be decoded because it is declared with an initial value which cannot be overwritten
    |                |- note: set the initial value via the initializer or explicitly define a CodingKeys enum including a 'schema' case to silence this warning
    |                `- note: make the property mutable instead
128 |     public let requestFingerprint: VivoFingerprint
129 |     public let numericalContract: String
[282/507] Compiling NumiVivoKit VivoMDTrajectoryArchive.swift
/Users/n/numivivo-cross-scale-fix-20260914/Sources/NumiVivoKit/MD/VivoMDBenchmark.swift:123:16: warning: immutable property will not be decoded because it is declared with an initial value which cannot be overwritten
121 |     public let observations: [VivoMDObservables]?
122 |     /// This short trajectory is execution evidence, not an equilibrium gate.
123 |     public let ensembleOutcome: VivoBenchmarkOutcome = .inconclusive
    |                |- warning: immutable property will not be decoded because it is declared with an initial value which cannot be overwritten
    |                |- note: set the initial value via the initializer or explicitly define a CodingKeys enum including a 'ensembleOutcome' case to silence this warning
    |                `- note: make the property mutable instead
124 | }
125 | 

/Users/n/numivivo-cross-scale-fix-20260914/Sources/NumiVivoKit/MD/VivoMDBenchmark.swift:127:16: warning: immutable property will not be decoded because it is declared with an initial value which cannot be overwritten
125 | 
126 | public struct VivoMDBenchmarkReport: Codable, Sendable {
127 |     public let schema: String = "numivivo.org/md-benchmark-report/v1"
    |                |- warning: immutable property will not be decoded because it is declared with an initial value which cannot be overwritten
    |                |- note: set the initial value via the initializer or explicitly define a CodingKeys enum including a 'schema' case to silence this warning
    |                `- note: make the property mutable instead
128 |     public let requestFingerprint: VivoFingerprint
129 |     public let numericalContract: String
[283/507] Compiling NumiVivoKit VivoMDTrajectoryChunkCodec.swift
/Users/n/numivivo-cross-scale-fix-20260914/Sources/NumiVivoKit/MD/VivoMDBenchmark.swift:123:16: warning: immutable property will not be decoded because it is declared with an initial value which cannot be overwritten
121 |     public let observations: [VivoMDObservables]?
122 |     /// This short trajectory is execution evidence, not an equilibrium gate.
123 |     public let ensembleOutcome: VivoBenchmarkOutcome = .inconclusive
    |                |- warning: immutable property will not be decoded because it is declared with an initial value which cannot be overwritten
    |                |- note: set the initial value via the initializer or explicitly define a CodingKeys enum including a 'ensembleOutcome' case to silence this warning
    |                `- note: make the property mutable instead
124 | }
125 | 

/Users/n/numivivo-cross-scale-fix-20260914/Sources/NumiVivoKit/MD/VivoMDBenchmark.swift:127:16: warning: immutable property will not be decoded because it is declared with an initial value which cannot be overwritten
125 | 
126 | public struct VivoMDBenchmarkReport: Codable, Sendable {
127 |     public let schema: String = "numivivo.org/md-benchmark-report/v1"
    |                |- warning: immutable property will not be decoded because it is declared with an initial value which cannot be overwritten
    |                |- note: set the initial value via the initializer or explicitly define a CodingKeys enum including a 'schema' case to silence this warning
    |                `- note: make the property mutable instead
128 |     public let requestFingerprint: VivoFingerprint
129 |     public let numericalContract: String
[284/507] Compiling NumiVivoKit VivoMDTypes.swift
/Users/n/numivivo-cross-scale-fix-20260914/Sources/NumiVivoKit/MD/VivoMDBenchmark.swift:123:16: warning: immutable property will not be decoded because it is declared with an initial value which cannot be overwritten
121 |     public let observations: [VivoMDObservables]?
122 |     /// This short trajectory is execution evidence, not an equilibrium gate.
123 |     public let ensembleOutcome: VivoBenchmarkOutcome = .inconclusive
    |                |- warning: immutable property will not be decoded because it is declared with an initial value which cannot be overwritten
    |                |- note: set the initial value via the initializer or explicitly define a CodingKeys enum including a 'ensembleOutcome' case to silence this warning
    |                `- note: make the property mutable instead
124 | }
125 | 

/Users/n/numivivo-cross-scale-fix-20260914/Sources/NumiVivoKit/MD/VivoMDBenchmark.swift:127:16: warning: immutable property will not be decoded because it is declared with an initial value which cannot be overwritten
125 | 
126 | public struct VivoMDBenchmarkReport: Codable, Sendable {
127 |     public let schema: String = "numivivo.org/md-benchmark-report/v1"
    |                |- warning: immutable property will not be decoded because it is declared with an initial value which cannot be overwritten
    |                |- note: set the initial value via the initializer or explicitly define a CodingKeys enum including a 'schema' case to silence this warning
    |                `- note: make the property mutable instead
128 |     public let requestFingerprint: VivoFingerprint
129 |     public let numericalContract: String
[285/507] Compiling NumiVivoKit VivoOmicsNBQLCohort.swift
[286/507] Compiling NumiVivoKit VivoOmicsNBQLGlobalScale.swift
[287/507] Compiling NumiVivoKit VivoOmicsNBQLInference.swift
[288/507] Compiling NumiVivoKit VivoOmicsNBSupport.swift
[289/507] Compiling NumiVivoKit VivoOmicsNegativeBinomial.swift
[290/507] Compiling NumiVivoKit VivoOmicsPrecisionLowess.swift
[291/507] Compiling NumiVivoKit VivoOmicsQLModeration.swift
[292/507] Compiling NumiVivoKit VivoOmicsQLSpecialFunctions.swift
[293/507] Compiling NumiVivoKit VivoOmicsRobustLowess.swift
[294/507] Compiling NumiVivoKit VivoOmicsSourceDecoder.swift
[295/507] Compiling NumiVivoKit VivoPCAGraphClustering.swift
[296/507] Compiling NumiVivoKit VivoPCAGraphEmbedding.swift
[297/507] Compiling NumiVivoKit VivoPCAGraphStore.swift
[298/507] Compiling NumiVivoKit VivoPCAIntegration.swift
[299/507] Compiling NumiVivoKit VivoPCAMNNIntegration.swift
[300/507] Compiling NumiVivoKit VivoPCANeighborBundle.swift
[301/507] Compiling NumiVivoKit VivoPairedCountMoments.swift
[302/507] Compiling NumiVivoKit VivoPairedMultiomeIO.swift
[303/507] Compiling NumiVivoKit VivoPerturbation.swift
[304/507] Compiling NumiVivoKit VivoPerturbationAggregateBatch.swift
[305/507] Compiling NumiVivoKit VivoPerturbationIO.swift
[306/507] Compiling NumiVivoKit VivoPseudobulkDifferentialExpression.swift
[307/507] Compiling NumiVivoKit VivoReferenceLogistic.swift
[308/507] Compiling NumiVivoKit VivoSingleCellAnalysis.swift
[309/507] Compiling NumiVivoKit VivoSingleCellArtifacts.swift
[310/507] Compiling NumiVivoKit VivoGaussianAssay.swift
/Users/n/numivivo-cross-scale-fix-20260914/Sources/NumiVivoKit/Calibration/VivoMetalTargetLikelihoodScreen.swift:138:52: warning: 'fastMathEnabled' was deprecated in macOS 15.0: Use mathMode instead [#DeprecatedDeclaration]
136 |             if name == "NumiVivoTargetLikelihood" { scoringSource = text }
137 |         }
138 |         let options = MTLCompileOptions(); options.fastMathEnabled = false
    |                                                    `- warning: 'fastMathEnabled' was deprecated in macOS 15.0: Use mathMode instead [#DeprecatedDeclaration]
139 |         let library = try await device.makeLibrary(source: scoringSource, options: options)
140 |         guard let expose = library.makeFunction(name: "nvivo_target_likelihood_expose"),

/Users/n/numivivo-cross-scale-fix-20260914/Sources/NumiVivoKit/Calibration/VivoMetalTargetLikelihoodScreen.swift:342:26: warning: forming 'UnsafeRawPointer' to a variable of type 'T'; this is likely incorrect because 'T' may contain an object reference.
340 |         encoder.setComputePipelineState(pipeline)
341 |         for (index, buffer) in buffers.enumerated() { encoder.setBuffer(buffer, offset: 0, index: index) }
342 |         encoder.setBytes(&uniform, length: MemoryLayout<T>.stride, index: buffers.count)
    |                          `- warning: forming 'UnsafeRawPointer' to a variable of type 'T'; this is likely incorrect because 'T' may contain an object reference.
343 |         encoder.dispatchThreads(.init(width: count, height: 1, depth: 1),
344 |             threadsPerThreadgroup: .init(width: max(1, min(pipeline.threadExecutionWidth * 4, pipeline.maxTotalThreadsPerThreadgroup)), height: 1, depth: 1))

[#DeprecatedDeclaration]: <https://docs.swift.org/compiler/documentation/diagnostics/deprecated-declaration>
[311/507] Compiling NumiVivoKit VivoLikelihood.swift
/Users/n/numivivo-cross-scale-fix-20260914/Sources/NumiVivoKit/Calibration/VivoMetalTargetLikelihoodScreen.swift:138:52: warning: 'fastMathEnabled' was deprecated in macOS 15.0: Use mathMode instead [#DeprecatedDeclaration]
136 |             if name == "NumiVivoTargetLikelihood" { scoringSource = text }
137 |         }
138 |         let options = MTLCompileOptions(); options.fastMathEnabled = false
    |                                                    `- warning: 'fastMathEnabled' was deprecated in macOS 15.0: Use mathMode instead [#DeprecatedDeclaration]
139 |         let library = try await device.makeLibrary(source: scoringSource, options: options)
140 |         guard let expose = library.makeFunction(name: "nvivo_target_likelihood_expose"),

/Users/n/numivivo-cross-scale-fix-20260914/Sources/NumiVivoKit/Calibration/VivoMetalTargetLikelihoodScreen.swift:342:26: warning: forming 'UnsafeRawPointer' to a variable of type 'T'; this is likely incorrect because 'T' may contain an object reference.
340 |         encoder.setComputePipelineState(pipeline)
341 |         for (index, buffer) in buffers.enumerated() { encoder.setBuffer(buffer, offset: 0, index: index) }
342 |         encoder.setBytes(&uniform, length: MemoryLayout<T>.stride, index: buffers.count)
    |                          `- warning: forming 'UnsafeRawPointer' to a variable of type 'T'; this is likely incorrect because 'T' may contain an object reference.
343 |         encoder.dispatchThreads(.init(width: count, height: 1, depth: 1),
344 |             threadsPerThreadgroup: .init(width: max(1, min(pipeline.threadExecutionWidth * 4, pipeline.maxTotalThreadsPerThreadgroup)), height: 1, depth: 1))

[#DeprecatedDeclaration]: <https://docs.swift.org/compiler/documentation/diagnostics/deprecated-declaration>
[312/507] Compiling NumiVivoKit VivoMetalTargetLikelihoodScreen.swift
/Users/n/numivivo-cross-scale-fix-20260914/Sources/NumiVivoKit/Calibration/VivoMetalTargetLikelihoodScreen.swift:138:52: warning: 'fastMathEnabled' was deprecated in macOS 15.0: Use mathMode instead [#DeprecatedDeclaration]
136 |             if name == "NumiVivoTargetLikelihood" { scoringSource = text }
137 |         }
138 |         let options = MTLCompileOptions(); options.fastMathEnabled = false
    |                                                    `- warning: 'fastMathEnabled' was deprecated in macOS 15.0: Use mathMode instead [#DeprecatedDeclaration]
139 |         let library = try await device.makeLibrary(source: scoringSource, options: options)
140 |         guard let expose = library.makeFunction(name: "nvivo_target_likelihood_expose"),

/Users/n/numivivo-cross-scale-fix-20260914/Sources/NumiVivoKit/Calibration/VivoMetalTargetLikelihoodScreen.swift:342:26: warning: forming 'UnsafeRawPointer' to a variable of type 'T'; this is likely incorrect because 'T' may contain an object reference.
340 |         encoder.setComputePipelineState(pipeline)
341 |         for (index, buffer) in buffers.enumerated() { encoder.setBuffer(buffer, offset: 0, index: index) }
342 |         encoder.setBytes(&uniform, length: MemoryLayout<T>.stride, index: buffers.count)
    |                          `- warning: forming 'UnsafeRawPointer' to a variable of type 'T'; this is likely incorrect because 'T' may contain an object reference.
343 |         encoder.dispatchThreads(.init(width: count, height: 1, depth: 1),
344 |             threadsPerThreadgroup: .init(width: max(1, min(pipeline.threadExecutionWidth * 4, pipeline.maxTotalThreadsPerThreadgroup)), height: 1, depth: 1))

[#DeprecatedDeclaration]: <https://docs.swift.org/compiler/documentation/diagnostics/deprecated-declaration>
[313/507] Compiling NumiVivoKit VivoMetalTargetScreenChecks.swift
/Users/n/numivivo-cross-scale-fix-20260914/Sources/NumiVivoKit/Calibration/VivoMetalTargetLikelihoodScreen.swift:138:52: warning: 'fastMathEnabled' was deprecated in macOS 15.0: Use mathMode instead [#DeprecatedDeclaration]
136 |             if name == "NumiVivoTargetLikelihood" { scoringSource = text }
137 |         }
138 |         let options = MTLCompileOptions(); options.fastMathEnabled = false
    |                                                    `- warning: 'fastMathEnabled' was deprecated in macOS 15.0: Use mathMode instead [#DeprecatedDeclaration]
139 |         let library = try await device.makeLibrary(source: scoringSource, options: options)
140 |         guard let expose = library.makeFunction(name: "nvivo_target_likelihood_expose"),

/Users/n/numivivo-cross-scale-fix-20260914/Sources/NumiVivoKit/Calibration/VivoMetalTargetLikelihoodScreen.swift:342:26: warning: forming 'UnsafeRawPointer' to a variable of type 'T'; this is likely incorrect because 'T' may contain an object reference.
340 |         encoder.setComputePipelineState(pipeline)
341 |         for (index, buffer) in buffers.enumerated() { encoder.setBuffer(buffer, offset: 0, index: index) }
342 |         encoder.setBytes(&uniform, length: MemoryLayout<T>.stride, index: buffers.count)
    |                          `- warning: forming 'UnsafeRawPointer' to a variable of type 'T'; this is likely incorrect because 'T' may contain an object reference.
343 |         encoder.dispatchThreads(.init(width: count, height: 1, depth: 1),
344 |             threadsPerThreadgroup: .init(width: max(1, min(pipeline.threadExecutionWidth * 4, pipeline.maxTotalThreadsPerThreadgroup)), height: 1, depth: 1))

[#DeprecatedDeclaration]: <https://docs.swift.org/compiler/documentation/diagnostics/deprecated-declaration>
[314/507] Compiling NumiVivoKit VivoMetalTargetScreenPlan.swift
/Users/n/numivivo-cross-scale-fix-20260914/Sources/NumiVivoKit/Calibration/VivoMetalTargetLikelihoodScreen.swift:138:52: warning: 'fastMathEnabled' was deprecated in macOS 15.0: Use mathMode instead [#DeprecatedDeclaration]
136 |             if name == "NumiVivoTargetLikelihood" { scoringSource = text }
137 |         }
138 |         let options = MTLCompileOptions(); options.fastMathEnabled = false
    |                                                    `- warning: 'fastMathEnabled' was deprecated in macOS 15.0: Use mathMode instead [#DeprecatedDeclaration]
139 |         let library = try await device.makeLibrary(source: scoringSource, options: options)
140 |         guard let expose = library.makeFunction(name: "nvivo_target_likelihood_expose"),

/Users/n/numivivo-cross-scale-fix-20260914/Sources/NumiVivoKit/Calibration/VivoMetalTargetLikelihoodScreen.swift:342:26: warning: forming 'UnsafeRawPointer' to a variable of type 'T'; this is likely incorrect because 'T' may contain an object reference.
340 |         encoder.setComputePipelineState(pipeline)
341 |         for (index, buffer) in buffers.enumerated() { encoder.setBuffer(buffer, offset: 0, index: index) }
342 |         encoder.setBytes(&uniform, length: MemoryLayout<T>.stride, index: buffers.count)
    |                          `- warning: forming 'UnsafeRawPointer' to a variable of type 'T'; this is likely incorrect because 'T' may contain an object reference.
343 |         encoder.dispatchThreads(.init(width: count, height: 1, depth: 1),
344 |             threadsPerThreadgroup: .init(width: max(1, min(pipeline.threadExecutionWidth * 4, pipeline.maxTotalThreadsPerThreadgroup)), height: 1, depth: 1))

[#DeprecatedDeclaration]: <https://docs.swift.org/compiler/documentation/diagnostics/deprecated-declaration>
[315/507] Compiling NumiVivoKit VivoPosteriorModel.swift
/Users/n/numivivo-cross-scale-fix-20260914/Sources/NumiVivoKit/Calibration/VivoMetalTargetLikelihoodScreen.swift:138:52: warning: 'fastMathEnabled' was deprecated in macOS 15.0: Use mathMode instead [#DeprecatedDeclaration]
136 |             if name == "NumiVivoTargetLikelihood" { scoringSource = text }
137 |         }
138 |         let options = MTLCompileOptions(); options.fastMathEnabled = false
    |                                                    `- warning: 'fastMathEnabled' was deprecated in macOS 15.0: Use mathMode instead [#DeprecatedDeclaration]
139 |         let library = try await device.makeLibrary(source: scoringSource, options: options)
140 |         guard let expose = library.makeFunction(name: "nvivo_target_likelihood_expose"),

/Users/n/numivivo-cross-scale-fix-20260914/Sources/NumiVivoKit/Calibration/VivoMetalTargetLikelihoodScreen.swift:342:26: warning: forming 'UnsafeRawPointer' to a variable of type 'T'; this is likely incorrect because 'T' may contain an object reference.
340 |         encoder.setComputePipelineState(pipeline)
341 |         for (index, buffer) in buffers.enumerated() { encoder.setBuffer(buffer, offset: 0, index: index) }
342 |         encoder.setBytes(&uniform, length: MemoryLayout<T>.stride, index: buffers.count)
    |                          `- warning: forming 'UnsafeRawPointer' to a variable of type 'T'; this is likely incorrect because 'T' may contain an object reference.
343 |         encoder.dispatchThreads(.init(width: count, height: 1, depth: 1),
344 |             threadsPerThreadgroup: .init(width: max(1, min(pipeline.threadExecutionWidth * 4, pipeline.maxTotalThreadsPerThreadgroup)), height: 1, depth: 1))

[#DeprecatedDeclaration]: <https://docs.swift.org/compiler/documentation/diagnostics/deprecated-declaration>
[316/507] Compiling NumiVivoKit VivoPosteriorNumerics.swift
/Users/n/numivivo-cross-scale-fix-20260914/Sources/NumiVivoKit/Calibration/VivoMetalTargetLikelihoodScreen.swift:138:52: warning: 'fastMathEnabled' was deprecated in macOS 15.0: Use mathMode instead [#DeprecatedDeclaration]
136 |             if name == "NumiVivoTargetLikelihood" { scoringSource = text }
137 |         }
138 |         let options = MTLCompileOptions(); options.fastMathEnabled = false
    |                                                    `- warning: 'fastMathEnabled' was deprecated in macOS 15.0: Use mathMode instead [#DeprecatedDeclaration]
139 |         let library = try await device.makeLibrary(source: scoringSource, options: options)
140 |         guard let expose = library.makeFunction(name: "nvivo_target_likelihood_expose"),

/Users/n/numivivo-cross-scale-fix-20260914/Sources/NumiVivoKit/Calibration/VivoMetalTargetLikelihoodScreen.swift:342:26: warning: forming 'UnsafeRawPointer' to a variable of type 'T'; this is likely incorrect because 'T' may contain an object reference.
340 |         encoder.setComputePipelineState(pipeline)
341 |         for (index, buffer) in buffers.enumerated() { encoder.setBuffer(buffer, offset: 0, index: index) }
342 |         encoder.setBytes(&uniform, length: MemoryLayout<T>.stride, index: buffers.count)
    |                          `- warning: forming 'UnsafeRawPointer' to a variable of type 'T'; this is likely incorrect because 'T' may contain an object reference.
343 |         encoder.dispatchThreads(.init(width: count, height: 1, depth: 1),
344 |             threadsPerThreadgroup: .init(width: max(1, min(pipeline.threadExecutionWidth * 4, pipeline.maxTotalThreadsPerThreadgroup)), height: 1, depth: 1))

[#DeprecatedDeclaration]: <https://docs.swift.org/compiler/documentation/diagnostics/deprecated-declaration>
[317/507] Compiling NumiVivoKit VivoTargetAssayModel.swift
/Users/n/numivivo-cross-scale-fix-20260914/Sources/NumiVivoKit/Calibration/VivoMetalTargetLikelihoodScreen.swift:138:52: warning: 'fastMathEnabled' was deprecated in macOS 15.0: Use mathMode instead [#DeprecatedDeclaration]
136 |             if name == "NumiVivoTargetLikelihood" { scoringSource = text }
137 |         }
138 |         let options = MTLCompileOptions(); options.fastMathEnabled = false
    |                                                    `- warning: 'fastMathEnabled' was deprecated in macOS 15.0: Use mathMode instead [#DeprecatedDeclaration]
139 |         let library = try await device.makeLibrary(source: scoringSource, options: options)
140 |         guard let expose = library.makeFunction(name: "nvivo_target_likelihood_expose"),

/Users/n/numivivo-cross-scale-fix-20260914/Sources/NumiVivoKit/Calibration/VivoMetalTargetLikelihoodScreen.swift:342:26: warning: forming 'UnsafeRawPointer' to a variable of type 'T'; this is likely incorrect because 'T' may contain an object reference.
340 |         encoder.setComputePipelineState(pipeline)
341 |         for (index, buffer) in buffers.enumerated() { encoder.setBuffer(buffer, offset: 0, index: index) }
342 |         encoder.setBytes(&uniform, length: MemoryLayout<T>.stride, index: buffers.count)
    |                          `- warning: forming 'UnsafeRawPointer' to a variable of type 'T'; this is likely incorrect because 'T' may contain an object reference.
343 |         encoder.dispatchThreads(.init(width: count, height: 1, depth: 1),
344 |             threadsPerThreadgroup: .init(width: max(1, min(pipeline.threadExecutionWidth * 4, pipeline.maxTotalThreadsPerThreadgroup)), height: 1, depth: 1))

[#DeprecatedDeclaration]: <https://docs.swift.org/compiler/documentation/diagnostics/deprecated-declaration>
[318/507] Compiling NumiVivoKit VivoTargetEngagementStudy.swift
/Users/n/numivivo-cross-scale-fix-20260914/Sources/NumiVivoKit/Calibration/VivoMetalTargetLikelihoodScreen.swift:138:52: warning: 'fastMathEnabled' was deprecated in macOS 15.0: Use mathMode instead [#DeprecatedDeclaration]
136 |             if name == "NumiVivoTargetLikelihood" { scoringSource = text }
137 |         }
138 |         let options = MTLCompileOptions(); options.fastMathEnabled = false
    |                                                    `- warning: 'fastMathEnabled' was deprecated in macOS 15.0: Use mathMode instead [#DeprecatedDeclaration]
139 |         let library = try await device.makeLibrary(source: scoringSource, options: options)
140 |         guard let expose = library.makeFunction(name: "nvivo_target_likelihood_expose"),

/Users/n/numivivo-cross-scale-fix-20260914/Sources/NumiVivoKit/Calibration/VivoMetalTargetLikelihoodScreen.swift:342:26: warning: forming 'UnsafeRawPointer' to a variable of type 'T'; this is likely incorrect because 'T' may contain an object reference.
340 |         encoder.setComputePipelineState(pipeline)
341 |         for (index, buffer) in buffers.enumerated() { encoder.setBuffer(buffer, offset: 0, index: index) }
342 |         encoder.setBytes(&uniform, length: MemoryLayout<T>.stride, index: buffers.count)
    |                          `- warning: forming 'UnsafeRawPointer' to a variable of type 'T'; this is likely incorrect because 'T' may contain an object reference.
343 |         encoder.dispatchThreads(.init(width: count, height: 1, depth: 1),
344 |             threadsPerThreadgroup: .init(width: max(1, min(pipeline.threadExecutionWidth * 4, pipeline.maxTotalThreadsPerThreadgroup)), height: 1, depth: 1))

[#DeprecatedDeclaration]: <https://docs.swift.org/compiler/documentation/diagnostics/deprecated-declaration>
[319/507] Compiling NumiVivoKit VivoTargetExperimentDesign.swift
/Users/n/numivivo-cross-scale-fix-20260914/Sources/NumiVivoKit/Calibration/VivoMetalTargetLikelihoodScreen.swift:138:52: warning: 'fastMathEnabled' was deprecated in macOS 15.0: Use mathMode instead [#DeprecatedDeclaration]
136 |             if name == "NumiVivoTargetLikelihood" { scoringSource = text }
137 |         }
138 |         let options = MTLCompileOptions(); options.fastMathEnabled = false
    |                                                    `- warning: 'fastMathEnabled' was deprecated in macOS 15.0: Use mathMode instead [#DeprecatedDeclaration]
139 |         let library = try await device.makeLibrary(source: scoringSource, options: options)
140 |         guard let expose = library.makeFunction(name: "nvivo_target_likelihood_expose"),

/Users/n/numivivo-cross-scale-fix-20260914/Sources/NumiVivoKit/Calibration/VivoMetalTargetLikelihoodScreen.swift:342:26: warning: forming 'UnsafeRawPointer' to a variable of type 'T'; this is likely incorrect because 'T' may contain an object reference.
340 |         encoder.setComputePipelineState(pipeline)
341 |         for (index, buffer) in buffers.enumerated() { encoder.setBuffer(buffer, offset: 0, index: index) }
342 |         encoder.setBytes(&uniform, length: MemoryLayout<T>.stride, index: buffers.count)
    |                          `- warning: forming 'UnsafeRawPointer' to a variable of type 'T'; this is likely incorrect because 'T' may contain an object reference.
343 |         encoder.dispatchThreads(.init(width: count, height: 1, depth: 1),
344 |             threadsPerThreadgroup: .init(width: max(1, min(pipeline.threadExecutionWidth * 4, pipeline.maxTotalThreadsPerThreadgroup)), height: 1, depth: 1))

[#DeprecatedDeclaration]: <https://docs.swift.org/compiler/documentation/diagnostics/deprecated-declaration>
[320/507] Compiling NumiVivoKit VivoTargetPosteriorPrediction.swift
/Users/n/numivivo-cross-scale-fix-20260914/Sources/NumiVivoKit/Calibration/VivoMetalTargetLikelihoodScreen.swift:138:52: warning: 'fastMathEnabled' was deprecated in macOS 15.0: Use mathMode instead [#DeprecatedDeclaration]
136 |             if name == "NumiVivoTargetLikelihood" { scoringSource = text }
137 |         }
138 |         let options = MTLCompileOptions(); options.fastMathEnabled = false
    |                                                    `- warning: 'fastMathEnabled' was deprecated in macOS 15.0: Use mathMode instead [#DeprecatedDeclaration]
139 |         let library = try await device.makeLibrary(source: scoringSource, options: options)
140 |         guard let expose = library.makeFunction(name: "nvivo_target_likelihood_expose"),

/Users/n/numivivo-cross-scale-fix-20260914/Sources/NumiVivoKit/Calibration/VivoMetalTargetLikelihoodScreen.swift:342:26: warning: forming 'UnsafeRawPointer' to a variable of type 'T'; this is likely incorrect because 'T' may contain an object reference.
340 |         encoder.setComputePipelineState(pipeline)
341 |         for (index, buffer) in buffers.enumerated() { encoder.setBuffer(buffer, offset: 0, index: index) }
342 |         encoder.setBytes(&uniform, length: MemoryLayout<T>.stride, index: buffers.count)
    |                          `- warning: forming 'UnsafeRawPointer' to a variable of type 'T'; this is likely incorrect because 'T' may contain an object reference.
343 |         encoder.dispatchThreads(.init(width: count, height: 1, depth: 1),
344 |             threadsPerThreadgroup: .init(width: max(1, min(pipeline.threadExecutionWidth * 4, pipeline.maxTotalThreadsPerThreadgroup)), height: 1, depth: 1))

[#DeprecatedDeclaration]: <https://docs.swift.org/compiler/documentation/diagnostics/deprecated-declaration>
[321/507] Compiling NumiVivoKit VivoTargetPosteriorProblem.swift
/Users/n/numivivo-cross-scale-fix-20260914/Sources/NumiVivoKit/Calibration/VivoMetalTargetLikelihoodScreen.swift:138:52: warning: 'fastMathEnabled' was deprecated in macOS 15.0: Use mathMode instead [#DeprecatedDeclaration]
136 |             if name == "NumiVivoTargetLikelihood" { scoringSource = text }
137 |         }
138 |         let options = MTLCompileOptions(); options.fastMathEnabled = false
    |                                                    `- warning: 'fastMathEnabled' was deprecated in macOS 15.0: Use mathMode instead [#DeprecatedDeclaration]
139 |         let library = try await device.makeLibrary(source: scoringSource, options: options)
140 |         guard let expose = library.makeFunction(name: "nvivo_target_likelihood_expose"),

/Users/n/numivivo-cross-scale-fix-20260914/Sources/NumiVivoKit/Calibration/VivoMetalTargetLikelihoodScreen.swift:342:26: warning: forming 'UnsafeRawPointer' to a variable of type 'T'; this is likely incorrect because 'T' may contain an object reference.
340 |         encoder.setComputePipelineState(pipeline)
341 |         for (index, buffer) in buffers.enumerated() { encoder.setBuffer(buffer, offset: 0, index: index) }
342 |         encoder.setBytes(&uniform, length: MemoryLayout<T>.stride, index: buffers.count)
    |                          `- warning: forming 'UnsafeRawPointer' to a variable of type 'T'; this is likely incorrect because 'T' may contain an object reference.
343 |         encoder.dispatchThreads(.init(width: count, height: 1, depth: 1),
344 |             threadsPerThreadgroup: .init(width: max(1, min(pipeline.threadExecutionWidth * 4, pipeline.maxTotalThreadsPerThreadgroup)), height: 1, depth: 1))

[#DeprecatedDeclaration]: <https://docs.swift.org/compiler/documentation/diagnostics/deprecated-declaration>
[322/507] Compiling NumiVivoKit VivoTargetPosteriorSensitivity.swift
/Users/n/numivivo-cross-scale-fix-20260914/Sources/NumiVivoKit/Calibration/VivoMetalTargetLikelihoodScreen.swift:138:52: warning: 'fastMathEnabled' was deprecated in macOS 15.0: Use mathMode instead [#DeprecatedDeclaration]
136 |             if name == "NumiVivoTargetLikelihood" { scoringSource = text }
137 |         }
138 |         let options = MTLCompileOptions(); options.fastMathEnabled = false
    |                                                    `- warning: 'fastMathEnabled' was deprecated in macOS 15.0: Use mathMode instead [#DeprecatedDeclaration]
139 |         let library = try await device.makeLibrary(source: scoringSource, options: options)
140 |         guard let expose = library.makeFunction(name: "nvivo_target_likelihood_expose"),

/Users/n/numivivo-cross-scale-fix-20260914/Sources/NumiVivoKit/Calibration/VivoMetalTargetLikelihoodScreen.swift:342:26: warning: forming 'UnsafeRawPointer' to a variable of type 'T'; this is likely incorrect because 'T' may contain an object reference.
340 |         encoder.setComputePipelineState(pipeline)
341 |         for (index, buffer) in buffers.enumerated() { encoder.setBuffer(buffer, offset: 0, index: index) }
342 |         encoder.setBytes(&uniform, length: MemoryLayout<T>.stride, index: buffers.count)
    |                          `- warning: forming 'UnsafeRawPointer' to a variable of type 'T'; this is likely incorrect because 'T' may contain an object reference.
343 |         encoder.dispatchThreads(.init(width: count, height: 1, depth: 1),
344 |             threadsPerThreadgroup: .init(width: max(1, min(pipeline.threadExecutionWidth * 4, pipeline.maxTotalThreadsPerThreadgroup)), height: 1, depth: 1))

[#DeprecatedDeclaration]: <https://docs.swift.org/compiler/documentation/diagnostics/deprecated-declaration>
[323/507] Compiling NumiVivoKit VivoTemperedPosteriorSampler.swift
/Users/n/numivivo-cross-scale-fix-20260914/Sources/NumiVivoKit/Calibration/VivoMetalTargetLikelihoodScreen.swift:138:52: warning: 'fastMathEnabled' was deprecated in macOS 15.0: Use mathMode instead [#DeprecatedDeclaration]
136 |             if name == "NumiVivoTargetLikelihood" { scoringSource = text }
137 |         }
138 |         let options = MTLCompileOptions(); options.fastMathEnabled = false
    |                                                    `- warning: 'fastMathEnabled' was deprecated in macOS 15.0: Use mathMode instead [#DeprecatedDeclaration]
139 |         let library = try await device.makeLibrary(source: scoringSource, options: options)
140 |         guard let expose = library.makeFunction(name: "nvivo_target_likelihood_expose"),

/Users/n/numivivo-cross-scale-fix-20260914/Sources/NumiVivoKit/Calibration/VivoMetalTargetLikelihoodScreen.swift:342:26: warning: forming 'UnsafeRawPointer' to a variable of type 'T'; this is likely incorrect because 'T' may contain an object reference.
340 |         encoder.setComputePipelineState(pipeline)
341 |         for (index, buffer) in buffers.enumerated() { encoder.setBuffer(buffer, offset: 0, index: index) }
342 |         encoder.setBytes(&uniform, length: MemoryLayout<T>.stride, index: buffers.count)
    |                          `- warning: forming 'UnsafeRawPointer' to a variable of type 'T'; this is likely incorrect because 'T' may contain an object reference.
343 |         encoder.dispatchThreads(.init(width: count, height: 1, depth: 1),
344 |             threadsPerThreadgroup: .init(width: max(1, min(pipeline.threadExecutionWidth * 4, pipeline.maxTotalThreadsPerThreadgroup)), height: 1, depth: 1))

[#DeprecatedDeclaration]: <https://docs.swift.org/compiler/documentation/diagnostics/deprecated-declaration>
[324/507] Compiling NumiVivoKit VivoCampaignBatchPlanner.swift
/Users/n/numivivo-cross-scale-fix-20260914/Sources/NumiVivoKit/Calibration/VivoMetalTargetLikelihoodScreen.swift:138:52: warning: 'fastMathEnabled' was deprecated in macOS 15.0: Use mathMode instead [#DeprecatedDeclaration]
136 |             if name == "NumiVivoTargetLikelihood" { scoringSource = text }
137 |         }
138 |         let options = MTLCompileOptions(); options.fastMathEnabled = false
    |                                                    `- warning: 'fastMathEnabled' was deprecated in macOS 15.0: Use mathMode instead [#DeprecatedDeclaration]
139 |         let library = try await device.makeLibrary(source: scoringSource, options: options)
140 |         guard let expose = library.makeFunction(name: "nvivo_target_likelihood_expose"),

/Users/n/numivivo-cross-scale-fix-20260914/Sources/NumiVivoKit/Calibration/VivoMetalTargetLikelihoodScreen.swift:342:26: warning: forming 'UnsafeRawPointer' to a variable of type 'T'; this is likely incorrect because 'T' may contain an object reference.
340 |         encoder.setComputePipelineState(pipeline)
341 |         for (index, buffer) in buffers.enumerated() { encoder.setBuffer(buffer, offset: 0, index: index) }
342 |         encoder.setBytes(&uniform, length: MemoryLayout<T>.stride, index: buffers.count)
    |                          `- warning: forming 'UnsafeRawPointer' to a variable of type 'T'; this is likely incorrect because 'T' may contain an object reference.
343 |         encoder.dispatchThreads(.init(width: count, height: 1, depth: 1),
344 |             threadsPerThreadgroup: .init(width: max(1, min(pipeline.threadExecutionWidth * 4, pipeline.maxTotalThreadsPerThreadgroup)), height: 1, depth: 1))

[#DeprecatedDeclaration]: <https://docs.swift.org/compiler/documentation/diagnostics/deprecated-declaration>
[325/507] Compiling NumiVivoKit VivoCampaignCollectionOperators.swift
/Users/n/numivivo-cross-scale-fix-20260914/Sources/NumiVivoKit/Calibration/VivoMetalTargetLikelihoodScreen.swift:138:52: warning: 'fastMathEnabled' was deprecated in macOS 15.0: Use mathMode instead [#DeprecatedDeclaration]
136 |             if name == "NumiVivoTargetLikelihood" { scoringSource = text }
137 |         }
138 |         let options = MTLCompileOptions(); options.fastMathEnabled = false
    |                                                    `- warning: 'fastMathEnabled' was deprecated in macOS 15.0: Use mathMode instead [#DeprecatedDeclaration]
139 |         let library = try await device.makeLibrary(source: scoringSource, options: options)
140 |         guard let expose = library.makeFunction(name: "nvivo_target_likelihood_expose"),

/Users/n/numivivo-cross-scale-fix-20260914/Sources/NumiVivoKit/Calibration/VivoMetalTargetLikelihoodScreen.swift:342:26: warning: forming 'UnsafeRawPointer' to a variable of type 'T'; this is likely incorrect because 'T' may contain an object reference.
340 |         encoder.setComputePipelineState(pipeline)
341 |         for (index, buffer) in buffers.enumerated() { encoder.setBuffer(buffer, offset: 0, index: index) }
342 |         encoder.setBytes(&uniform, length: MemoryLayout<T>.stride, index: buffers.count)
    |                          `- warning: forming 'UnsafeRawPointer' to a variable of type 'T'; this is likely incorrect because 'T' may contain an object reference.
343 |         encoder.dispatchThreads(.init(width: count, height: 1, depth: 1),
344 |             threadsPerThreadgroup: .init(width: max(1, min(pipeline.threadExecutionWidth * 4, pipeline.maxTotalThreadsPerThreadgroup)), height: 1, depth: 1))

[#DeprecatedDeclaration]: <https://docs.swift.org/compiler/documentation/diagnostics/deprecated-declaration>
[326/507] Compiling NumiVivoKit VivoCampaignManifest.swift
/Users/n/numivivo-cross-scale-fix-20260914/Sources/NumiVivoKit/Calibration/VivoMetalTargetLikelihoodScreen.swift:138:52: warning: 'fastMathEnabled' was deprecated in macOS 15.0: Use mathMode instead [#DeprecatedDeclaration]
136 |             if name == "NumiVivoTargetLikelihood" { scoringSource = text }
137 |         }
138 |         let options = MTLCompileOptions(); options.fastMathEnabled = false
    |                                                    `- warning: 'fastMathEnabled' was deprecated in macOS 15.0: Use mathMode instead [#DeprecatedDeclaration]
139 |         let library = try await device.makeLibrary(source: scoringSource, options: options)
140 |         guard let expose = library.makeFunction(name: "nvivo_target_likelihood_expose"),

/Users/n/numivivo-cross-scale-fix-20260914/Sources/NumiVivoKit/Calibration/VivoMetalTargetLikelihoodScreen.swift:342:26: warning: forming 'UnsafeRawPointer' to a variable of type 'T'; this is likely incorrect because 'T' may contain an object reference.
340 |         encoder.setComputePipelineState(pipeline)
341 |         for (index, buffer) in buffers.enumerated() { encoder.setBuffer(buffer, offset: 0, index: index) }
342 |         encoder.setBytes(&uniform, length: MemoryLayout<T>.stride, index: buffers.count)
    |                          `- warning: forming 'UnsafeRawPointer' to a variable of type 'T'; this is likely incorrect because 'T' may contain an object reference.
343 |         encoder.dispatchThreads(.init(width: count, height: 1, depth: 1),
344 |             threadsPerThreadgroup: .init(width: max(1, min(pipeline.threadExecutionWidth * 4, pipeline.maxTotalThreadsPerThreadgroup)), height: 1, depth: 1))

[#DeprecatedDeclaration]: <https://docs.swift.org/compiler/documentation/diagnostics/deprecated-declaration>
[327/507] Compiling NumiVivoKit VivoCampaignResumeState.swift
/Users/n/numivivo-cross-scale-fix-20260914/Sources/NumiVivoKit/Calibration/VivoMetalTargetLikelihoodScreen.swift:138:52: warning: 'fastMathEnabled' was deprecated in macOS 15.0: Use mathMode instead [#DeprecatedDeclaration]
136 |             if name == "NumiVivoTargetLikelihood" { scoringSource = text }
137 |         }
138 |         let options = MTLCompileOptions(); options.fastMathEnabled = false
    |                                                    `- warning: 'fastMathEnabled' was deprecated in macOS 15.0: Use mathMode instead [#DeprecatedDeclaration]
139 |         let library = try await device.makeLibrary(source: scoringSource, options: options)
140 |         guard let expose = library.makeFunction(name: "nvivo_target_likelihood_expose"),

/Users/n/numivivo-cross-scale-fix-20260914/Sources/NumiVivoKit/Calibration/VivoMetalTargetLikelihoodScreen.swift:342:26: warning: forming 'UnsafeRawPointer' to a variable of type 'T'; this is likely incorrect because 'T' may contain an object reference.
340 |         encoder.setComputePipelineState(pipeline)
341 |         for (index, buffer) in buffers.enumerated() { encoder.setBuffer(buffer, offset: 0, index: index) }
342 |         encoder.setBytes(&uniform, length: MemoryLayout<T>.stride, index: buffers.count)
    |                          `- warning: forming 'UnsafeRawPointer' to a variable of type 'T'; this is likely incorrect because 'T' may contain an object reference.
343 |         encoder.dispatchThreads(.init(width: count, height: 1, depth: 1),
344 |             threadsPerThreadgroup: .init(width: max(1, min(pipeline.threadExecutionWidth * 4, pipeline.maxTotalThreadsPerThreadgroup)), height: 1, depth: 1))

[#DeprecatedDeclaration]: <https://docs.swift.org/compiler/documentation/diagnostics/deprecated-declaration>
[328/507] Compiling NumiVivoKit VivoChemicalStateAlchemicalFreeEnergy.swift
/Users/n/numivivo-cross-scale-fix-20260914/Sources/NumiVivoKit/Calibration/VivoMetalTargetLikelihoodScreen.swift:138:52: warning: 'fastMathEnabled' was deprecated in macOS 15.0: Use mathMode instead [#DeprecatedDeclaration]
136 |             if name == "NumiVivoTargetLikelihood" { scoringSource = text }
137 |         }
138 |         let options = MTLCompileOptions(); options.fastMathEnabled = false
    |                                                    `- warning: 'fastMathEnabled' was deprecated in macOS 15.0: Use mathMode instead [#DeprecatedDeclaration]
139 |         let library = try await device.makeLibrary(source: scoringSource, options: options)
140 |         guard let expose = library.makeFunction(name: "nvivo_target_likelihood_expose"),

/Users/n/numivivo-cross-scale-fix-20260914/Sources/NumiVivoKit/Calibration/VivoMetalTargetLikelihoodScreen.swift:342:26: warning: forming 'UnsafeRawPointer' to a variable of type 'T'; this is likely incorrect because 'T' may contain an object reference.
340 |         encoder.setComputePipelineState(pipeline)
341 |         for (index, buffer) in buffers.enumerated() { encoder.setBuffer(buffer, offset: 0, index: index) }
342 |         encoder.setBytes(&uniform, length: MemoryLayout<T>.stride, index: buffers.count)
    |                          `- warning: forming 'UnsafeRawPointer' to a variable of type 'T'; this is likely incorrect because 'T' may contain an object reference.
343 |         encoder.dispatchThreads(.init(width: count, height: 1, depth: 1),
344 |             threadsPerThreadgroup: .init(width: max(1, min(pipeline.threadExecutionWidth * 4, pipeline.maxTotalThreadsPerThreadgroup)), height: 1, depth: 1))

[#DeprecatedDeclaration]: <https://docs.swift.org/compiler/documentation/diagnostics/deprecated-declaration>
[329/507] Compiling NumiVivoKit VivoChemicalStateCatalog.swift
/Users/n/numivivo-cross-scale-fix-20260914/Sources/NumiVivoKit/Calibration/VivoMetalTargetLikelihoodScreen.swift:138:52: warning: 'fastMathEnabled' was deprecated in macOS 15.0: Use mathMode instead [#DeprecatedDeclaration]
136 |             if name == "NumiVivoTargetLikelihood" { scoringSource = text }
137 |         }
138 |         let options = MTLCompileOptions(); options.fastMathEnabled = false
    |                                                    `- warning: 'fastMathEnabled' was deprecated in macOS 15.0: Use mathMode instead [#DeprecatedDeclaration]
139 |         let library = try await device.makeLibrary(source: scoringSource, options: options)
140 |         guard let expose = library.makeFunction(name: "nvivo_target_likelihood_expose"),

/Users/n/numivivo-cross-scale-fix-20260914/Sources/NumiVivoKit/Calibration/VivoMetalTargetLikelihoodScreen.swift:342:26: warning: forming 'UnsafeRawPointer' to a variable of type 'T'; this is likely incorrect because 'T' may contain an object reference.
340 |         encoder.setComputePipelineState(pipeline)
341 |         for (index, buffer) in buffers.enumerated() { encoder.setBuffer(buffer, offset: 0, index: index) }
342 |         encoder.setBytes(&uniform, length: MemoryLayout<T>.stride, index: buffers.count)
    |                          `- warning: forming 'UnsafeRawPointer' to a variable of type 'T'; this is likely incorrect because 'T' may contain an object reference.
343 |         encoder.dispatchThreads(.init(width: count, height: 1, depth: 1),
344 |             threadsPerThreadgroup: .init(width: max(1, min(pipeline.threadExecutionWidth * 4, pipeline.maxTotalThreadsPerThreadgroup)), height: 1, depth: 1))

[#DeprecatedDeclaration]: <https://docs.swift.org/compiler/documentation/diagnostics/deprecated-declaration>
[330/507] Compiling NumiVivoKit VivoChemicalStateEnumeration.swift
/Users/n/numivivo-cross-scale-fix-20260914/Sources/NumiVivoKit/Calibration/VivoMetalTargetLikelihoodScreen.swift:138:52: warning: 'fastMathEnabled' was deprecated in macOS 15.0: Use mathMode instead [#DeprecatedDeclaration]
136 |             if name == "NumiVivoTargetLikelihood" { scoringSource = text }
137 |         }
138 |         let options = MTLCompileOptions(); options.fastMathEnabled = false
    |                                                    `- warning: 'fastMathEnabled' was deprecated in macOS 15.0: Use mathMode instead [#DeprecatedDeclaration]
139 |         let library = try await device.makeLibrary(source: scoringSource, options: options)
140 |         guard let expose = library.makeFunction(name: "nvivo_target_likelihood_expose"),

/Users/n/numivivo-cross-scale-fix-20260914/Sources/NumiVivoKit/Calibration/VivoMetalTargetLikelihoodScreen.swift:342:26: warning: forming 'UnsafeRawPointer' to a variable of type 'T'; this is likely incorrect because 'T' may contain an object reference.
340 |         encoder.setComputePipelineState(pipeline)
341 |         for (index, buffer) in buffers.enumerated() { encoder.setBuffer(buffer, offset: 0, index: index) }
342 |         encoder.setBytes(&uniform, length: MemoryLayout<T>.stride, index: buffers.count)
    |                          `- warning: forming 'UnsafeRawPointer' to a variable of type 'T'; this is likely incorrect because 'T' may contain an object reference.
343 |         encoder.dispatchThreads(.init(width: count, height: 1, depth: 1),
344 |             threadsPerThreadgroup: .init(width: max(1, min(pipeline.threadExecutionWidth * 4, pipeline.maxTotalThreadsPerThreadgroup)), height: 1, depth: 1))

[#DeprecatedDeclaration]: <https://docs.swift.org/compiler/documentation/diagnostics/deprecated-declaration>
[331/507] Compiling NumiVivoKit VivoConstantPHDiscreteMD.swift
/Users/n/numivivo-cross-scale-fix-20260914/Sources/NumiVivoKit/Calibration/VivoMetalTargetLikelihoodScreen.swift:138:52: warning: 'fastMathEnabled' was deprecated in macOS 15.0: Use mathMode instead [#DeprecatedDeclaration]
136 |             if name == "NumiVivoTargetLikelihood" { scoringSource = text }
137 |         }
138 |         let options = MTLCompileOptions(); options.fastMathEnabled = false
    |                                                    `- warning: 'fastMathEnabled' was deprecated in macOS 15.0: Use mathMode instead [#DeprecatedDeclaration]
139 |         let library = try await device.makeLibrary(source: scoringSource, options: options)
140 |         guard let expose = library.makeFunction(name: "nvivo_target_likelihood_expose"),

/Users/n/numivivo-cross-scale-fix-20260914/Sources/NumiVivoKit/Calibration/VivoMetalTargetLikelihoodScreen.swift:342:26: warning: forming 'UnsafeRawPointer' to a variable of type 'T'; this is likely incorrect because 'T' may contain an object reference.
340 |         encoder.setComputePipelineState(pipeline)
341 |         for (index, buffer) in buffers.enumerated() { encoder.setBuffer(buffer, offset: 0, index: index) }
342 |         encoder.setBytes(&uniform, length: MemoryLayout<T>.stride, index: buffers.count)
    |                          `- warning: forming 'UnsafeRawPointer' to a variable of type 'T'; this is likely incorrect because 'T' may contain an object reference.
343 |         encoder.dispatchThreads(.init(width: count, height: 1, depth: 1),
344 |             threadsPerThreadgroup: .init(width: max(1, min(pipeline.threadExecutionWidth * 4, pipeline.maxTotalThreadsPerThreadgroup)), height: 1, depth: 1))

[#DeprecatedDeclaration]: <https://docs.swift.org/compiler/documentation/diagnostics/deprecated-declaration>
[332/507] Compiling NumiVivoKit VivoConstantPHMetalAdapter.swift
/Users/n/numivivo-cross-scale-fix-20260914/Sources/NumiVivoKit/Calibration/VivoMetalTargetLikelihoodScreen.swift:138:52: warning: 'fastMathEnabled' was deprecated in macOS 15.0: Use mathMode instead [#DeprecatedDeclaration]
136 |             if name == "NumiVivoTargetLikelihood" { scoringSource = text }
137 |         }
138 |         let options = MTLCompileOptions(); options.fastMathEnabled = false
    |                                                    `- warning: 'fastMathEnabled' was deprecated in macOS 15.0: Use mathMode instead [#DeprecatedDeclaration]
139 |         let library = try await device.makeLibrary(source: scoringSource, options: options)
140 |         guard let expose = library.makeFunction(name: "nvivo_target_likelihood_expose"),

/Users/n/numivivo-cross-scale-fix-20260914/Sources/NumiVivoKit/Calibration/VivoMetalTargetLikelihoodScreen.swift:342:26: warning: forming 'UnsafeRawPointer' to a variable of type 'T'; this is likely incorrect because 'T' may contain an object reference.
340 |         encoder.setComputePipelineState(pipeline)
341 |         for (index, buffer) in buffers.enumerated() { encoder.setBuffer(buffer, offset: 0, index: index) }
342 |         encoder.setBytes(&uniform, length: MemoryLayout<T>.stride, index: buffers.count)
    |                          `- warning: forming 'UnsafeRawPointer' to a variable of type 'T'; this is likely incorrect because 'T' may contain an object reference.
343 |         encoder.dispatchThreads(.init(width: count, height: 1, depth: 1),
344 |             threadsPerThreadgroup: .init(width: max(1, min(pipeline.threadExecutionWidth * 4, pipeline.maxTotalThreadsPerThreadgroup)), height: 1, depth: 1))

[#DeprecatedDeclaration]: <https://docs.swift.org/compiler/documentation/diagnostics/deprecated-declaration>
[333/507] Compiling NumiVivoKit VivoConstantPHNCMC.swift
/Users/n/numivivo-cross-scale-fix-20260914/Sources/NumiVivoKit/Calibration/VivoMetalTargetLikelihoodScreen.swift:138:52: warning: 'fastMathEnabled' was deprecated in macOS 15.0: Use mathMode instead [#DeprecatedDeclaration]
136 |             if name == "NumiVivoTargetLikelihood" { scoringSource = text }
137 |         }
138 |         let options = MTLCompileOptions(); options.fastMathEnabled = false
    |                                                    `- warning: 'fastMathEnabled' was deprecated in macOS 15.0: Use mathMode instead [#DeprecatedDeclaration]
139 |         let library = try await device.makeLibrary(source: scoringSource, options: options)
140 |         guard let expose = library.makeFunction(name: "nvivo_target_likelihood_expose"),

/Users/n/numivivo-cross-scale-fix-20260914/Sources/NumiVivoKit/Calibration/VivoMetalTargetLikelihoodScreen.swift:342:26: warning: forming 'UnsafeRawPointer' to a variable of type 'T'; this is likely incorrect because 'T' may contain an object reference.
340 |         encoder.setComputePipelineState(pipeline)
341 |         for (index, buffer) in buffers.enumerated() { encoder.setBuffer(buffer, offset: 0, index: index) }
342 |         encoder.setBytes(&uniform, length: MemoryLayout<T>.stride, index: buffers.count)
    |                          `- warning: forming 'UnsafeRawPointer' to a variable of type 'T'; this is likely incorrect because 'T' may contain an object reference.
343 |         encoder.dispatchThreads(.init(width: count, height: 1, depth: 1),
344 |             threadsPerThreadgroup: .init(width: max(1, min(pipeline.threadExecutionWidth * 4, pipeline.maxTotalThreadsPerThreadgroup)), height: 1, depth: 1))

[#DeprecatedDeclaration]: <https://docs.swift.org/compiler/documentation/diagnostics/deprecated-declaration>
[334/507] Compiling NumiVivoKit VivoConstantPHNCMCMetal.swift
/Users/n/numivivo-cross-scale-fix-20260914/Sources/NumiVivoKit/Calibration/VivoMetalTargetLikelihoodScreen.swift:138:52: warning: 'fastMathEnabled' was deprecated in macOS 15.0: Use mathMode instead [#DeprecatedDeclaration]
136 |             if name == "NumiVivoTargetLikelihood" { scoringSource = text }
137 |         }
138 |         let options = MTLCompileOptions(); options.fastMathEnabled = false
    |                                                    `- warning: 'fastMathEnabled' was deprecated in macOS 15.0: Use mathMode instead [#DeprecatedDeclaration]
139 |         let library = try await device.makeLibrary(source: scoringSource, options: options)
140 |         guard let expose = library.makeFunction(name: "nvivo_target_likelihood_expose"),

/Users/n/numivivo-cross-scale-fix-20260914/Sources/NumiVivoKit/Calibration/VivoMetalTargetLikelihoodScreen.swift:342:26: warning: forming 'UnsafeRawPointer' to a variable of type 'T'; this is likely incorrect because 'T' may contain an object reference.
340 |         encoder.setComputePipelineState(pipeline)
341 |         for (index, buffer) in buffers.enumerated() { encoder.setBuffer(buffer, offset: 0, index: index) }
342 |         encoder.setBytes(&uniform, length: MemoryLayout<T>.stride, index: buffers.count)
    |                          `- warning: forming 'UnsafeRawPointer' to a variable of type 'T'; this is likely incorrect because 'T' may contain an object reference.
343 |         encoder.dispatchThreads(.init(width: count, height: 1, depth: 1),
344 |             threadsPerThreadgroup: .init(width: max(1, min(pipeline.threadExecutionWidth * 4, pipeline.maxTotalThreadsPerThreadgroup)), height: 1, depth: 1))

[#DeprecatedDeclaration]: <https://docs.swift.org/compiler/documentation/diagnostics/deprecated-declaration>
[335/531] Compiling NumiVivoKit VivoQMMMSolventPromotion.swift
[336/531] Compiling NumiVivoKit VivoQMMMStringRefinement.swift
[337/531] Compiling NumiVivoKit VivoQMMMSurfaceEnsemble.swift
[338/531] Compiling NumiVivoKit VivoQMMMTransmissionDocuments.swift
[339/531] Compiling NumiVivoKit VivoQMMultipoleOperators.swift
[340/531] Compiling NumiVivoKit VivoSmoothCPCM.swift
[341/531] Compiling NumiVivoKit VivoPauliHamiltonian.swift
[342/531] Compiling NumiVivoKit VivoStateVector.swift
[343/531] Compiling NumiVivoKit VivoVariationalQuantum.swift
[344/531] Compiling NumiVivoKit VivoReactionAtlas.swift
[345/531] Compiling NumiVivoKit VivoIRC.swift
[346/531] Compiling NumiVivoKit VivoReactionEnergyReferences.swift
[347/531] Compiling NumiVivoKit VivoStationaryPoint.swift
[348/531] Compiling NumiVivoKit VivoTransitionStateSearch.swift
[349/531] Compiling NumiVivoKit VivoBarrierBenchmarks.swift
[350/531] Compiling NumiVivoKit VivoBarrierConvergence.swift
[351/531] Compiling NumiVivoKit VivoBarrierConvergenceTypes.swift
[352/531] Compiling NumiVivoKit VivoConditionalEncounter.swift
[353/531] Compiling NumiVivoKit VivoConnectedReaction.swift
[354/531] Compiling NumiVivoKit VivoCorrelatedSolvation.swift
[355/531] Compiling NumiVivoKit VivoECCSolventClosure.swift
[356/531] Compiling NumiVivoKit VivoMechanismCandidateEnumeration.swift
[357/531] Compiling NumiVivoKit VivoNuclearDescent.swift
[358/531] Compiling NumiVivoKit VivoNuclearElectronicSurface.swift
[359/531] Compiling NumiVivoKit VivoTargetEngagementMetalRunner.swift
/Users/n/numivivo-cross-scale-fix-20260914/Sources/NumiVivoKit/Physiology/VivoPhysiologyCompiler.swift:237:13: warning: variable 'initialState' was never mutated; consider changing to 'let' constant
235 |             diagnostics: &diagnostics
236 |         )
237 |         var initialState = preparedAnalytes.state
    |             `- warning: variable 'initialState' was never mutated; consider changing to 'let' constant
238 | 
239 |         var sparse = [[UInt32: Double]](repeating: [:], count: pairCount)
[360/531] Compiling NumiVivoKit VivoTargetEngagementReference.swift
/Users/n/numivivo-cross-scale-fix-20260914/Sources/NumiVivoKit/Physiology/VivoPhysiologyCompiler.swift:237:13: warning: variable 'initialState' was never mutated; consider changing to 'let' constant
235 |             diagnostics: &diagnostics
236 |         )
237 |         var initialState = preparedAnalytes.state
    |             `- warning: variable 'initialState' was never mutated; consider changing to 'let' constant
238 | 
239 |         var sparse = [[UInt32: Double]](repeating: [:], count: pairCount)
[361/531] Compiling NumiVivoKit VivoMolecularPhysiologyBridge.swift
/Users/n/numivivo-cross-scale-fix-20260914/Sources/NumiVivoKit/Physiology/VivoPhysiologyCompiler.swift:237:13: warning: variable 'initialState' was never mutated; consider changing to 'let' constant
235 |             diagnostics: &diagnostics
236 |         )
237 |         var initialState = preparedAnalytes.state
    |             `- warning: variable 'initialState' was never mutated; consider changing to 'let' constant
238 | 
239 |         var sparse = [[UInt32: Double]](repeating: [:], count: pairCount)
[362/531] Compiling NumiVivoKit VivoMolecularPhysiologyCoordinator.swift
/Users/n/numivivo-cross-scale-fix-20260914/Sources/NumiVivoKit/Physiology/VivoPhysiologyCompiler.swift:237:13: warning: variable 'initialState' was never mutated; consider changing to 'let' constant
235 |             diagnostics: &diagnostics
236 |         )
237 |         var initialState = preparedAnalytes.state
    |             `- warning: variable 'initialState' was never mutated; consider changing to 'let' constant
238 | 
239 |         var sparse = [[UInt32: Double]](repeating: [:], count: pairCount)
[363/531] Compiling NumiVivoKit VivoPhysiologicalPartitionModel.swift
/Users/n/numivivo-cross-scale-fix-20260914/Sources/NumiVivoKit/Physiology/VivoPhysiologyCompiler.swift:237:13: warning: variable 'initialState' was never mutated; consider changing to 'let' constant
235 |             diagnostics: &diagnostics
236 |         )
237 |         var initialState = preparedAnalytes.state
    |             `- warning: variable 'initialState' was never mutated; consider changing to 'let' constant
238 | 
239 |         var sparse = [[UInt32: Double]](repeating: [:], count: pairCount)
[364/531] Compiling NumiVivoKit VivoPhysiologicalPartitionRuntime.swift
/Users/n/numivivo-cross-scale-fix-20260914/Sources/NumiVivoKit/Physiology/VivoPhysiologyCompiler.swift:237:13: warning: variable 'initialState' was never mutated; consider changing to 'let' constant
235 |             diagnostics: &diagnostics
236 |         )
237 |         var initialState = preparedAnalytes.state
    |             `- warning: variable 'initialState' was never mutated; consider changing to 'let' constant
238 | 
239 |         var sparse = [[UInt32: Double]](repeating: [:], count: pairCount)
[365/531] Compiling NumiVivoKit VivoPhysiologyABI.swift
/Users/n/numivivo-cross-scale-fix-20260914/Sources/NumiVivoKit/Physiology/VivoPhysiologyCompiler.swift:237:13: warning: variable 'initialState' was never mutated; consider changing to 'let' constant
235 |             diagnostics: &diagnostics
236 |         )
237 |         var initialState = preparedAnalytes.state
    |             `- warning: variable 'initialState' was never mutated; consider changing to 'let' constant
238 | 
239 |         var sparse = [[UInt32: Double]](repeating: [:], count: pairCount)
[366/531] Compiling NumiVivoKit VivoPhysiologyCompiler.swift
/Users/n/numivivo-cross-scale-fix-20260914/Sources/NumiVivoKit/Physiology/VivoPhysiologyCompiler.swift:237:13: warning: variable 'initialState' was never mutated; consider changing to 'let' constant
235 |             diagnostics: &diagnostics
236 |         )
237 |         var initialState = preparedAnalytes.state
    |             `- warning: variable 'initialState' was never mutated; consider changing to 'let' constant
238 | 
239 |         var sparse = [[UInt32: Double]](repeating: [:], count: pairCount)
[367/531] Compiling NumiVivoKit VivoPhysiologyMetalArena.swift
/Users/n/numivivo-cross-scale-fix-20260914/Sources/NumiVivoKit/Physiology/VivoPhysiologyCompiler.swift:237:13: warning: variable 'initialState' was never mutated; consider changing to 'let' constant
235 |             diagnostics: &diagnostics
236 |         )
237 |         var initialState = preparedAnalytes.state
    |             `- warning: variable 'initialState' was never mutated; consider changing to 'let' constant
238 | 
239 |         var sparse = [[UInt32: Double]](repeating: [:], count: pairCount)
[368/531] Compiling NumiVivoKit VivoPhysiologyModel.swift
/Users/n/numivivo-cross-scale-fix-20260914/Sources/NumiVivoKit/Physiology/VivoPhysiologyCompiler.swift:237:13: warning: variable 'initialState' was never mutated; consider changing to 'let' constant
235 |             diagnostics: &diagnostics
236 |         )
237 |         var initialState = preparedAnalytes.state
    |             `- warning: variable 'initialState' was never mutated; consider changing to 'let' constant
238 | 
239 |         var sparse = [[UInt32: Double]](repeating: [:], count: pairCount)
[369/531] Compiling NumiVivoKit VivoPhysiologyModelValidator.swift
/Users/n/numivivo-cross-scale-fix-20260914/Sources/NumiVivoKit/Physiology/VivoPhysiologyCompiler.swift:237:13: warning: variable 'initialState' was never mutated; consider changing to 'let' constant
235 |             diagnostics: &diagnostics
236 |         )
237 |         var initialState = preparedAnalytes.state
    |             `- warning: variable 'initialState' was never mutated; consider changing to 'let' constant
238 | 
239 |         var sparse = [[UInt32: Double]](repeating: [:], count: pairCount)
[370/531] Compiling NumiVivoKit VivoPhysiologyResumeCheckpoint.swift
/Users/n/numivivo-cross-scale-fix-20260914/Sources/NumiVivoKit/Physiology/VivoPhysiologyCompiler.swift:237:13: warning: variable 'initialState' was never mutated; consider changing to 'let' constant
235 |             diagnostics: &diagnostics
236 |         )
237 |         var initialState = preparedAnalytes.state
    |             `- warning: variable 'initialState' was never mutated; consider changing to 'let' constant
238 | 
239 |         var sparse = [[UInt32: Double]](repeating: [:], count: pairCount)
[371/531] Compiling NumiVivoKit VivoPhysiologyRuntime.swift
/Users/n/numivivo-cross-scale-fix-20260914/Sources/NumiVivoKit/Physiology/VivoPhysiologyCompiler.swift:237:13: warning: variable 'initialState' was never mutated; consider changing to 'let' constant
235 |             diagnostics: &diagnostics
236 |         )
237 |         var initialState = preparedAnalytes.state
    |             `- warning: variable 'initialState' was never mutated; consider changing to 'let' constant
238 | 
239 |         var sparse = [[UInt32: Double]](repeating: [:], count: pairCount)
[372/531] Compiling NumiVivoKit VivoPhysiologyRuntimeTypes.swift
/Users/n/numivivo-cross-scale-fix-20260914/Sources/NumiVivoKit/Physiology/VivoPhysiologyCompiler.swift:237:13: warning: variable 'initialState' was never mutated; consider changing to 'let' constant
235 |             diagnostics: &diagnostics
236 |         )
237 |         var initialState = preparedAnalytes.state
    |             `- warning: variable 'initialState' was never mutated; consider changing to 'let' constant
238 | 
239 |         var sparse = [[UInt32: Double]](repeating: [:], count: pairCount)
[373/531] Compiling NumiVivoKit VivoAdaptiveCampaign.swift
/Users/n/numivivo-cross-scale-fix-20260914/Sources/NumiVivoKit/Physiology/VivoPhysiologyCompiler.swift:237:13: warning: variable 'initialState' was never mutated; consider changing to 'let' constant
235 |             diagnostics: &diagnostics
236 |         )
237 |         var initialState = preparedAnalytes.state
    |             `- warning: variable 'initialState' was never mutated; consider changing to 'let' constant
238 | 
239 |         var sparse = [[UInt32: Double]](repeating: [:], count: pairCount)
[374/531] Compiling NumiVivoKit VivoAdaptiveCampaignExamples.swift
/Users/n/numivivo-cross-scale-fix-20260914/Sources/NumiVivoKit/Physiology/VivoPhysiologyCompiler.swift:237:13: warning: variable 'initialState' was never mutated; consider changing to 'let' constant
235 |             diagnostics: &diagnostics
236 |         )
237 |         var initialState = preparedAnalytes.state
    |             `- warning: variable 'initialState' was never mutated; consider changing to 'let' constant
238 | 
239 |         var sparse = [[UInt32: Double]](repeating: [:], count: pairCount)
[375/531] Compiling NumiVivoKit VivoAdaptiveQMMMModelSpace.swift
/Users/n/numivivo-cross-scale-fix-20260914/Sources/NumiVivoKit/Physiology/VivoPhysiologyCompiler.swift:237:13: warning: variable 'initialState' was never mutated; consider changing to 'let' constant
235 |             diagnostics: &diagnostics
236 |         )
237 |         var initialState = preparedAnalytes.state
    |             `- warning: variable 'initialState' was never mutated; consider changing to 'let' constant
238 | 
239 |         var sparse = [[UInt32: Double]](repeating: [:], count: pairCount)
[376/531] Compiling NumiVivoKit VivoPlatformAdaptiveOperations.swift
/Users/n/numivivo-cross-scale-fix-20260914/Sources/NumiVivoKit/Physiology/VivoPhysiologyCompiler.swift:237:13: warning: variable 'initialState' was never mutated; consider changing to 'let' constant
235 |             diagnostics: &diagnostics
236 |         )
237 |         var initialState = preparedAnalytes.state
    |             `- warning: variable 'initialState' was never mutated; consider changing to 'let' constant
238 | 
239 |         var sparse = [[UInt32: Double]](repeating: [:], count: pairCount)
[377/531] Compiling NumiVivoKit VivoPlatformCompatibility.swift
/Users/n/numivivo-cross-scale-fix-20260914/Sources/NumiVivoKit/Physiology/VivoPhysiologyCompiler.swift:237:13: warning: variable 'initialState' was never mutated; consider changing to 'let' constant
235 |             diagnostics: &diagnostics
236 |         )
237 |         var initialState = preparedAnalytes.state
    |             `- warning: variable 'initialState' was never mutated; consider changing to 'let' constant
238 | 
239 |         var sparse = [[UInt32: Double]](repeating: [:], count: pairCount)
[378/531] Compiling NumiVivoKit VivoPlatformMDOperations.swift
/Users/n/numivivo-cross-scale-fix-20260914/Sources/NumiVivoKit/Physiology/VivoPhysiologyCompiler.swift:237:13: warning: variable 'initialState' was never mutated; consider changing to 'let' constant
235 |             diagnostics: &diagnostics
236 |         )
237 |         var initialState = preparedAnalytes.state
    |             `- warning: variable 'initialState' was never mutated; consider changing to 'let' constant
238 | 
239 |         var sparse = [[UInt32: Double]](repeating: [:], count: pairCount)
[379/531] Compiling NumiVivoKit VivoPlatformMechanismOperations.swift
/Users/n/numivivo-cross-scale-fix-20260914/Sources/NumiVivoKit/Physiology/VivoPhysiologyCompiler.swift:237:13: warning: variable 'initialState' was never mutated; consider changing to 'let' constant
235 |             diagnostics: &diagnostics
236 |         )
237 |         var initialState = preparedAnalytes.state
    |             `- warning: variable 'initialState' was never mutated; consider changing to 'let' constant
238 | 
239 |         var sparse = [[UInt32: Double]](repeating: [:], count: pairCount)
[380/531] Compiling NumiVivoKit VivoPlatformOmicsOperations.swift
/Users/n/numivivo-cross-scale-fix-20260914/Sources/NumiVivoKit/Physiology/VivoPhysiologyCompiler.swift:237:13: warning: variable 'initialState' was never mutated; consider changing to 'let' constant
235 |             diagnostics: &diagnostics
236 |         )
237 |         var initialState = preparedAnalytes.state
    |             `- warning: variable 'initialState' was never mutated; consider changing to 'let' constant
238 | 
239 |         var sparse = [[UInt32: Double]](repeating: [:], count: pairCount)
[381/531] Compiling NumiVivoKit VivoPlatformOperations.swift
/Users/n/numivivo-cross-scale-fix-20260914/Sources/NumiVivoKit/Physiology/VivoPhysiologyCompiler.swift:237:13: warning: variable 'initialState' was never mutated; consider changing to 'let' constant
235 |             diagnostics: &diagnostics
236 |         )
237 |         var initialState = preparedAnalytes.state
    |             `- warning: variable 'initialState' was never mutated; consider changing to 'let' constant
238 | 
239 |         var sparse = [[UInt32: Double]](repeating: [:], count: pairCount)
[382/531] Compiling NumiVivoKit VivoPlatformPrecisionSamplingOperations.swift
/Users/n/numivivo-cross-scale-fix-20260914/Sources/NumiVivoKit/Physiology/VivoPhysiologyCompiler.swift:237:13: warning: variable 'initialState' was never mutated; consider changing to 'let' constant
235 |             diagnostics: &diagnostics
236 |         )
237 |         var initialState = preparedAnalytes.state
    |             `- warning: variable 'initialState' was never mutated; consider changing to 'let' constant
238 | 
239 |         var sparse = [[UInt32: Double]](repeating: [:], count: pairCount)
[383/531] Compiling NumiVivoKit VivoPlatformQMMMFreeEnergyOperations.swift
/Users/n/numivivo-cross-scale-fix-20260914/Sources/NumiVivoKit/QM/VivoQMDenseAlgebra.swift:49:9: warning: 'cblas_dgemm' was deprecated in macOS 13.3: An updated CBLAS interface supporting ILP64 is available.  Please compile with -DACCELERATE_NEW_LAPACK to access the new headers and -DACCELERATE_LAPACK_ILP64 for ILP64 support. [#DeprecatedDeclaration]
 47 |         if rows == 0 || columns == 0 || b.columns == 0 { return out }
 48 |         #if canImport(Accelerate)
 49 |         cblas_dgemm(CblasRowMajor, CblasNoTrans, CblasNoTrans,
    |         `- warning: 'cblas_dgemm' was deprecated in macOS 13.3: An updated CBLAS interface supporting ILP64 is available.  Please compile with -DACCELERATE_NEW_LAPACK to access the new headers and -DACCELERATE_LAPACK_ILP64 for ILP64 support. [#DeprecatedDeclaration]
 50 |                     Int32(rows), Int32(b.columns), Int32(columns), 1,
 51 |                     values, Int32(columns), b.values, Int32(b.columns), 0, &out.values, Int32(b.columns))

[#DeprecatedDeclaration]: <https://docs.swift.org/compiler/documentation/diagnostics/deprecated-declaration>
[384/531] Compiling NumiVivoKit VivoPlatformQMMMOperations.swift
/Users/n/numivivo-cross-scale-fix-20260914/Sources/NumiVivoKit/QM/VivoQMDenseAlgebra.swift:49:9: warning: 'cblas_dgemm' was deprecated in macOS 13.3: An updated CBLAS interface supporting ILP64 is available.  Please compile with -DACCELERATE_NEW_LAPACK to access the new headers and -DACCELERATE_LAPACK_ILP64 for ILP64 support. [#DeprecatedDeclaration]
 47 |         if rows == 0 || columns == 0 || b.columns == 0 { return out }
 48 |         #if canImport(Accelerate)
 49 |         cblas_dgemm(CblasRowMajor, CblasNoTrans, CblasNoTrans,
    |         `- warning: 'cblas_dgemm' was deprecated in macOS 13.3: An updated CBLAS interface supporting ILP64 is available.  Please compile with -DACCELERATE_NEW_LAPACK to access the new headers and -DACCELERATE_LAPACK_ILP64 for ILP64 support. [#DeprecatedDeclaration]
 50 |                     Int32(rows), Int32(b.columns), Int32(columns), 1,
 51 |                     values, Int32(columns), b.values, Int32(b.columns), 0, &out.values, Int32(b.columns))

[#DeprecatedDeclaration]: <https://docs.swift.org/compiler/documentation/diagnostics/deprecated-declaration>
[385/531] Compiling NumiVivoKit VivoPlatformRefinementOperations.swift
/Users/n/numivivo-cross-scale-fix-20260914/Sources/NumiVivoKit/QM/VivoQMDenseAlgebra.swift:49:9: warning: 'cblas_dgemm' was deprecated in macOS 13.3: An updated CBLAS interface supporting ILP64 is available.  Please compile with -DACCELERATE_NEW_LAPACK to access the new headers and -DACCELERATE_LAPACK_ILP64 for ILP64 support. [#DeprecatedDeclaration]
 47 |         if rows == 0 || columns == 0 || b.columns == 0 { return out }
 48 |         #if canImport(Accelerate)
 49 |         cblas_dgemm(CblasRowMajor, CblasNoTrans, CblasNoTrans,
    |         `- warning: 'cblas_dgemm' was deprecated in macOS 13.3: An updated CBLAS interface supporting ILP64 is available.  Please compile with -DACCELERATE_NEW_LAPACK to access the new headers and -DACCELERATE_LAPACK_ILP64 for ILP64 support. [#DeprecatedDeclaration]
 50 |                     Int32(rows), Int32(b.columns), Int32(columns), 1,
 51 |                     values, Int32(columns), b.values, Int32(b.columns), 0, &out.values, Int32(b.columns))

[#DeprecatedDeclaration]: <https://docs.swift.org/compiler/documentation/diagnostics/deprecated-declaration>
[386/531] Compiling NumiVivoKit VivoPlatformSnapshotOperations.swift
/Users/n/numivivo-cross-scale-fix-20260914/Sources/NumiVivoKit/QM/VivoQMDenseAlgebra.swift:49:9: warning: 'cblas_dgemm' was deprecated in macOS 13.3: An updated CBLAS interface supporting ILP64 is available.  Please compile with -DACCELERATE_NEW_LAPACK to access the new headers and -DACCELERATE_LAPACK_ILP64 for ILP64 support. [#DeprecatedDeclaration]
 47 |         if rows == 0 || columns == 0 || b.columns == 0 { return out }
 48 |         #if canImport(Accelerate)
 49 |         cblas_dgemm(CblasRowMajor, CblasNoTrans, CblasNoTrans,
    |         `- warning: 'cblas_dgemm' was deprecated in macOS 13.3: An updated CBLAS interface supporting ILP64 is available.  Please compile with -DACCELERATE_NEW_LAPACK to access the new headers and -DACCELERATE_LAPACK_ILP64 for ILP64 support. [#DeprecatedDeclaration]
 50 |                     Int32(rows), Int32(b.columns), Int32(columns), 1,
 51 |                     values, Int32(columns), b.values, Int32(b.columns), 0, &out.values, Int32(b.columns))

[#DeprecatedDeclaration]: <https://docs.swift.org/compiler/documentation/diagnostics/deprecated-declaration>
[387/531] Compiling NumiVivoKit VivoPropertyRefinementRecipe.swift
/Users/n/numivivo-cross-scale-fix-20260914/Sources/NumiVivoKit/QM/VivoQMDenseAlgebra.swift:49:9: warning: 'cblas_dgemm' was deprecated in macOS 13.3: An updated CBLAS interface supporting ILP64 is available.  Please compile with -DACCELERATE_NEW_LAPACK to access the new headers and -DACCELERATE_LAPACK_ILP64 for ILP64 support. [#DeprecatedDeclaration]
 47 |         if rows == 0 || columns == 0 || b.columns == 0 { return out }
 48 |         #if canImport(Accelerate)
 49 |         cblas_dgemm(CblasRowMajor, CblasNoTrans, CblasNoTrans,
    |         `- warning: 'cblas_dgemm' was deprecated in macOS 13.3: An updated CBLAS interface supporting ILP64 is available.  Please compile with -DACCELERATE_NEW_LAPACK to access the new headers and -DACCELERATE_LAPACK_ILP64 for ILP64 support. [#DeprecatedDeclaration]
 50 |                     Int32(rows), Int32(b.columns), Int32(columns), 1,
 51 |                     values, Int32(columns), b.values, Int32(b.columns), 0, &out.values, Int32(b.columns))

[#DeprecatedDeclaration]: <https://docs.swift.org/compiler/documentation/diagnostics/deprecated-declaration>
[388/531] Compiling NumiVivoKit VivoWorkflowExecutor.swift
/Users/n/numivivo-cross-scale-fix-20260914/Sources/NumiVivoKit/QM/VivoQMDenseAlgebra.swift:49:9: warning: 'cblas_dgemm' was deprecated in macOS 13.3: An updated CBLAS interface supporting ILP64 is available.  Please compile with -DACCELERATE_NEW_LAPACK to access the new headers and -DACCELERATE_LAPACK_ILP64 for ILP64 support. [#DeprecatedDeclaration]
 47 |         if rows == 0 || columns == 0 || b.columns == 0 { return out }
 48 |         #if canImport(Accelerate)
 49 |         cblas_dgemm(CblasRowMajor, CblasNoTrans, CblasNoTrans,
    |         `- warning: 'cblas_dgemm' was deprecated in macOS 13.3: An updated CBLAS interface supporting ILP64 is available.  Please compile with -DACCELERATE_NEW_LAPACK to access the new headers and -DACCELERATE_LAPACK_ILP64 for ILP64 support. [#DeprecatedDeclaration]
 50 |                     Int32(rows), Int32(b.columns), Int32(columns), 1,
 51 |                     values, Int32(columns), b.values, Int32(b.columns), 0, &out.values, Int32(b.columns))

[#DeprecatedDeclaration]: <https://docs.swift.org/compiler/documentation/diagnostics/deprecated-declaration>
[389/531] Compiling NumiVivoKit VivoWorkflowRecipe.swift
/Users/n/numivivo-cross-scale-fix-20260914/Sources/NumiVivoKit/QM/VivoQMDenseAlgebra.swift:49:9: warning: 'cblas_dgemm' was deprecated in macOS 13.3: An updated CBLAS interface supporting ILP64 is available.  Please compile with -DACCELERATE_NEW_LAPACK to access the new headers and -DACCELERATE_LAPACK_ILP64 for ILP64 support. [#DeprecatedDeclaration]
 47 |         if rows == 0 || columns == 0 || b.columns == 0 { return out }
 48 |         #if canImport(Accelerate)
 49 |         cblas_dgemm(CblasRowMajor, CblasNoTrans, CblasNoTrans,
    |         `- warning: 'cblas_dgemm' was deprecated in macOS 13.3: An updated CBLAS interface supporting ILP64 is available.  Please compile with -DACCELERATE_NEW_LAPACK to access the new headers and -DACCELERATE_LAPACK_ILP64 for ILP64 support. [#DeprecatedDeclaration]
 50 |                     Int32(rows), Int32(b.columns), Int32(columns), 1,
 51 |                     values, Int32(columns), b.values, Int32(b.columns), 0, &out.values, Int32(b.columns))

[#DeprecatedDeclaration]: <https://docs.swift.org/compiler/documentation/diagnostics/deprecated-declaration>
[390/531] Compiling NumiVivoKit VivoWorkflowTemplates.swift
/Users/n/numivivo-cross-scale-fix-20260914/Sources/NumiVivoKit/QM/VivoQMDenseAlgebra.swift:49:9: warning: 'cblas_dgemm' was deprecated in macOS 13.3: An updated CBLAS interface supporting ILP64 is available.  Please compile with -DACCELERATE_NEW_LAPACK to access the new headers and -DACCELERATE_LAPACK_ILP64 for ILP64 support. [#DeprecatedDeclaration]
 47 |         if rows == 0 || columns == 0 || b.columns == 0 { return out }
 48 |         #if canImport(Accelerate)
 49 |         cblas_dgemm(CblasRowMajor, CblasNoTrans, CblasNoTrans,
    |         `- warning: 'cblas_dgemm' was deprecated in macOS 13.3: An updated CBLAS interface supporting ILP64 is available.  Please compile with -DACCELERATE_NEW_LAPACK to access the new headers and -DACCELERATE_LAPACK_ILP64 for ILP64 support. [#DeprecatedDeclaration]
 50 |                     Int32(rows), Int32(b.columns), Int32(columns), 1,
 51 |                     values, Int32(columns), b.values, Int32(b.columns), 0, &out.values, Int32(b.columns))

[#DeprecatedDeclaration]: <https://docs.swift.org/compiler/documentation/diagnostics/deprecated-declaration>
[391/531] Compiling NumiVivoKit VivoPopulationModel.swift
/Users/n/numivivo-cross-scale-fix-20260914/Sources/NumiVivoKit/QM/VivoQMDenseAlgebra.swift:49:9: warning: 'cblas_dgemm' was deprecated in macOS 13.3: An updated CBLAS interface supporting ILP64 is available.  Please compile with -DACCELERATE_NEW_LAPACK to access the new headers and -DACCELERATE_LAPACK_ILP64 for ILP64 support. [#DeprecatedDeclaration]
 47 |         if rows == 0 || columns == 0 || b.columns == 0 { return out }
 48 |         #if canImport(Accelerate)
 49 |         cblas_dgemm(CblasRowMajor, CblasNoTrans, CblasNoTrans,
    |         `- warning: 'cblas_dgemm' was deprecated in macOS 13.3: An updated CBLAS interface supporting ILP64 is available.  Please compile with -DACCELERATE_NEW_LAPACK to access the new headers and -DACCELERATE_LAPACK_ILP64 for ILP64 support. [#DeprecatedDeclaration]
 50 |                     Int32(rows), Int32(b.columns), Int32(columns), 1,
 51 |                     values, Int32(columns), b.values, Int32(b.columns), 0, &out.values, Int32(b.columns))

[#DeprecatedDeclaration]: <https://docs.swift.org/compiler/documentation/diagnostics/deprecated-declaration>
[392/531] Compiling NumiVivoKit VivoPopulationRuntime.swift
/Users/n/numivivo-cross-scale-fix-20260914/Sources/NumiVivoKit/QM/VivoQMDenseAlgebra.swift:49:9: warning: 'cblas_dgemm' was deprecated in macOS 13.3: An updated CBLAS interface supporting ILP64 is available.  Please compile with -DACCELERATE_NEW_LAPACK to access the new headers and -DACCELERATE_LAPACK_ILP64 for ILP64 support. [#DeprecatedDeclaration]
 47 |         if rows == 0 || columns == 0 || b.columns == 0 { return out }
 48 |         #if canImport(Accelerate)
 49 |         cblas_dgemm(CblasRowMajor, CblasNoTrans, CblasNoTrans,
    |         `- warning: 'cblas_dgemm' was deprecated in macOS 13.3: An updated CBLAS interface supporting ILP64 is available.  Please compile with -DACCELERATE_NEW_LAPACK to access the new headers and -DACCELERATE_LAPACK_ILP64 for ILP64 support. [#DeprecatedDeclaration]
 50 |                     Int32(rows), Int32(b.columns), Int32(columns), 1,
 51 |                     values, Int32(columns), b.values, Int32(b.columns), 0, &out.values, Int32(b.columns))

[#DeprecatedDeclaration]: <https://docs.swift.org/compiler/documentation/diagnostics/deprecated-declaration>
[393/531] Compiling NumiVivoKit VivoBasisSetExchange.swift
/Users/n/numivivo-cross-scale-fix-20260914/Sources/NumiVivoKit/QM/VivoQMDenseAlgebra.swift:49:9: warning: 'cblas_dgemm' was deprecated in macOS 13.3: An updated CBLAS interface supporting ILP64 is available.  Please compile with -DACCELERATE_NEW_LAPACK to access the new headers and -DACCELERATE_LAPACK_ILP64 for ILP64 support. [#DeprecatedDeclaration]
 47 |         if rows == 0 || columns == 0 || b.columns == 0 { return out }
 48 |         #if canImport(Accelerate)
 49 |         cblas_dgemm(CblasRowMajor, CblasNoTrans, CblasNoTrans,
    |         `- warning: 'cblas_dgemm' was deprecated in macOS 13.3: An updated CBLAS interface supporting ILP64 is available.  Please compile with -DACCELERATE_NEW_LAPACK to access the new headers and -DACCELERATE_LAPACK_ILP64 for ILP64 support. [#DeprecatedDeclaration]
 50 |                     Int32(rows), Int32(b.columns), Int32(columns), 1,
 51 |                     values, Int32(columns), b.values, Int32(b.columns), 0, &out.values, Int32(b.columns))

[#DeprecatedDeclaration]: <https://docs.swift.org/compiler/documentation/diagnostics/deprecated-declaration>
[394/531] Compiling NumiVivoKit VivoDensityFitting.swift
/Users/n/numivivo-cross-scale-fix-20260914/Sources/NumiVivoKit/QM/VivoQMDenseAlgebra.swift:49:9: warning: 'cblas_dgemm' was deprecated in macOS 13.3: An updated CBLAS interface supporting ILP64 is available.  Please compile with -DACCELERATE_NEW_LAPACK to access the new headers and -DACCELERATE_LAPACK_ILP64 for ILP64 support. [#DeprecatedDeclaration]
 47 |         if rows == 0 || columns == 0 || b.columns == 0 { return out }
 48 |         #if canImport(Accelerate)
 49 |         cblas_dgemm(CblasRowMajor, CblasNoTrans, CblasNoTrans,
    |         `- warning: 'cblas_dgemm' was deprecated in macOS 13.3: An updated CBLAS interface supporting ILP64 is available.  Please compile with -DACCELERATE_NEW_LAPACK to access the new headers and -DACCELERATE_LAPACK_ILP64 for ILP64 support. [#DeprecatedDeclaration]
 50 |                     Int32(rows), Int32(b.columns), Int32(columns), 1,
 51 |                     values, Int32(columns), b.values, Int32(b.columns), 0, &out.values, Int32(b.columns))

[#DeprecatedDeclaration]: <https://docs.swift.org/compiler/documentation/diagnostics/deprecated-declaration>
[395/531] Compiling NumiVivoKit VivoElectronicTypes.swift
/Users/n/numivivo-cross-scale-fix-20260914/Sources/NumiVivoKit/QM/VivoQMDenseAlgebra.swift:49:9: warning: 'cblas_dgemm' was deprecated in macOS 13.3: An updated CBLAS interface supporting ILP64 is available.  Please compile with -DACCELERATE_NEW_LAPACK to access the new headers and -DACCELERATE_LAPACK_ILP64 for ILP64 support. [#DeprecatedDeclaration]
 47 |         if rows == 0 || columns == 0 || b.columns == 0 { return out }
 48 |         #if canImport(Accelerate)
 49 |         cblas_dgemm(CblasRowMajor, CblasNoTrans, CblasNoTrans,
    |         `- warning: 'cblas_dgemm' was deprecated in macOS 13.3: An updated CBLAS interface supporting ILP64 is available.  Please compile with -DACCELERATE_NEW_LAPACK to access the new headers and -DACCELERATE_LAPACK_ILP64 for ILP64 support. [#DeprecatedDeclaration]
 50 |                     Int32(rows), Int32(b.columns), Int32(columns), 1,
 51 |                     values, Int32(columns), b.values, Int32(b.columns), 0, &out.values, Int32(b.columns))

[#DeprecatedDeclaration]: <https://docs.swift.org/compiler/documentation/diagnostics/deprecated-declaration>
[396/531] Compiling NumiVivoKit VivoGaussianElectrostaticPotential.swift
/Users/n/numivivo-cross-scale-fix-20260914/Sources/NumiVivoKit/QM/VivoQMDenseAlgebra.swift:49:9: warning: 'cblas_dgemm' was deprecated in macOS 13.3: An updated CBLAS interface supporting ILP64 is available.  Please compile with -DACCELERATE_NEW_LAPACK to access the new headers and -DACCELERATE_LAPACK_ILP64 for ILP64 support. [#DeprecatedDeclaration]
 47 |         if rows == 0 || columns == 0 || b.columns == 0 { return out }
 48 |         #if canImport(Accelerate)
 49 |         cblas_dgemm(CblasRowMajor, CblasNoTrans, CblasNoTrans,
    |         `- warning: 'cblas_dgemm' was deprecated in macOS 13.3: An updated CBLAS interface supporting ILP64 is available.  Please compile with -DACCELERATE_NEW_LAPACK to access the new headers and -DACCELERATE_LAPACK_ILP64 for ILP64 support. [#DeprecatedDeclaration]
 50 |                     Int32(rows), Int32(b.columns), Int32(columns), 1,
 51 |                     values, Int32(columns), b.values, Int32(b.columns), 0, &out.values, Int32(b.columns))

[#DeprecatedDeclaration]: <https://docs.swift.org/compiler/documentation/diagnostics/deprecated-declaration>
[397/531] Compiling NumiVivoKit VivoGaussianIntegrals.swift
/Users/n/numivivo-cross-scale-fix-20260914/Sources/NumiVivoKit/QM/VivoQMDenseAlgebra.swift:49:9: warning: 'cblas_dgemm' was deprecated in macOS 13.3: An updated CBLAS interface supporting ILP64 is available.  Please compile with -DACCELERATE_NEW_LAPACK to access the new headers and -DACCELERATE_LAPACK_ILP64 for ILP64 support. [#DeprecatedDeclaration]
 47 |         if rows == 0 || columns == 0 || b.columns == 0 { return out }
 48 |         #if canImport(Accelerate)
 49 |         cblas_dgemm(CblasRowMajor, CblasNoTrans, CblasNoTrans,
    |         `- warning: 'cblas_dgemm' was deprecated in macOS 13.3: An updated CBLAS interface supporting ILP64 is available.  Please compile with -DACCELERATE_NEW_LAPACK to access the new headers and -DACCELERATE_LAPACK_ILP64 for ILP64 support. [#DeprecatedDeclaration]
 50 |                     Int32(rows), Int32(b.columns), Int32(columns), 1,
 51 |                     values, Int32(columns), b.values, Int32(b.columns), 0, &out.values, Int32(b.columns))

[#DeprecatedDeclaration]: <https://docs.swift.org/compiler/documentation/diagnostics/deprecated-declaration>
[398/531] Compiling NumiVivoKit VivoGaussianNuclearDerivatives.swift
/Users/n/numivivo-cross-scale-fix-20260914/Sources/NumiVivoKit/QM/VivoQMDenseAlgebra.swift:49:9: warning: 'cblas_dgemm' was deprecated in macOS 13.3: An updated CBLAS interface supporting ILP64 is available.  Please compile with -DACCELERATE_NEW_LAPACK to access the new headers and -DACCELERATE_LAPACK_ILP64 for ILP64 support. [#DeprecatedDeclaration]
 47 |         if rows == 0 || columns == 0 || b.columns == 0 { return out }
 48 |         #if canImport(Accelerate)
 49 |         cblas_dgemm(CblasRowMajor, CblasNoTrans, CblasNoTrans,
    |         `- warning: 'cblas_dgemm' was deprecated in macOS 13.3: An updated CBLAS interface supporting ILP64 is available.  Please compile with -DACCELERATE_NEW_LAPACK to access the new headers and -DACCELERATE_LAPACK_ILP64 for ILP64 support. [#DeprecatedDeclaration]
 50 |                     Int32(rows), Int32(b.columns), Int32(columns), 1,
 51 |                     values, Int32(columns), b.values, Int32(b.columns), 0, &out.values, Int32(b.columns))

[#DeprecatedDeclaration]: <https://docs.swift.org/compiler/documentation/diagnostics/deprecated-declaration>
[399/531] Compiling NumiVivoKit VivoHartreeFock.swift
/Users/n/numivivo-cross-scale-fix-20260914/Sources/NumiVivoKit/QM/VivoQMDenseAlgebra.swift:49:9: warning: 'cblas_dgemm' was deprecated in macOS 13.3: An updated CBLAS interface supporting ILP64 is available.  Please compile with -DACCELERATE_NEW_LAPACK to access the new headers and -DACCELERATE_LAPACK_ILP64 for ILP64 support. [#DeprecatedDeclaration]
 47 |         if rows == 0 || columns == 0 || b.columns == 0 { return out }
 48 |         #if canImport(Accelerate)
 49 |         cblas_dgemm(CblasRowMajor, CblasNoTrans, CblasNoTrans,
    |         `- warning: 'cblas_dgemm' was deprecated in macOS 13.3: An updated CBLAS interface supporting ILP64 is available.  Please compile with -DACCELERATE_NEW_LAPACK to access the new headers and -DACCELERATE_LAPACK_ILP64 for ILP64 support. [#DeprecatedDeclaration]
 50 |                     Int32(rows), Int32(b.columns), Int32(columns), 1,
 51 |                     values, Int32(columns), b.values, Int32(b.columns), 0, &out.values, Int32(b.columns))

[#DeprecatedDeclaration]: <https://docs.swift.org/compiler/documentation/diagnostics/deprecated-declaration>
[400/531] Compiling NumiVivoKit VivoLDAFunctional.swift
/Users/n/numivivo-cross-scale-fix-20260914/Sources/NumiVivoKit/QM/VivoQMDenseAlgebra.swift:49:9: warning: 'cblas_dgemm' was deprecated in macOS 13.3: An updated CBLAS interface supporting ILP64 is available.  Please compile with -DACCELERATE_NEW_LAPACK to access the new headers and -DACCELERATE_LAPACK_ILP64 for ILP64 support. [#DeprecatedDeclaration]
 47 |         if rows == 0 || columns == 0 || b.columns == 0 { return out }
 48 |         #if canImport(Accelerate)
 49 |         cblas_dgemm(CblasRowMajor, CblasNoTrans, CblasNoTrans,
    |         `- warning: 'cblas_dgemm' was deprecated in macOS 13.3: An updated CBLAS interface supporting ILP64 is available.  Please compile with -DACCELERATE_NEW_LAPACK to access the new headers and -DACCELERATE_LAPACK_ILP64 for ILP64 support. [#DeprecatedDeclaration]
 50 |                     Int32(rows), Int32(b.columns), Int32(columns), 1,
 51 |                     values, Int32(columns), b.values, Int32(b.columns), 0, &out.values, Int32(b.columns))

[#DeprecatedDeclaration]: <https://docs.swift.org/compiler/documentation/diagnostics/deprecated-declaration>
[401/531] Compiling NumiVivoKit VivoMolecularECCPath.swift
/Users/n/numivivo-cross-scale-fix-20260914/Sources/NumiVivoKit/QM/VivoQMDenseAlgebra.swift:49:9: warning: 'cblas_dgemm' was deprecated in macOS 13.3: An updated CBLAS interface supporting ILP64 is available.  Please compile with -DACCELERATE_NEW_LAPACK to access the new headers and -DACCELERATE_LAPACK_ILP64 for ILP64 support. [#DeprecatedDeclaration]
 47 |         if rows == 0 || columns == 0 || b.columns == 0 { return out }
 48 |         #if canImport(Accelerate)
 49 |         cblas_dgemm(CblasRowMajor, CblasNoTrans, CblasNoTrans,
    |         `- warning: 'cblas_dgemm' was deprecated in macOS 13.3: An updated CBLAS interface supporting ILP64 is available.  Please compile with -DACCELERATE_NEW_LAPACK to access the new headers and -DACCELERATE_LAPACK_ILP64 for ILP64 support. [#DeprecatedDeclaration]
 50 |                     Int32(rows), Int32(b.columns), Int32(columns), 1,
 51 |                     values, Int32(columns), b.values, Int32(b.columns), 0, &out.values, Int32(b.columns))

[#DeprecatedDeclaration]: <https://docs.swift.org/compiler/documentation/diagnostics/deprecated-declaration>
[402/531] Compiling NumiVivoKit VivoMolecularOrbitalFrames.swift
/Users/n/numivivo-cross-scale-fix-20260914/Sources/NumiVivoKit/QM/VivoQMDenseAlgebra.swift:49:9: warning: 'cblas_dgemm' was deprecated in macOS 13.3: An updated CBLAS interface supporting ILP64 is available.  Please compile with -DACCELERATE_NEW_LAPACK to access the new headers and -DACCELERATE_LAPACK_ILP64 for ILP64 support. [#DeprecatedDeclaration]
 47 |         if rows == 0 || columns == 0 || b.columns == 0 { return out }
 48 |         #if canImport(Accelerate)
 49 |         cblas_dgemm(CblasRowMajor, CblasNoTrans, CblasNoTrans,
    |         `- warning: 'cblas_dgemm' was deprecated in macOS 13.3: An updated CBLAS interface supporting ILP64 is available.  Please compile with -DACCELERATE_NEW_LAPACK to access the new headers and -DACCELERATE_LAPACK_ILP64 for ILP64 support. [#DeprecatedDeclaration]
 50 |                     Int32(rows), Int32(b.columns), Int32(columns), 1,
 51 |                     values, Int32(columns), b.values, Int32(b.columns), 0, &out.values, Int32(b.columns))

[#DeprecatedDeclaration]: <https://docs.swift.org/compiler/documentation/diagnostics/deprecated-declaration>
[403/531] Compiling NumiVivoKit VivoQMDenseAlgebra.swift
/Users/n/numivivo-cross-scale-fix-20260914/Sources/NumiVivoKit/QM/VivoQMDenseAlgebra.swift:49:9: warning: 'cblas_dgemm' was deprecated in macOS 13.3: An updated CBLAS interface supporting ILP64 is available.  Please compile with -DACCELERATE_NEW_LAPACK to access the new headers and -DACCELERATE_LAPACK_ILP64 for ILP64 support. [#DeprecatedDeclaration]
 47 |         if rows == 0 || columns == 0 || b.columns == 0 { return out }
 48 |         #if canImport(Accelerate)
 49 |         cblas_dgemm(CblasRowMajor, CblasNoTrans, CblasNoTrans,
    |         `- warning: 'cblas_dgemm' was deprecated in macOS 13.3: An updated CBLAS interface supporting ILP64 is available.  Please compile with -DACCELERATE_NEW_LAPACK to access the new headers and -DACCELERATE_LAPACK_ILP64 for ILP64 support. [#DeprecatedDeclaration]
 50 |                     Int32(rows), Int32(b.columns), Int32(columns), 1,
 51 |                     values, Int32(columns), b.values, Int32(b.columns), 0, &out.values, Int32(b.columns))

[#DeprecatedDeclaration]: <https://docs.swift.org/compiler/documentation/diagnostics/deprecated-declaration>
[404/531] Compiling NumiVivoKit VivoRestrictedLDA.swift
/Users/n/numivivo-cross-scale-fix-20260914/Sources/NumiVivoKit/QM/VivoQMDenseAlgebra.swift:49:9: warning: 'cblas_dgemm' was deprecated in macOS 13.3: An updated CBLAS interface supporting ILP64 is available.  Please compile with -DACCELERATE_NEW_LAPACK to access the new headers and -DACCELERATE_LAPACK_ILP64 for ILP64 support. [#DeprecatedDeclaration]
 47 |         if rows == 0 || columns == 0 || b.columns == 0 { return out }
 48 |         #if canImport(Accelerate)
 49 |         cblas_dgemm(CblasRowMajor, CblasNoTrans, CblasNoTrans,
    |         `- warning: 'cblas_dgemm' was deprecated in macOS 13.3: An updated CBLAS interface supporting ILP64 is available.  Please compile with -DACCELERATE_NEW_LAPACK to access the new headers and -DACCELERATE_LAPACK_ILP64 for ILP64 support. [#DeprecatedDeclaration]
 50 |                     Int32(rows), Int32(b.columns), Int32(columns), 1,
 51 |                     values, Int32(columns), b.values, Int32(b.columns), 0, &out.values, Int32(b.columns))

[#DeprecatedDeclaration]: <https://docs.swift.org/compiler/documentation/diagnostics/deprecated-declaration>
[405/531] Compiling NumiVivoKit VivoAdaptiveDynamicsProvider.swift
/Users/n/numivivo-cross-scale-fix-20260914/Sources/NumiVivoKit/QM/VivoQMDenseAlgebra.swift:49:9: warning: 'cblas_dgemm' was deprecated in macOS 13.3: An updated CBLAS interface supporting ILP64 is available.  Please compile with -DACCELERATE_NEW_LAPACK to access the new headers and -DACCELERATE_LAPACK_ILP64 for ILP64 support. [#DeprecatedDeclaration]
 47 |         if rows == 0 || columns == 0 || b.columns == 0 { return out }
 48 |         #if canImport(Accelerate)
 49 |         cblas_dgemm(CblasRowMajor, CblasNoTrans, CblasNoTrans,
    |         `- warning: 'cblas_dgemm' was deprecated in macOS 13.3: An updated CBLAS interface supporting ILP64 is available.  Please compile with -DACCELERATE_NEW_LAPACK to access the new headers and -DACCELERATE_LAPACK_ILP64 for ILP64 support. [#DeprecatedDeclaration]
 50 |                     Int32(rows), Int32(b.columns), Int32(columns), 1,
 51 |                     values, Int32(columns), b.values, Int32(b.columns), 0, &out.values, Int32(b.columns))

[#DeprecatedDeclaration]: <https://docs.swift.org/compiler/documentation/diagnostics/deprecated-declaration>
[406/531] Compiling NumiVivoKit VivoAdaptiveQMMM.swift
/Users/n/numivivo-cross-scale-fix-20260914/Sources/NumiVivoKit/QM/VivoQMDenseAlgebra.swift:49:9: warning: 'cblas_dgemm' was deprecated in macOS 13.3: An updated CBLAS interface supporting ILP64 is available.  Please compile with -DACCELERATE_NEW_LAPACK to access the new headers and -DACCELERATE_LAPACK_ILP64 for ILP64 support. [#DeprecatedDeclaration]
 47 |         if rows == 0 || columns == 0 || b.columns == 0 { return out }
 48 |         #if canImport(Accelerate)
 49 |         cblas_dgemm(CblasRowMajor, CblasNoTrans, CblasNoTrans,
    |         `- warning: 'cblas_dgemm' was deprecated in macOS 13.3: An updated CBLAS interface supporting ILP64 is available.  Please compile with -DACCELERATE_NEW_LAPACK to access the new headers and -DACCELERATE_LAPACK_ILP64 for ILP64 support. [#DeprecatedDeclaration]
 50 |                     Int32(rows), Int32(b.columns), Int32(columns), 1,
 51 |                     values, Int32(columns), b.values, Int32(b.columns), 0, &out.values, Int32(b.columns))

[#DeprecatedDeclaration]: <https://docs.swift.org/compiler/documentation/diagnostics/deprecated-declaration>
[407/531] Compiling NumiVivoKit VivoCPCM.swift
/Users/n/numivivo-cross-scale-fix-20260914/Sources/NumiVivoKit/QMEnv/VivoQMMMDynamicsProvider.swift:128:30: warning: no calls to throwing functions occur within 'try' expression
126 |                     }
127 |                     for i in physical.indices { virial(physical[i],cluster.particlePositionsNM[i]/VivoAtomicUnits.bohrInNM,-1) }
128 |                     affine = try strain.scaled(VivoAtomicUnits.hartreeInKJPerMol)
    |                              `- warning: no calls to throwing functions occur within 'try' expression
129 |                 }
130 |                 let factor = VivoAtomicUnits.hartreeInKJPerMol/VivoAtomicUnits.bohrInNM
[408/531] Compiling NumiVivoKit VivoCPCMOperator.swift
/Users/n/numivivo-cross-scale-fix-20260914/Sources/NumiVivoKit/QMEnv/VivoQMMMDynamicsProvider.swift:128:30: warning: no calls to throwing functions occur within 'try' expression
126 |                     }
127 |                     for i in physical.indices { virial(physical[i],cluster.particlePositionsNM[i]/VivoAtomicUnits.bohrInNM,-1) }
128 |                     affine = try strain.scaled(VivoAtomicUnits.hartreeInKJPerMol)
    |                              `- warning: no calls to throwing functions occur within 'try' expression
129 |                 }
130 |                 let factor = VivoAtomicUnits.hartreeInKJPerMol/VivoAtomicUnits.bohrInNM
[409/531] Compiling NumiVivoKit VivoCPCMRHF.swift
/Users/n/numivivo-cross-scale-fix-20260914/Sources/NumiVivoKit/QMEnv/VivoQMMMDynamicsProvider.swift:128:30: warning: no calls to throwing functions occur within 'try' expression
126 |                     }
127 |                     for i in physical.indices { virial(physical[i],cluster.particlePositionsNM[i]/VivoAtomicUnits.bohrInNM,-1) }
128 |                     affine = try strain.scaled(VivoAtomicUnits.hartreeInKJPerMol)
    |                              `- warning: no calls to throwing functions occur within 'try' expression
129 |                 }
130 |                 let factor = VivoAtomicUnits.hartreeInKJPerMol/VivoAtomicUnits.bohrInNM
[410/531] Compiling NumiVivoKit VivoInducedDipoles.swift
/Users/n/numivivo-cross-scale-fix-20260914/Sources/NumiVivoKit/QMEnv/VivoQMMMDynamicsProvider.swift:128:30: warning: no calls to throwing functions occur within 'try' expression
126 |                     }
127 |                     for i in physical.indices { virial(physical[i],cluster.particlePositionsNM[i]/VivoAtomicUnits.bohrInNM,-1) }
128 |                     affine = try strain.scaled(VivoAtomicUnits.hartreeInKJPerMol)
    |                              `- warning: no calls to throwing functions occur within 'try' expression
129 |                 }
130 |                 let factor = VivoAtomicUnits.hartreeInKJPerMol/VivoAtomicUnits.bohrInNM
[411/531] Compiling NumiVivoKit VivoMDQMMMInterface.swift
/Users/n/numivivo-cross-scale-fix-20260914/Sources/NumiVivoKit/QMEnv/VivoQMMMDynamicsProvider.swift:128:30: warning: no calls to throwing functions occur within 'try' expression
126 |                     }
127 |                     for i in physical.indices { virial(physical[i],cluster.particlePositionsNM[i]/VivoAtomicUnits.bohrInNM,-1) }
128 |                     affine = try strain.scaled(VivoAtomicUnits.hartreeInKJPerMol)
    |                              `- warning: no calls to throwing functions occur within 'try' expression
129 |                 }
130 |                 let factor = VivoAtomicUnits.hartreeInKJPerMol/VivoAtomicUnits.bohrInNM
[412/531] Compiling NumiVivoKit VivoPeriodicElectrostatics.swift
/Users/n/numivivo-cross-scale-fix-20260914/Sources/NumiVivoKit/QMEnv/VivoQMMMDynamicsProvider.swift:128:30: warning: no calls to throwing functions occur within 'try' expression
126 |                     }
127 |                     for i in physical.indices { virial(physical[i],cluster.particlePositionsNM[i]/VivoAtomicUnits.bohrInNM,-1) }
128 |                     affine = try strain.scaled(VivoAtomicUnits.hartreeInKJPerMol)
    |                              `- warning: no calls to throwing functions occur within 'try' expression
129 |                 }
130 |                 let factor = VivoAtomicUnits.hartreeInKJPerMol/VivoAtomicUnits.bohrInNM
[413/531] Compiling NumiVivoKit VivoPeriodicHartreeFock.swift
/Users/n/numivivo-cross-scale-fix-20260914/Sources/NumiVivoKit/QMEnv/VivoQMMMDynamicsProvider.swift:128:30: warning: no calls to throwing functions occur within 'try' expression
126 |                     }
127 |                     for i in physical.indices { virial(physical[i],cluster.particlePositionsNM[i]/VivoAtomicUnits.bohrInNM,-1) }
128 |                     affine = try strain.scaled(VivoAtomicUnits.hartreeInKJPerMol)
    |                              `- warning: no calls to throwing functions occur within 'try' expression
129 |                 }
130 |                 let factor = VivoAtomicUnits.hartreeInKJPerMol/VivoAtomicUnits.bohrInNM
[414/531] Compiling NumiVivoKit VivoPeriodicQMMMContext.swift
/Users/n/numivivo-cross-scale-fix-20260914/Sources/NumiVivoKit/QMEnv/VivoQMMMDynamicsProvider.swift:128:30: warning: no calls to throwing functions occur within 'try' expression
126 |                     }
127 |                     for i in physical.indices { virial(physical[i],cluster.particlePositionsNM[i]/VivoAtomicUnits.bohrInNM,-1) }
128 |                     affine = try strain.scaled(VivoAtomicUnits.hartreeInKJPerMol)
    |                              `- warning: no calls to throwing functions occur within 'try' expression
129 |                 }
130 |                 let factor = VivoAtomicUnits.hartreeInKJPerMol/VivoAtomicUnits.bohrInNM
[415/531] Compiling NumiVivoKit VivoPolarizableDynamicsProvider.swift
/Users/n/numivivo-cross-scale-fix-20260914/Sources/NumiVivoKit/QMEnv/VivoQMMMDynamicsProvider.swift:128:30: warning: no calls to throwing functions occur within 'try' expression
126 |                     }
127 |                     for i in physical.indices { virial(physical[i],cluster.particlePositionsNM[i]/VivoAtomicUnits.bohrInNM,-1) }
128 |                     affine = try strain.scaled(VivoAtomicUnits.hartreeInKJPerMol)
    |                              `- warning: no calls to throwing functions occur within 'try' expression
129 |                 }
130 |                 let factor = VivoAtomicUnits.hartreeInKJPerMol/VivoAtomicUnits.bohrInNM
[416/531] Compiling NumiVivoKit VivoQMMMCompiler.swift
/Users/n/numivivo-cross-scale-fix-20260914/Sources/NumiVivoKit/QMEnv/VivoQMMMDynamicsProvider.swift:128:30: warning: no calls to throwing functions occur within 'try' expression
126 |                     }
127 |                     for i in physical.indices { virial(physical[i],cluster.particlePositionsNM[i]/VivoAtomicUnits.bohrInNM,-1) }
128 |                     affine = try strain.scaled(VivoAtomicUnits.hartreeInKJPerMol)
    |                              `- warning: no calls to throwing functions occur within 'try' expression
129 |                 }
130 |                 let factor = VivoAtomicUnits.hartreeInKJPerMol/VivoAtomicUnits.bohrInNM
[417/531] Compiling NumiVivoKit VivoQMMMDynamicalTransmission.swift
/Users/n/numivivo-cross-scale-fix-20260914/Sources/NumiVivoKit/QMEnv/VivoQMMMDynamicsProvider.swift:128:30: warning: no calls to throwing functions occur within 'try' expression
126 |                     }
127 |                     for i in physical.indices { virial(physical[i],cluster.particlePositionsNM[i]/VivoAtomicUnits.bohrInNM,-1) }
128 |                     affine = try strain.scaled(VivoAtomicUnits.hartreeInKJPerMol)
    |                              `- warning: no calls to throwing functions occur within 'try' expression
129 |                 }
130 |                 let factor = VivoAtomicUnits.hartreeInKJPerMol/VivoAtomicUnits.bohrInNM
[418/531] Compiling NumiVivoKit VivoQMMMDynamicsProvider.swift
/Users/n/numivivo-cross-scale-fix-20260914/Sources/NumiVivoKit/QMEnv/VivoQMMMDynamicsProvider.swift:128:30: warning: no calls to throwing functions occur within 'try' expression
126 |                     }
127 |                     for i in physical.indices { virial(physical[i],cluster.particlePositionsNM[i]/VivoAtomicUnits.bohrInNM,-1) }
128 |                     affine = try strain.scaled(VivoAtomicUnits.hartreeInKJPerMol)
    |                              `- warning: no calls to throwing functions occur within 'try' expression
129 |                 }
130 |                 let factor = VivoAtomicUnits.hartreeInKJPerMol/VivoAtomicUnits.bohrInNM
[419/531] Compiling NumiVivoKit VivoQMMMFiniteCluster.swift
/Users/n/numivivo-cross-scale-fix-20260914/Sources/NumiVivoKit/QMEnv/VivoQMMMDynamicsProvider.swift:128:30: warning: no calls to throwing functions occur within 'try' expression
126 |                     }
127 |                     for i in physical.indices { virial(physical[i],cluster.particlePositionsNM[i]/VivoAtomicUnits.bohrInNM,-1) }
128 |                     affine = try strain.scaled(VivoAtomicUnits.hartreeInKJPerMol)
    |                              `- warning: no calls to throwing functions occur within 'try' expression
129 |                 }
130 |                 let factor = VivoAtomicUnits.hartreeInKJPerMol/VivoAtomicUnits.bohrInNM
[420/531] Compiling NumiVivoKit VivoQMMMForceChecks.swift
/Users/n/numivivo-cross-scale-fix-20260914/Sources/NumiVivoKit/QMEnv/VivoQMMMDynamicsProvider.swift:128:30: warning: no calls to throwing functions occur within 'try' expression
126 |                     }
127 |                     for i in physical.indices { virial(physical[i],cluster.particlePositionsNM[i]/VivoAtomicUnits.bohrInNM,-1) }
128 |                     affine = try strain.scaled(VivoAtomicUnits.hartreeInKJPerMol)
    |                              `- warning: no calls to throwing functions occur within 'try' expression
129 |                 }
130 |                 let factor = VivoAtomicUnits.hartreeInKJPerMol/VivoAtomicUnits.bohrInNM
[421/531] Compiling NumiVivoKit VivoQMMMForces.swift
/Users/n/numivivo-cross-scale-fix-20260914/Sources/NumiVivoKit/QMEnv/VivoQMMMDynamicsProvider.swift:128:30: warning: no calls to throwing functions occur within 'try' expression
126 |                     }
127 |                     for i in physical.indices { virial(physical[i],cluster.particlePositionsNM[i]/VivoAtomicUnits.bohrInNM,-1) }
128 |                     affine = try strain.scaled(VivoAtomicUnits.hartreeInKJPerMol)
    |                              `- warning: no calls to throwing functions occur within 'try' expression
129 |                 }
130 |                 let factor = VivoAtomicUnits.hartreeInKJPerMol/VivoAtomicUnits.bohrInNM
[422/531] Compiling NumiVivoKit VivoQMMMFreeEnergy.swift
/Users/n/numivivo-cross-scale-fix-20260914/Sources/NumiVivoKit/QMEnv/VivoQMMMDynamicsProvider.swift:128:30: warning: no calls to throwing functions occur within 'try' expression
126 |                     }
127 |                     for i in physical.indices { virial(physical[i],cluster.particlePositionsNM[i]/VivoAtomicUnits.bohrInNM,-1) }
128 |                     affine = try strain.scaled(VivoAtomicUnits.hartreeInKJPerMol)
    |                              `- warning: no calls to throwing functions occur within 'try' expression
129 |                 }
130 |                 let factor = VivoAtomicUnits.hartreeInKJPerMol/VivoAtomicUnits.bohrInNM
[423/531] Compiling NumiVivoKit VivoQMMMFreeEnergyArchiveRunner.swift
/Users/n/numivivo-cross-scale-fix-20260914/Sources/NumiVivoKit/QMEnv/VivoQMMMDynamicsProvider.swift:128:30: warning: no calls to throwing functions occur within 'try' expression
126 |                     }
127 |                     for i in physical.indices { virial(physical[i],cluster.particlePositionsNM[i]/VivoAtomicUnits.bohrInNM,-1) }
128 |                     affine = try strain.scaled(VivoAtomicUnits.hartreeInKJPerMol)
    |                              `- warning: no calls to throwing functions occur within 'try' expression
129 |                 }
130 |                 let factor = VivoAtomicUnits.hartreeInKJPerMol/VivoAtomicUnits.bohrInNM
[424/531] Compiling NumiVivoKit VivoQMMMFreeEnergyDocuments.swift
/Users/n/numivivo-cross-scale-fix-20260914/Sources/NumiVivoKit/QMEnv/VivoQMMMDynamicsProvider.swift:128:30: warning: no calls to throwing functions occur within 'try' expression
126 |                     }
127 |                     for i in physical.indices { virial(physical[i],cluster.particlePositionsNM[i]/VivoAtomicUnits.bohrInNM,-1) }
128 |                     affine = try strain.scaled(VivoAtomicUnits.hartreeInKJPerMol)
    |                              `- warning: no calls to throwing functions occur within 'try' expression
129 |                 }
130 |                 let factor = VivoAtomicUnits.hartreeInKJPerMol/VivoAtomicUnits.bohrInNM
[425/531] Compiling NumiVivoKit VivoQMMMFreeEnergyForceSetup.swift
/Users/n/numivivo-cross-scale-fix-20260914/Sources/NumiVivoKit/QMEnv/VivoQMMMDynamicsProvider.swift:128:30: warning: no calls to throwing functions occur within 'try' expression
126 |                     }
127 |                     for i in physical.indices { virial(physical[i],cluster.particlePositionsNM[i]/VivoAtomicUnits.bohrInNM,-1) }
128 |                     affine = try strain.scaled(VivoAtomicUnits.hartreeInKJPerMol)
    |                              `- warning: no calls to throwing functions occur within 'try' expression
129 |                 }
130 |                 let factor = VivoAtomicUnits.hartreeInKJPerMol/VivoAtomicUnits.bohrInNM
[426/531] Compiling NumiVivoKit VivoQMMMFreeEnergyQualification.swift
/Users/n/numivivo-cross-scale-fix-20260914/Sources/NumiVivoKit/QMEnv/VivoQMMMDynamicsProvider.swift:128:30: warning: no calls to throwing functions occur within 'try' expression
126 |                     }
127 |                     for i in physical.indices { virial(physical[i],cluster.particlePositionsNM[i]/VivoAtomicUnits.bohrInNM,-1) }
128 |                     affine = try strain.scaled(VivoAtomicUnits.hartreeInKJPerMol)
    |                              `- warning: no calls to throwing functions occur within 'try' expression
129 |                 }
130 |                 let factor = VivoAtomicUnits.hartreeInKJPerMol/VivoAtomicUnits.bohrInNM
[427/531] Compiling NumiVivoKit VivoQMMMHamiltonianPlan.swift
/Users/n/numivivo-cross-scale-fix-20260914/Sources/NumiVivoKit/QMEnv/VivoQMMMDynamicsProvider.swift:128:30: warning: no calls to throwing functions occur within 'try' expression
126 |                     }
127 |                     for i in physical.indices { virial(physical[i],cluster.particlePositionsNM[i]/VivoAtomicUnits.bohrInNM,-1) }
128 |                     affine = try strain.scaled(VivoAtomicUnits.hartreeInKJPerMol)
    |                              `- warning: no calls to throwing functions occur within 'try' expression
129 |                 }
130 |                 let factor = VivoAtomicUnits.hartreeInKJPerMol/VivoAtomicUnits.bohrInNM
[428/531] Compiling NumiVivoKit VivoQMMMHamiltonianReweighting.swift
/Users/n/numivivo-cross-scale-fix-20260914/Sources/NumiVivoKit/QMEnv/VivoQMMMDynamicsProvider.swift:128:30: warning: no calls to throwing functions occur within 'try' expression
126 |                     }
127 |                     for i in physical.indices { virial(physical[i],cluster.particlePositionsNM[i]/VivoAtomicUnits.bohrInNM,-1) }
128 |                     affine = try strain.scaled(VivoAtomicUnits.hartreeInKJPerMol)
    |                              `- warning: no calls to throwing functions occur within 'try' expression
129 |                 }
130 |                 let factor = VivoAtomicUnits.hartreeInKJPerMol/VivoAtomicUnits.bohrInNM
[429/531] Compiling NumiVivoKit VivoQMMMPathBias.swift
/Users/n/numivivo-cross-scale-fix-20260914/Sources/NumiVivoKit/QMEnv/VivoQMMMDynamicsProvider.swift:128:30: warning: no calls to throwing functions occur within 'try' expression
126 |                     }
127 |                     for i in physical.indices { virial(physical[i],cluster.particlePositionsNM[i]/VivoAtomicUnits.bohrInNM,-1) }
128 |                     affine = try strain.scaled(VivoAtomicUnits.hartreeInKJPerMol)
    |                              `- warning: no calls to throwing functions occur within 'try' expression
129 |                 }
130 |                 let factor = VivoAtomicUnits.hartreeInKJPerMol/VivoAtomicUnits.bohrInNM
[430/531] Compiling NumiVivoKit VivoQMMMPathCoordinate.swift
/Users/n/numivivo-cross-scale-fix-20260914/Sources/NumiVivoKit/QMEnv/VivoQMMMDynamicsProvider.swift:128:30: warning: no calls to throwing functions occur within 'try' expression
126 |                     }
127 |                     for i in physical.indices { virial(physical[i],cluster.particlePositionsNM[i]/VivoAtomicUnits.bohrInNM,-1) }
128 |                     affine = try strain.scaled(VivoAtomicUnits.hartreeInKJPerMol)
    |                              `- warning: no calls to throwing functions occur within 'try' expression
129 |                 }
130 |                 let factor = VivoAtomicUnits.hartreeInKJPerMol/VivoAtomicUnits.bohrInNM
[431/531] Compiling NumiVivoKit RuntimeABI.swift
[432/531] Compiling NumiVivoKit RuntimeABICodable.swift
[433/531] Compiling NumiVivoKit RuntimeCheckpointData.swift
[434/531] Compiling NumiVivoKit VivoAdaptiveFidelityPlanner.swift
[435/531] Compiling NumiVivoKit VivoAdaptiveStateArena.swift
[436/531] Compiling NumiVivoKit VivoAdaptiveStateArenaTypes.swift
[437/531] Compiling NumiVivoKit VivoAppleFrameworkCompatibility.swift
[438/531] Compiling NumiVivoKit VivoAppleSiliconCapacityPlanner.swift
[439/531] Compiling NumiVivoKit VivoMolecularCheckpoint.swift
[440/531] Compiling NumiVivoKit VivoMolecularResumeCheckpoint.swift
[441/531] Compiling NumiVivoKit VivoMolecularTransactionTypes.swift
[442/531] Compiling NumiVivoKit VivoProgramExecutionContract.swift
[443/531] Compiling NumiVivoKit VivoRuntime.swift
[444/531] Compiling NumiVivoKit VivoRuntimeInterventions.swift
[445/531] Compiling NumiVivoKit VivoRuntimeStatusSemantics.swift
[446/531] Compiling NumiVivoKit VivoTransactionalMolecularRuntime.swift
[447/531] Compiling NumiVivoKit VivoSafetyCase.swift
[448/531] Compiling NumiVivoKit CombineArchive.swift
[449/531] Compiling NumiVivoKit SBML3Exporter.swift
[450/531] Compiling NumiVivoKit SBOL3Exporter.swift
[451/531] Compiling NumiVivoKit SEDMLExporter.swift
[452/531] Compiling NumiVivoKit VivoSBMLImporter.swift
[453/531] Compiling NumiVivoKit VivoSBMLProgramMapper.swift
[454/531] Compiling NumiVivoKit VivoStandards.swift
[455/531] Compiling NumiVivoKit VivoExactSSA.swift
/Users/n/numivivo-cross-scale-fix-20260914/Sources/NumiVivoKit/Structure/Formats/VivoMMCIF.swift:175:17: warning: variable 'line' was never mutated; consider changing to 'let' constant
173 |         var lineIndex = 0
174 |         while lineIndex < lines.count {
175 |             var line = lines[lineIndex]
    |                 `- warning: variable 'line' was never mutated; consider changing to 'let' constant
176 |             if line.hasPrefix(";") {
177 |                 var block = String(line.dropFirst())

/Users/n/numivivo-cross-scale-fix-20260914/Sources/NumiVivoKit/Structure/VivoStructureNormalization.swift:160:13: warning: variable 'rewrite' was never mutated; consider changing to 'let' constant
158 |                                             conformers: conformers, periodicCell: source.periodicCell,
159 |                                             metadata: source.metadata)
160 |         var rewrite = VivoStructureRewrite(structure: output, oldToNew: oldToNew, newToOld: unique)
    |             `- warning: variable 'rewrite' was never mutated; consider changing to 'let' constant
161 |         try rewrite.validate(originalAtomCount: source.atoms.count)
162 |         return rewrite
[456/531] Compiling NumiVivoKit VivoHybridExecution.swift
/Users/n/numivivo-cross-scale-fix-20260914/Sources/NumiVivoKit/Structure/Formats/VivoMMCIF.swift:175:17: warning: variable 'line' was never mutated; consider changing to 'let' constant
173 |         var lineIndex = 0
174 |         while lineIndex < lines.count {
175 |             var line = lines[lineIndex]
    |                 `- warning: variable 'line' was never mutated; consider changing to 'let' constant
176 |             if line.hasPrefix(";") {
177 |                 var block = String(line.dropFirst())

/Users/n/numivivo-cross-scale-fix-20260914/Sources/NumiVivoKit/Structure/VivoStructureNormalization.swift:160:13: warning: variable 'rewrite' was never mutated; consider changing to 'let' constant
158 |                                             conformers: conformers, periodicCell: source.periodicCell,
159 |                                             metadata: source.metadata)
160 |         var rewrite = VivoStructureRewrite(structure: output, oldToNew: oldToNew, newToOld: unique)
    |             `- warning: variable 'rewrite' was never mutated; consider changing to 'let' constant
161 |         try rewrite.validate(originalAtomCount: source.atoms.count)
162 |         return rewrite
[457/531] Compiling NumiVivoKit VivoHybridExplicitPlanBuilder.swift
/Users/n/numivivo-cross-scale-fix-20260914/Sources/NumiVivoKit/Structure/Formats/VivoMMCIF.swift:175:17: warning: variable 'line' was never mutated; consider changing to 'let' constant
173 |         var lineIndex = 0
174 |         while lineIndex < lines.count {
175 |             var line = lines[lineIndex]
    |                 `- warning: variable 'line' was never mutated; consider changing to 'let' constant
176 |             if line.hasPrefix(";") {
177 |                 var block = String(line.dropFirst())

/Users/n/numivivo-cross-scale-fix-20260914/Sources/NumiVivoKit/Structure/VivoStructureNormalization.swift:160:13: warning: variable 'rewrite' was never mutated; consider changing to 'let' constant
158 |                                             conformers: conformers, periodicCell: source.periodicCell,
159 |                                             metadata: source.metadata)
160 |         var rewrite = VivoStructureRewrite(structure: output, oldToNew: oldToNew, newToOld: unique)
    |             `- warning: variable 'rewrite' was never mutated; consider changing to 'let' constant
161 |         try rewrite.validate(originalAtomCount: source.atoms.count)
162 |         return rewrite
[458/531] Compiling NumiVivoKit VivoHybridReactionRuntime.swift
/Users/n/numivivo-cross-scale-fix-20260914/Sources/NumiVivoKit/Structure/Formats/VivoMMCIF.swift:175:17: warning: variable 'line' was never mutated; consider changing to 'let' constant
173 |         var lineIndex = 0
174 |         while lineIndex < lines.count {
175 |             var line = lines[lineIndex]
    |                 `- warning: variable 'line' was never mutated; consider changing to 'let' constant
176 |             if line.hasPrefix(";") {
177 |                 var block = String(line.dropFirst())

/Users/n/numivivo-cross-scale-fix-20260914/Sources/NumiVivoKit/Structure/VivoStructureNormalization.swift:160:13: warning: variable 'rewrite' was never mutated; consider changing to 'let' constant
158 |                                             conformers: conformers, periodicCell: source.periodicCell,
159 |                                             metadata: source.metadata)
160 |         var rewrite = VivoStructureRewrite(structure: output, oldToNew: oldToNew, newToOld: unique)
    |             `- warning: variable 'rewrite' was never mutated; consider changing to 'let' constant
161 |         try rewrite.validate(originalAtomCount: source.atoms.count)
162 |         return rewrite
[459/531] Compiling NumiVivoKit VivoHybridStochasticPlanner.swift
/Users/n/numivivo-cross-scale-fix-20260914/Sources/NumiVivoKit/Structure/Formats/VivoMMCIF.swift:175:17: warning: variable 'line' was never mutated; consider changing to 'let' constant
173 |         var lineIndex = 0
174 |         while lineIndex < lines.count {
175 |             var line = lines[lineIndex]
    |                 `- warning: variable 'line' was never mutated; consider changing to 'let' constant
176 |             if line.hasPrefix(";") {
177 |                 var block = String(line.dropFirst())

/Users/n/numivivo-cross-scale-fix-20260914/Sources/NumiVivoKit/Structure/VivoStructureNormalization.swift:160:13: warning: variable 'rewrite' was never mutated; consider changing to 'let' constant
158 |                                             conformers: conformers, periodicCell: source.periodicCell,
159 |                                             metadata: source.metadata)
160 |         var rewrite = VivoStructureRewrite(structure: output, oldToNew: oldToNew, newToOld: unique)
    |             `- warning: variable 'rewrite' was never mutated; consider changing to 'let' constant
161 |         try rewrite.validate(originalAtomCount: source.atoms.count)
162 |         return rewrite
[460/531] Compiling NumiVivoKit VivoMMCIF.swift
/Users/n/numivivo-cross-scale-fix-20260914/Sources/NumiVivoKit/Structure/Formats/VivoMMCIF.swift:175:17: warning: variable 'line' was never mutated; consider changing to 'let' constant
173 |         var lineIndex = 0
174 |         while lineIndex < lines.count {
175 |             var line = lines[lineIndex]
    |                 `- warning: variable 'line' was never mutated; consider changing to 'let' constant
176 |             if line.hasPrefix(";") {
177 |                 var block = String(line.dropFirst())

/Users/n/numivivo-cross-scale-fix-20260914/Sources/NumiVivoKit/Structure/VivoStructureNormalization.swift:160:13: warning: variable 'rewrite' was never mutated; consider changing to 'let' constant
158 |                                             conformers: conformers, periodicCell: source.periodicCell,
159 |                                             metadata: source.metadata)
160 |         var rewrite = VivoStructureRewrite(structure: output, oldToNew: oldToNew, newToOld: unique)
    |             `- warning: variable 'rewrite' was never mutated; consider changing to 'let' constant
161 |         try rewrite.validate(originalAtomCount: source.atoms.count)
162 |         return rewrite
[461/531] Compiling NumiVivoKit VivoMOL2.swift
/Users/n/numivivo-cross-scale-fix-20260914/Sources/NumiVivoKit/Structure/Formats/VivoMMCIF.swift:175:17: warning: variable 'line' was never mutated; consider changing to 'let' constant
173 |         var lineIndex = 0
174 |         while lineIndex < lines.count {
175 |             var line = lines[lineIndex]
    |                 `- warning: variable 'line' was never mutated; consider changing to 'let' constant
176 |             if line.hasPrefix(";") {
177 |                 var block = String(line.dropFirst())

/Users/n/numivivo-cross-scale-fix-20260914/Sources/NumiVivoKit/Structure/VivoStructureNormalization.swift:160:13: warning: variable 'rewrite' was never mutated; consider changing to 'let' constant
158 |                                             conformers: conformers, periodicCell: source.periodicCell,
159 |                                             metadata: source.metadata)
160 |         var rewrite = VivoStructureRewrite(structure: output, oldToNew: oldToNew, newToOld: unique)
    |             `- warning: variable 'rewrite' was never mutated; consider changing to 'let' constant
161 |         try rewrite.validate(originalAtomCount: source.atoms.count)
162 |         return rewrite
[462/531] Compiling NumiVivoKit VivoPDB.swift
/Users/n/numivivo-cross-scale-fix-20260914/Sources/NumiVivoKit/Structure/Formats/VivoMMCIF.swift:175:17: warning: variable 'line' was never mutated; consider changing to 'let' constant
173 |         var lineIndex = 0
174 |         while lineIndex < lines.count {
175 |             var line = lines[lineIndex]
    |                 `- warning: variable 'line' was never mutated; consider changing to 'let' constant
176 |             if line.hasPrefix(";") {
177 |                 var block = String(line.dropFirst())

/Users/n/numivivo-cross-scale-fix-20260914/Sources/NumiVivoKit/Structure/VivoStructureNormalization.swift:160:13: warning: variable 'rewrite' was never mutated; consider changing to 'let' constant
158 |                                             conformers: conformers, periodicCell: source.periodicCell,
159 |                                             metadata: source.metadata)
160 |         var rewrite = VivoStructureRewrite(structure: output, oldToNew: oldToNew, newToOld: unique)
    |             `- warning: variable 'rewrite' was never mutated; consider changing to 'let' constant
161 |         try rewrite.validate(originalAtomCount: source.atoms.count)
162 |         return rewrite
[463/531] Compiling NumiVivoKit VivoSDF.swift
/Users/n/numivivo-cross-scale-fix-20260914/Sources/NumiVivoKit/Structure/Formats/VivoMMCIF.swift:175:17: warning: variable 'line' was never mutated; consider changing to 'let' constant
173 |         var lineIndex = 0
174 |         while lineIndex < lines.count {
175 |             var line = lines[lineIndex]
    |                 `- warning: variable 'line' was never mutated; consider changing to 'let' constant
176 |             if line.hasPrefix(";") {
177 |                 var block = String(line.dropFirst())

/Users/n/numivivo-cross-scale-fix-20260914/Sources/NumiVivoKit/Structure/VivoStructureNormalization.swift:160:13: warning: variable 'rewrite' was never mutated; consider changing to 'let' constant
158 |                                             conformers: conformers, periodicCell: source.periodicCell,
159 |                                             metadata: source.metadata)
160 |         var rewrite = VivoStructureRewrite(structure: output, oldToNew: oldToNew, newToOld: unique)
    |             `- warning: variable 'rewrite' was never mutated; consider changing to 'let' constant
161 |         try rewrite.validate(originalAtomCount: source.atoms.count)
162 |         return rewrite
[464/531] Compiling NumiVivoKit VivoSMILES.swift
/Users/n/numivivo-cross-scale-fix-20260914/Sources/NumiVivoKit/Structure/Formats/VivoMMCIF.swift:175:17: warning: variable 'line' was never mutated; consider changing to 'let' constant
173 |         var lineIndex = 0
174 |         while lineIndex < lines.count {
175 |             var line = lines[lineIndex]
    |                 `- warning: variable 'line' was never mutated; consider changing to 'let' constant
176 |             if line.hasPrefix(";") {
177 |                 var block = String(line.dropFirst())

/Users/n/numivivo-cross-scale-fix-20260914/Sources/NumiVivoKit/Structure/VivoStructureNormalization.swift:160:13: warning: variable 'rewrite' was never mutated; consider changing to 'let' constant
158 |                                             conformers: conformers, periodicCell: source.periodicCell,
159 |                                             metadata: source.metadata)
160 |         var rewrite = VivoStructureRewrite(structure: output, oldToNew: oldToNew, newToOld: unique)
    |             `- warning: variable 'rewrite' was never mutated; consider changing to 'let' constant
161 |         try rewrite.validate(originalAtomCount: source.atoms.count)
162 |         return rewrite
[465/531] Compiling NumiVivoKit VivoAtomMapping.swift
/Users/n/numivivo-cross-scale-fix-20260914/Sources/NumiVivoKit/Structure/Formats/VivoMMCIF.swift:175:17: warning: variable 'line' was never mutated; consider changing to 'let' constant
173 |         var lineIndex = 0
174 |         while lineIndex < lines.count {
175 |             var line = lines[lineIndex]
    |                 `- warning: variable 'line' was never mutated; consider changing to 'let' constant
176 |             if line.hasPrefix(";") {
177 |                 var block = String(line.dropFirst())

/Users/n/numivivo-cross-scale-fix-20260914/Sources/NumiVivoKit/Structure/VivoStructureNormalization.swift:160:13: warning: variable 'rewrite' was never mutated; consider changing to 'let' constant
158 |                                             conformers: conformers, periodicCell: source.periodicCell,
159 |                                             metadata: source.metadata)
160 |         var rewrite = VivoStructureRewrite(structure: output, oldToNew: oldToNew, newToOld: unique)
    |             `- warning: variable 'rewrite' was never mutated; consider changing to 'let' constant
161 |         try rewrite.validate(originalAtomCount: source.atoms.count)
162 |         return rewrite
[466/531] Compiling NumiVivoKit VivoAtomSelection.swift
/Users/n/numivivo-cross-scale-fix-20260914/Sources/NumiVivoKit/Structure/Formats/VivoMMCIF.swift:175:17: warning: variable 'line' was never mutated; consider changing to 'let' constant
173 |         var lineIndex = 0
174 |         while lineIndex < lines.count {
175 |             var line = lines[lineIndex]
    |                 `- warning: variable 'line' was never mutated; consider changing to 'let' constant
176 |             if line.hasPrefix(";") {
177 |                 var block = String(line.dropFirst())

/Users/n/numivivo-cross-scale-fix-20260914/Sources/NumiVivoKit/Structure/VivoStructureNormalization.swift:160:13: warning: variable 'rewrite' was never mutated; consider changing to 'let' constant
158 |                                             conformers: conformers, periodicCell: source.periodicCell,
159 |                                             metadata: source.metadata)
160 |         var rewrite = VivoStructureRewrite(structure: output, oldToNew: oldToNew, newToOld: unique)
    |             `- warning: variable 'rewrite' was never mutated; consider changing to 'let' constant
161 |         try rewrite.validate(originalAtomCount: source.atoms.count)
162 |         return rewrite
[467/531] Compiling NumiVivoKit VivoMolecularPreparation.swift
/Users/n/numivivo-cross-scale-fix-20260914/Sources/NumiVivoKit/Structure/Formats/VivoMMCIF.swift:175:17: warning: variable 'line' was never mutated; consider changing to 'let' constant
173 |         var lineIndex = 0
174 |         while lineIndex < lines.count {
175 |             var line = lines[lineIndex]
    |                 `- warning: variable 'line' was never mutated; consider changing to 'let' constant
176 |             if line.hasPrefix(";") {
177 |                 var block = String(line.dropFirst())

/Users/n/numivivo-cross-scale-fix-20260914/Sources/NumiVivoKit/Structure/VivoStructureNormalization.swift:160:13: warning: variable 'rewrite' was never mutated; consider changing to 'let' constant
158 |                                             conformers: conformers, periodicCell: source.periodicCell,
159 |                                             metadata: source.metadata)
160 |         var rewrite = VivoStructureRewrite(structure: output, oldToNew: oldToNew, newToOld: unique)
    |             `- warning: variable 'rewrite' was never mutated; consider changing to 'let' constant
161 |         try rewrite.validate(originalAtomCount: source.atoms.count)
162 |         return rewrite
[468/531] Compiling NumiVivoKit VivoMolecularStructure.swift
/Users/n/numivivo-cross-scale-fix-20260914/Sources/NumiVivoKit/Structure/Formats/VivoMMCIF.swift:175:17: warning: variable 'line' was never mutated; consider changing to 'let' constant
173 |         var lineIndex = 0
174 |         while lineIndex < lines.count {
175 |             var line = lines[lineIndex]
    |                 `- warning: variable 'line' was never mutated; consider changing to 'let' constant
176 |             if line.hasPrefix(";") {
177 |                 var block = String(line.dropFirst())

/Users/n/numivivo-cross-scale-fix-20260914/Sources/NumiVivoKit/Structure/VivoStructureNormalization.swift:160:13: warning: variable 'rewrite' was never mutated; consider changing to 'let' constant
158 |                                             conformers: conformers, periodicCell: source.periodicCell,
159 |                                             metadata: source.metadata)
160 |         var rewrite = VivoStructureRewrite(structure: output, oldToNew: oldToNew, newToOld: unique)
    |             `- warning: variable 'rewrite' was never mutated; consider changing to 'let' constant
161 |         try rewrite.validate(originalAtomCount: source.atoms.count)
162 |         return rewrite
[469/531] Compiling NumiVivoKit VivoMolecularStructureDocument.swift
/Users/n/numivivo-cross-scale-fix-20260914/Sources/NumiVivoKit/Structure/Formats/VivoMMCIF.swift:175:17: warning: variable 'line' was never mutated; consider changing to 'let' constant
173 |         var lineIndex = 0
174 |         while lineIndex < lines.count {
175 |             var line = lines[lineIndex]
    |                 `- warning: variable 'line' was never mutated; consider changing to 'let' constant
176 |             if line.hasPrefix(";") {
177 |                 var block = String(line.dropFirst())

/Users/n/numivivo-cross-scale-fix-20260914/Sources/NumiVivoKit/Structure/VivoStructureNormalization.swift:160:13: warning: variable 'rewrite' was never mutated; consider changing to 'let' constant
158 |                                             conformers: conformers, periodicCell: source.periodicCell,
159 |                                             metadata: source.metadata)
160 |         var rewrite = VivoStructureRewrite(structure: output, oldToNew: oldToNew, newToOld: unique)
    |             `- warning: variable 'rewrite' was never mutated; consider changing to 'let' constant
161 |         try rewrite.validate(originalAtomCount: source.atoms.count)
162 |         return rewrite
[470/531] Compiling NumiVivoKit VivoPeriodicGeometry.swift
/Users/n/numivivo-cross-scale-fix-20260914/Sources/NumiVivoKit/Structure/Formats/VivoMMCIF.swift:175:17: warning: variable 'line' was never mutated; consider changing to 'let' constant
173 |         var lineIndex = 0
174 |         while lineIndex < lines.count {
175 |             var line = lines[lineIndex]
    |                 `- warning: variable 'line' was never mutated; consider changing to 'let' constant
176 |             if line.hasPrefix(";") {
177 |                 var block = String(line.dropFirst())

/Users/n/numivivo-cross-scale-fix-20260914/Sources/NumiVivoKit/Structure/VivoStructureNormalization.swift:160:13: warning: variable 'rewrite' was never mutated; consider changing to 'let' constant
158 |                                             conformers: conformers, periodicCell: source.periodicCell,
159 |                                             metadata: source.metadata)
160 |         var rewrite = VivoStructureRewrite(structure: output, oldToNew: oldToNew, newToOld: unique)
    |             `- warning: variable 'rewrite' was never mutated; consider changing to 'let' constant
161 |         try rewrite.validate(originalAtomCount: source.atoms.count)
162 |         return rewrite
[471/531] Compiling NumiVivoKit VivoSelectionQuery.swift
/Users/n/numivivo-cross-scale-fix-20260914/Sources/NumiVivoKit/Structure/Formats/VivoMMCIF.swift:175:17: warning: variable 'line' was never mutated; consider changing to 'let' constant
173 |         var lineIndex = 0
174 |         while lineIndex < lines.count {
175 |             var line = lines[lineIndex]
    |                 `- warning: variable 'line' was never mutated; consider changing to 'let' constant
176 |             if line.hasPrefix(";") {
177 |                 var block = String(line.dropFirst())

/Users/n/numivivo-cross-scale-fix-20260914/Sources/NumiVivoKit/Structure/VivoStructureNormalization.swift:160:13: warning: variable 'rewrite' was never mutated; consider changing to 'let' constant
158 |                                             conformers: conformers, periodicCell: source.periodicCell,
159 |                                             metadata: source.metadata)
160 |         var rewrite = VivoStructureRewrite(structure: output, oldToNew: oldToNew, newToOld: unique)
    |             `- warning: variable 'rewrite' was never mutated; consider changing to 'let' constant
161 |         try rewrite.validate(originalAtomCount: source.atoms.count)
162 |         return rewrite
[472/531] Compiling NumiVivoKit VivoStructureAssemblyBuilder.swift
/Users/n/numivivo-cross-scale-fix-20260914/Sources/NumiVivoKit/Structure/Formats/VivoMMCIF.swift:175:17: warning: variable 'line' was never mutated; consider changing to 'let' constant
173 |         var lineIndex = 0
174 |         while lineIndex < lines.count {
175 |             var line = lines[lineIndex]
    |                 `- warning: variable 'line' was never mutated; consider changing to 'let' constant
176 |             if line.hasPrefix(";") {
177 |                 var block = String(line.dropFirst())

/Users/n/numivivo-cross-scale-fix-20260914/Sources/NumiVivoKit/Structure/VivoStructureNormalization.swift:160:13: warning: variable 'rewrite' was never mutated; consider changing to 'let' constant
158 |                                             conformers: conformers, periodicCell: source.periodicCell,
159 |                                             metadata: source.metadata)
160 |         var rewrite = VivoStructureRewrite(structure: output, oldToNew: oldToNew, newToOld: unique)
    |             `- warning: variable 'rewrite' was never mutated; consider changing to 'let' constant
161 |         try rewrite.validate(originalAtomCount: source.atoms.count)
162 |         return rewrite
[473/531] Compiling NumiVivoKit VivoStructureCodec.swift
/Users/n/numivivo-cross-scale-fix-20260914/Sources/NumiVivoKit/Structure/Formats/VivoMMCIF.swift:175:17: warning: variable 'line' was never mutated; consider changing to 'let' constant
173 |         var lineIndex = 0
174 |         while lineIndex < lines.count {
175 |             var line = lines[lineIndex]
    |                 `- warning: variable 'line' was never mutated; consider changing to 'let' constant
176 |             if line.hasPrefix(";") {
177 |                 var block = String(line.dropFirst())

/Users/n/numivivo-cross-scale-fix-20260914/Sources/NumiVivoKit/Structure/VivoStructureNormalization.swift:160:13: warning: variable 'rewrite' was never mutated; consider changing to 'let' constant
158 |                                             conformers: conformers, periodicCell: source.periodicCell,
159 |                                             metadata: source.metadata)
160 |         var rewrite = VivoStructureRewrite(structure: output, oldToNew: oldToNew, newToOld: unique)
    |             `- warning: variable 'rewrite' was never mutated; consider changing to 'let' constant
161 |         try rewrite.validate(originalAtomCount: source.atoms.count)
162 |         return rewrite
[474/531] Compiling NumiVivoKit VivoStructureNormalization.swift
/Users/n/numivivo-cross-scale-fix-20260914/Sources/NumiVivoKit/Structure/Formats/VivoMMCIF.swift:175:17: warning: variable 'line' was never mutated; consider changing to 'let' constant
173 |         var lineIndex = 0
174 |         while lineIndex < lines.count {
175 |             var line = lines[lineIndex]
    |                 `- warning: variable 'line' was never mutated; consider changing to 'let' constant
176 |             if line.hasPrefix(";") {
177 |                 var block = String(line.dropFirst())

/Users/n/numivivo-cross-scale-fix-20260914/Sources/NumiVivoKit/Structure/VivoStructureNormalization.swift:160:13: warning: variable 'rewrite' was never mutated; consider changing to 'let' constant
158 |                                             conformers: conformers, periodicCell: source.periodicCell,
159 |                                             metadata: source.metadata)
160 |         var rewrite = VivoStructureRewrite(structure: output, oldToNew: oldToNew, newToOld: unique)
    |             `- warning: variable 'rewrite' was never mutated; consider changing to 'let' constant
161 |         try rewrite.validate(originalAtomCount: source.atoms.count)
162 |         return rewrite
[475/531] Compiling NumiVivoKit VivoStructureValidator.swift
/Users/n/numivivo-cross-scale-fix-20260914/Sources/NumiVivoKit/Structure/Formats/VivoMMCIF.swift:175:17: warning: variable 'line' was never mutated; consider changing to 'let' constant
173 |         var lineIndex = 0
174 |         while lineIndex < lines.count {
175 |             var line = lines[lineIndex]
    |                 `- warning: variable 'line' was never mutated; consider changing to 'let' constant
176 |             if line.hasPrefix(";") {
177 |                 var block = String(line.dropFirst())

/Users/n/numivivo-cross-scale-fix-20260914/Sources/NumiVivoKit/Structure/VivoStructureNormalization.swift:160:13: warning: variable 'rewrite' was never mutated; consider changing to 'let' constant
158 |                                             conformers: conformers, periodicCell: source.periodicCell,
159 |                                             metadata: source.metadata)
160 |         var rewrite = VivoStructureRewrite(structure: output, oldToNew: oldToNew, newToOld: unique)
    |             `- warning: variable 'rewrite' was never mutated; consider changing to 'let' constant
161 |         try rewrite.validate(originalAtomCount: source.atoms.count)
162 |         return rewrite
[476/531] Compiling NumiVivoKit VivoTopologyReconstruction.swift
/Users/n/numivivo-cross-scale-fix-20260914/Sources/NumiVivoKit/Structure/Formats/VivoMMCIF.swift:175:17: warning: variable 'line' was never mutated; consider changing to 'let' constant
173 |         var lineIndex = 0
174 |         while lineIndex < lines.count {
175 |             var line = lines[lineIndex]
    |                 `- warning: variable 'line' was never mutated; consider changing to 'let' constant
176 |             if line.hasPrefix(";") {
177 |                 var block = String(line.dropFirst())

/Users/n/numivivo-cross-scale-fix-20260914/Sources/NumiVivoKit/Structure/VivoStructureNormalization.swift:160:13: warning: variable 'rewrite' was never mutated; consider changing to 'let' constant
158 |                                             conformers: conformers, periodicCell: source.periodicCell,
159 |                                             metadata: source.metadata)
160 |         var rewrite = VivoStructureRewrite(structure: output, oldToNew: oldToNew, newToOld: unique)
    |             `- warning: variable 'rewrite' was never mutated; consider changing to 'let' constant
161 |         try rewrite.validate(originalAtomCount: source.atoms.count)
162 |         return rewrite
[477/531] Compiling NumiVivoKit VivoTrajectory.swift
/Users/n/numivivo-cross-scale-fix-20260914/Sources/NumiVivoKit/Structure/Formats/VivoMMCIF.swift:175:17: warning: variable 'line' was never mutated; consider changing to 'let' constant
173 |         var lineIndex = 0
174 |         while lineIndex < lines.count {
175 |             var line = lines[lineIndex]
    |                 `- warning: variable 'line' was never mutated; consider changing to 'let' constant
176 |             if line.hasPrefix(";") {
177 |                 var block = String(line.dropFirst())

/Users/n/numivivo-cross-scale-fix-20260914/Sources/NumiVivoKit/Structure/VivoStructureNormalization.swift:160:13: warning: variable 'rewrite' was never mutated; consider changing to 'let' constant
158 |                                             conformers: conformers, periodicCell: source.periodicCell,
159 |                                             metadata: source.metadata)
160 |         var rewrite = VivoStructureRewrite(structure: output, oldToNew: oldToNew, newToOld: unique)
    |             `- warning: variable 'rewrite' was never mutated; consider changing to 'let' constant
161 |         try rewrite.validate(originalAtomCount: source.atoms.count)
162 |         return rewrite
[478/531] Compiling NumiVivoKit VivoCoreMLSurrogateBackend.swift
/Users/n/numivivo-cross-scale-fix-20260914/Sources/NumiVivoKit/Structure/Formats/VivoMMCIF.swift:175:17: warning: variable 'line' was never mutated; consider changing to 'let' constant
173 |         var lineIndex = 0
174 |         while lineIndex < lines.count {
175 |             var line = lines[lineIndex]
    |                 `- warning: variable 'line' was never mutated; consider changing to 'let' constant
176 |             if line.hasPrefix(";") {
177 |                 var block = String(line.dropFirst())

/Users/n/numivivo-cross-scale-fix-20260914/Sources/NumiVivoKit/Structure/VivoStructureNormalization.swift:160:13: warning: variable 'rewrite' was never mutated; consider changing to 'let' constant
158 |                                             conformers: conformers, periodicCell: source.periodicCell,
159 |                                             metadata: source.metadata)
160 |         var rewrite = VivoStructureRewrite(structure: output, oldToNew: oldToNew, newToOld: unique)
    |             `- warning: variable 'rewrite' was never mutated; consider changing to 'let' constant
161 |         try rewrite.validate(originalAtomCount: source.atoms.count)
162 |         return rewrite
[479/531] Compiling NumiVivoKit VivoNuclearQualification.swift
/Users/n/numivivo-cross-scale-fix-20260914/Sources/NumiVivoKit/Runtime/MetalCapabilities.swift:102:35: warning: 'mac1' was deprecated in macOS 13.0: renamed to 'MTLGPUFamily.mac2' [#DeprecatedDeclaration]
100 |         if device.supportsFamily(.apple1) { return .apple1 }
101 |         if device.supportsFamily(.mac2) { return .mac2 }
102 |         if device.supportsFamily(.mac1) { return .mac1 }
    |                                   |- warning: 'mac1' was deprecated in macOS 13.0: renamed to 'MTLGPUFamily.mac2' [#DeprecatedDeclaration]
    |                                   `- note: use 'MTLGPUFamily.mac2' instead
103 |         return .unknown
104 |     }

[#DeprecatedDeclaration]: <https://docs.swift.org/compiler/documentation/diagnostics/deprecated-declaration>
[480/531] Compiling NumiVivoKit VivoReactionConnectivity.swift
/Users/n/numivivo-cross-scale-fix-20260914/Sources/NumiVivoKit/Runtime/MetalCapabilities.swift:102:35: warning: 'mac1' was deprecated in macOS 13.0: renamed to 'MTLGPUFamily.mac2' [#DeprecatedDeclaration]
100 |         if device.supportsFamily(.apple1) { return .apple1 }
101 |         if device.supportsFamily(.mac2) { return .mac2 }
102 |         if device.supportsFamily(.mac1) { return .mac1 }
    |                                   |- warning: 'mac1' was deprecated in macOS 13.0: renamed to 'MTLGPUFamily.mac2' [#DeprecatedDeclaration]
    |                                   `- note: use 'MTLGPUFamily.mac2' instead
103 |         return .unknown
104 |     }

[#DeprecatedDeclaration]: <https://docs.swift.org/compiler/documentation/diagnostics/deprecated-declaration>
[481/531] Compiling NumiVivoKit VivoResidualBarrierCampaign.swift
/Users/n/numivivo-cross-scale-fix-20260914/Sources/NumiVivoKit/Runtime/MetalCapabilities.swift:102:35: warning: 'mac1' was deprecated in macOS 13.0: renamed to 'MTLGPUFamily.mac2' [#DeprecatedDeclaration]
100 |         if device.supportsFamily(.apple1) { return .apple1 }
101 |         if device.supportsFamily(.mac2) { return .mac2 }
102 |         if device.supportsFamily(.mac1) { return .mac1 }
    |                                   |- warning: 'mac1' was deprecated in macOS 13.0: renamed to 'MTLGPUFamily.mac2' [#DeprecatedDeclaration]
    |                                   `- note: use 'MTLGPUFamily.mac2' instead
103 |         return .unknown
104 |     }

[#DeprecatedDeclaration]: <https://docs.swift.org/compiler/documentation/diagnostics/deprecated-declaration>
[482/531] Compiling NumiVivoKit VivoSamplingReactionSeed.swift
/Users/n/numivivo-cross-scale-fix-20260914/Sources/NumiVivoKit/Runtime/MetalCapabilities.swift:102:35: warning: 'mac1' was deprecated in macOS 13.0: renamed to 'MTLGPUFamily.mac2' [#DeprecatedDeclaration]
100 |         if device.supportsFamily(.apple1) { return .apple1 }
101 |         if device.supportsFamily(.mac2) { return .mac2 }
102 |         if device.supportsFamily(.mac1) { return .mac1 }
    |                                   |- warning: 'mac1' was deprecated in macOS 13.0: renamed to 'MTLGPUFamily.mac2' [#DeprecatedDeclaration]
    |                                   `- note: use 'MTLGPUFamily.mac2' instead
103 |         return .unknown
104 |     }

[#DeprecatedDeclaration]: <https://docs.swift.org/compiler/documentation/diagnostics/deprecated-declaration>
[483/531] Compiling NumiVivoKit VivoSolvatedECCPath.swift
/Users/n/numivivo-cross-scale-fix-20260914/Sources/NumiVivoKit/Runtime/MetalCapabilities.swift:102:35: warning: 'mac1' was deprecated in macOS 13.0: renamed to 'MTLGPUFamily.mac2' [#DeprecatedDeclaration]
100 |         if device.supportsFamily(.apple1) { return .apple1 }
101 |         if device.supportsFamily(.mac2) { return .mac2 }
102 |         if device.supportsFamily(.mac1) { return .mac1 }
    |                                   |- warning: 'mac1' was deprecated in macOS 13.0: renamed to 'MTLGPUFamily.mac2' [#DeprecatedDeclaration]
    |                                   `- note: use 'MTLGPUFamily.mac2' instead
103 |         return .unknown
104 |     }

[#DeprecatedDeclaration]: <https://docs.swift.org/compiler/documentation/diagnostics/deprecated-declaration>
[484/531] Compiling NumiVivoKit VivoTransitionStateTheory.swift
/Users/n/numivivo-cross-scale-fix-20260914/Sources/NumiVivoKit/Runtime/MetalCapabilities.swift:102:35: warning: 'mac1' was deprecated in macOS 13.0: renamed to 'MTLGPUFamily.mac2' [#DeprecatedDeclaration]
100 |         if device.supportsFamily(.apple1) { return .apple1 }
101 |         if device.supportsFamily(.mac2) { return .mac2 }
102 |         if device.supportsFamily(.mac1) { return .mac1 }
    |                                   |- warning: 'mac1' was deprecated in macOS 13.0: renamed to 'MTLGPUFamily.mac2' [#DeprecatedDeclaration]
    |                                   `- note: use 'MTLGPUFamily.mac2' instead
103 |         return .unknown
104 |     }

[#DeprecatedDeclaration]: <https://docs.swift.org/compiler/documentation/diagnostics/deprecated-declaration>
[485/531] Compiling NumiVivoKit VivoVariationalEmbedding.swift
/Users/n/numivivo-cross-scale-fix-20260914/Sources/NumiVivoKit/Runtime/MetalCapabilities.swift:102:35: warning: 'mac1' was deprecated in macOS 13.0: renamed to 'MTLGPUFamily.mac2' [#DeprecatedDeclaration]
100 |         if device.supportsFamily(.apple1) { return .apple1 }
101 |         if device.supportsFamily(.mac2) { return .mac2 }
102 |         if device.supportsFamily(.mac1) { return .mac1 }
    |                                   |- warning: 'mac1' was deprecated in macOS 13.0: renamed to 'MTLGPUFamily.mac2' [#DeprecatedDeclaration]
    |                                   `- note: use 'MTLGPUFamily.mac2' instead
103 |         return .unknown
104 |     }

[#DeprecatedDeclaration]: <https://docs.swift.org/compiler/documentation/diagnostics/deprecated-declaration>
[486/531] Compiling NumiVivoKit VivoVibrationalThermochemistry.swift
/Users/n/numivivo-cross-scale-fix-20260914/Sources/NumiVivoKit/Runtime/MetalCapabilities.swift:102:35: warning: 'mac1' was deprecated in macOS 13.0: renamed to 'MTLGPUFamily.mac2' [#DeprecatedDeclaration]
100 |         if device.supportsFamily(.apple1) { return .apple1 }
101 |         if device.supportsFamily(.mac2) { return .mac2 }
102 |         if device.supportsFamily(.mac1) { return .mac1 }
    |                                   |- warning: 'mac1' was deprecated in macOS 13.0: renamed to 'MTLGPUFamily.mac2' [#DeprecatedDeclaration]
    |                                   `- note: use 'MTLGPUFamily.mac2' instead
103 |         return .unknown
104 |     }

[#DeprecatedDeclaration]: <https://docs.swift.org/compiler/documentation/diagnostics/deprecated-declaration>
[487/531] Compiling NumiVivoKit VivoCorrelatedSamplingDiagnostics.swift
/Users/n/numivivo-cross-scale-fix-20260914/Sources/NumiVivoKit/Runtime/MetalCapabilities.swift:102:35: warning: 'mac1' was deprecated in macOS 13.0: renamed to 'MTLGPUFamily.mac2' [#DeprecatedDeclaration]
100 |         if device.supportsFamily(.apple1) { return .apple1 }
101 |         if device.supportsFamily(.mac2) { return .mac2 }
102 |         if device.supportsFamily(.mac1) { return .mac1 }
    |                                   |- warning: 'mac1' was deprecated in macOS 13.0: renamed to 'MTLGPUFamily.mac2' [#DeprecatedDeclaration]
    |                                   `- note: use 'MTLGPUFamily.mac2' instead
103 |         return .unknown
104 |     }

[#DeprecatedDeclaration]: <https://docs.swift.org/compiler/documentation/diagnostics/deprecated-declaration>
[488/531] Compiling NumiVivoKit VivoNuclearMetalPotential.swift
/Users/n/numivivo-cross-scale-fix-20260914/Sources/NumiVivoKit/Runtime/MetalCapabilities.swift:102:35: warning: 'mac1' was deprecated in macOS 13.0: renamed to 'MTLGPUFamily.mac2' [#DeprecatedDeclaration]
100 |         if device.supportsFamily(.apple1) { return .apple1 }
101 |         if device.supportsFamily(.mac2) { return .mac2 }
102 |         if device.supportsFamily(.mac1) { return .mac1 }
    |                                   |- warning: 'mac1' was deprecated in macOS 13.0: renamed to 'MTLGPUFamily.mac2' [#DeprecatedDeclaration]
    |                                   `- note: use 'MTLGPUFamily.mac2' instead
103 |         return .unknown
104 |     }

[#DeprecatedDeclaration]: <https://docs.swift.org/compiler/documentation/diagnostics/deprecated-declaration>
[489/531] Compiling NumiVivoKit VivoNuclearMetalSpecification.swift
/Users/n/numivivo-cross-scale-fix-20260914/Sources/NumiVivoKit/Runtime/MetalCapabilities.swift:102:35: warning: 'mac1' was deprecated in macOS 13.0: renamed to 'MTLGPUFamily.mac2' [#DeprecatedDeclaration]
100 |         if device.supportsFamily(.apple1) { return .apple1 }
101 |         if device.supportsFamily(.mac2) { return .mac2 }
102 |         if device.supportsFamily(.mac1) { return .mac1 }
    |                                   |- warning: 'mac1' was deprecated in macOS 13.0: renamed to 'MTLGPUFamily.mac2' [#DeprecatedDeclaration]
    |                                   `- note: use 'MTLGPUFamily.mac2' instead
103 |         return .unknown
104 |     }

[#DeprecatedDeclaration]: <https://docs.swift.org/compiler/documentation/diagnostics/deprecated-declaration>
[490/531] Compiling NumiVivoKit VivoNuclearMolecularGroups.swift
/Users/n/numivivo-cross-scale-fix-20260914/Sources/NumiVivoKit/Runtime/MetalCapabilities.swift:102:35: warning: 'mac1' was deprecated in macOS 13.0: renamed to 'MTLGPUFamily.mac2' [#DeprecatedDeclaration]
100 |         if device.supportsFamily(.apple1) { return .apple1 }
101 |         if device.supportsFamily(.mac2) { return .mac2 }
102 |         if device.supportsFamily(.mac1) { return .mac1 }
    |                                   |- warning: 'mac1' was deprecated in macOS 13.0: renamed to 'MTLGPUFamily.mac2' [#DeprecatedDeclaration]
    |                                   `- note: use 'MTLGPUFamily.mac2' instead
103 |         return .unknown
104 |     }

[#DeprecatedDeclaration]: <https://docs.swift.org/compiler/documentation/diagnostics/deprecated-declaration>
[491/531] Compiling NumiVivoKit VivoNuclearPotential.swift
/Users/n/numivivo-cross-scale-fix-20260914/Sources/NumiVivoKit/Runtime/MetalCapabilities.swift:102:35: warning: 'mac1' was deprecated in macOS 13.0: renamed to 'MTLGPUFamily.mac2' [#DeprecatedDeclaration]
100 |         if device.supportsFamily(.apple1) { return .apple1 }
101 |         if device.supportsFamily(.mac2) { return .mac2 }
102 |         if device.supportsFamily(.mac1) { return .mac1 }
    |                                   |- warning: 'mac1' was deprecated in macOS 13.0: renamed to 'MTLGPUFamily.mac2' [#DeprecatedDeclaration]
    |                                   `- note: use 'MTLGPUFamily.mac2' instead
103 |         return .unknown
104 |     }

[#DeprecatedDeclaration]: <https://docs.swift.org/compiler/documentation/diagnostics/deprecated-declaration>
[492/531] Compiling NumiVivoKit VivoSamplingRunValidation.swift
/Users/n/numivivo-cross-scale-fix-20260914/Sources/NumiVivoKit/Runtime/MetalCapabilities.swift:102:35: warning: 'mac1' was deprecated in macOS 13.0: renamed to 'MTLGPUFamily.mac2' [#DeprecatedDeclaration]
100 |         if device.supportsFamily(.apple1) { return .apple1 }
101 |         if device.supportsFamily(.mac2) { return .mac2 }
102 |         if device.supportsFamily(.mac1) { return .mac1 }
    |                                   |- warning: 'mac1' was deprecated in macOS 13.0: renamed to 'MTLGPUFamily.mac2' [#DeprecatedDeclaration]
    |                                   `- note: use 'MTLGPUFamily.mac2' instead
103 |         return .unknown
104 |     }

[#DeprecatedDeclaration]: <https://docs.swift.org/compiler/documentation/diagnostics/deprecated-declaration>
[493/531] Compiling NumiVivoKit VivoAtomicSpaceProjection.swift
/Users/n/numivivo-cross-scale-fix-20260914/Sources/NumiVivoKit/Runtime/MetalCapabilities.swift:102:35: warning: 'mac1' was deprecated in macOS 13.0: renamed to 'MTLGPUFamily.mac2' [#DeprecatedDeclaration]
100 |         if device.supportsFamily(.apple1) { return .apple1 }
101 |         if device.supportsFamily(.mac2) { return .mac2 }
102 |         if device.supportsFamily(.mac1) { return .mac1 }
    |                                   |- warning: 'mac1' was deprecated in macOS 13.0: renamed to 'MTLGPUFamily.mac2' [#DeprecatedDeclaration]
    |                                   `- note: use 'MTLGPUFamily.mac2' instead
103 |         return .unknown
104 |     }

[#DeprecatedDeclaration]: <https://docs.swift.org/compiler/documentation/diagnostics/deprecated-declaration>
[494/531] Compiling NumiVivoKit VivoMolecularSpacePreparation.swift
/Users/n/numivivo-cross-scale-fix-20260914/Sources/NumiVivoKit/Runtime/MetalCapabilities.swift:102:35: warning: 'mac1' was deprecated in macOS 13.0: renamed to 'MTLGPUFamily.mac2' [#DeprecatedDeclaration]
100 |         if device.supportsFamily(.apple1) { return .apple1 }
101 |         if device.supportsFamily(.mac2) { return .mac2 }
102 |         if device.supportsFamily(.mac1) { return .mac1 }
    |                                   |- warning: 'mac1' was deprecated in macOS 13.0: renamed to 'MTLGPUFamily.mac2' [#DeprecatedDeclaration]
    |                                   `- note: use 'MTLGPUFamily.mac2' instead
103 |         return .unknown
104 |     }

[#DeprecatedDeclaration]: <https://docs.swift.org/compiler/documentation/diagnostics/deprecated-declaration>
[495/531] Compiling NumiVivoKit VivoPropertyDirectedSpace.swift
/Users/n/numivivo-cross-scale-fix-20260914/Sources/NumiVivoKit/Runtime/MetalCapabilities.swift:102:35: warning: 'mac1' was deprecated in macOS 13.0: renamed to 'MTLGPUFamily.mac2' [#DeprecatedDeclaration]
100 |         if device.supportsFamily(.apple1) { return .apple1 }
101 |         if device.supportsFamily(.mac2) { return .mac2 }
102 |         if device.supportsFamily(.mac1) { return .mac1 }
    |                                   |- warning: 'mac1' was deprecated in macOS 13.0: renamed to 'MTLGPUFamily.mac2' [#DeprecatedDeclaration]
    |                                   `- note: use 'MTLGPUFamily.mac2' instead
103 |         return .unknown
104 |     }

[#DeprecatedDeclaration]: <https://docs.swift.org/compiler/documentation/diagnostics/deprecated-declaration>
[496/531] Compiling NumiVivoKit VivoPropertyDirectedSpaceTypes.swift
/Users/n/numivivo-cross-scale-fix-20260914/Sources/NumiVivoKit/Runtime/MetalCapabilities.swift:102:35: warning: 'mac1' was deprecated in macOS 13.0: renamed to 'MTLGPUFamily.mac2' [#DeprecatedDeclaration]
100 |         if device.supportsFamily(.apple1) { return .apple1 }
101 |         if device.supportsFamily(.mac2) { return .mac2 }
102 |         if device.supportsFamily(.mac1) { return .mac1 }
    |                                   |- warning: 'mac1' was deprecated in macOS 13.0: renamed to 'MTLGPUFamily.mac2' [#DeprecatedDeclaration]
    |                                   `- note: use 'MTLGPUFamily.mac2' instead
103 |         return .unknown
104 |     }

[#DeprecatedDeclaration]: <https://docs.swift.org/compiler/documentation/diagnostics/deprecated-declaration>
[497/531] Compiling NumiVivoKit VivoPropertyRefinementExamples.swift
/Users/n/numivivo-cross-scale-fix-20260914/Sources/NumiVivoKit/Runtime/MetalCapabilities.swift:102:35: warning: 'mac1' was deprecated in macOS 13.0: renamed to 'MTLGPUFamily.mac2' [#DeprecatedDeclaration]
100 |         if device.supportsFamily(.apple1) { return .apple1 }
101 |         if device.supportsFamily(.mac2) { return .mac2 }
102 |         if device.supportsFamily(.mac1) { return .mac1 }
    |                                   |- warning: 'mac1' was deprecated in macOS 13.0: renamed to 'MTLGPUFamily.mac2' [#DeprecatedDeclaration]
    |                                   `- note: use 'MTLGPUFamily.mac2' instead
103 |         return .unknown
104 |     }

[#DeprecatedDeclaration]: <https://docs.swift.org/compiler/documentation/diagnostics/deprecated-declaration>
[498/531] Compiling NumiVivoKit VivoRefinementStates.swift
/Users/n/numivivo-cross-scale-fix-20260914/Sources/NumiVivoKit/Runtime/MetalCapabilities.swift:102:35: warning: 'mac1' was deprecated in macOS 13.0: renamed to 'MTLGPUFamily.mac2' [#DeprecatedDeclaration]
100 |         if device.supportsFamily(.apple1) { return .apple1 }
101 |         if device.supportsFamily(.mac2) { return .mac2 }
102 |         if device.supportsFamily(.mac1) { return .mac1 }
    |                                   |- warning: 'mac1' was deprecated in macOS 13.0: renamed to 'MTLGPUFamily.mac2' [#DeprecatedDeclaration]
    |                                   `- note: use 'MTLGPUFamily.mac2' instead
103 |         return .unknown
104 |     }

[#DeprecatedDeclaration]: <https://docs.swift.org/compiler/documentation/diagnostics/deprecated-declaration>
[499/531] Compiling NumiVivoKit AdaptiveStepPlanner.swift
/Users/n/numivivo-cross-scale-fix-20260914/Sources/NumiVivoKit/Runtime/MetalCapabilities.swift:102:35: warning: 'mac1' was deprecated in macOS 13.0: renamed to 'MTLGPUFamily.mac2' [#DeprecatedDeclaration]
100 |         if device.supportsFamily(.apple1) { return .apple1 }
101 |         if device.supportsFamily(.mac2) { return .mac2 }
102 |         if device.supportsFamily(.mac1) { return .mac1 }
    |                                   |- warning: 'mac1' was deprecated in macOS 13.0: renamed to 'MTLGPUFamily.mac2' [#DeprecatedDeclaration]
    |                                   `- note: use 'MTLGPUFamily.mac2' instead
103 |         return .unknown
104 |     }

[#DeprecatedDeclaration]: <https://docs.swift.org/compiler/documentation/diagnostics/deprecated-declaration>
[500/531] Compiling NumiVivoKit ContextApplication.swift
/Users/n/numivivo-cross-scale-fix-20260914/Sources/NumiVivoKit/Runtime/MetalCapabilities.swift:102:35: warning: 'mac1' was deprecated in macOS 13.0: renamed to 'MTLGPUFamily.mac2' [#DeprecatedDeclaration]
100 |         if device.supportsFamily(.apple1) { return .apple1 }
101 |         if device.supportsFamily(.mac2) { return .mac2 }
102 |         if device.supportsFamily(.mac1) { return .mac1 }
    |                                   |- warning: 'mac1' was deprecated in macOS 13.0: renamed to 'MTLGPUFamily.mac2' [#DeprecatedDeclaration]
    |                                   `- note: use 'MTLGPUFamily.mac2' instead
103 |         return .unknown
104 |     }

[#DeprecatedDeclaration]: <https://docs.swift.org/compiler/documentation/diagnostics/deprecated-declaration>
[501/531] Compiling NumiVivoKit MetalArena.swift
/Users/n/numivivo-cross-scale-fix-20260914/Sources/NumiVivoKit/Runtime/MetalCapabilities.swift:102:35: warning: 'mac1' was deprecated in macOS 13.0: renamed to 'MTLGPUFamily.mac2' [#DeprecatedDeclaration]
100 |         if device.supportsFamily(.apple1) { return .apple1 }
101 |         if device.supportsFamily(.mac2) { return .mac2 }
102 |         if device.supportsFamily(.mac1) { return .mac1 }
    |                                   |- warning: 'mac1' was deprecated in macOS 13.0: renamed to 'MTLGPUFamily.mac2' [#DeprecatedDeclaration]
    |                                   `- note: use 'MTLGPUFamily.mac2' instead
103 |         return .unknown
104 |     }

[#DeprecatedDeclaration]: <https://docs.swift.org/compiler/documentation/diagnostics/deprecated-declaration>
[502/531] Compiling NumiVivoKit MetalCapabilities.swift
/Users/n/numivivo-cross-scale-fix-20260914/Sources/NumiVivoKit/Runtime/MetalCapabilities.swift:102:35: warning: 'mac1' was deprecated in macOS 13.0: renamed to 'MTLGPUFamily.mac2' [#DeprecatedDeclaration]
100 |         if device.supportsFamily(.apple1) { return .apple1 }
101 |         if device.supportsFamily(.mac2) { return .mac2 }
102 |         if device.supportsFamily(.mac1) { return .mac1 }
    |                                   |- warning: 'mac1' was deprecated in macOS 13.0: renamed to 'MTLGPUFamily.mac2' [#DeprecatedDeclaration]
    |                                   `- note: use 'MTLGPUFamily.mac2' instead
103 |         return .unknown
104 |     }

[#DeprecatedDeclaration]: <https://docs.swift.org/compiler/documentation/diagnostics/deprecated-declaration>
[503/531] Compiling NumiVivoKit VivoReactiveDeltaSurrogate.swift
/Users/n/numivivo-cross-scale-fix-20260914/Sources/NumiVivoKit/Surrogates/VivoReactiveMetalBackend.swift:54:52: warning: 'fastMathEnabled' was deprecated in macOS 15.0: Use mathMode instead [#DeprecatedDeclaration]
 52 |         coefficients = try buffer(payload.coefficientsKJPerMol.flatMap { $0 })
 53 |         scales = try buffer(payload.configuration.features.map { 1/($0.scaleNM*$0.scaleNM) })
 54 |         let options = MTLCompileOptions(); options.fastMathEnabled = false
    |                                                    `- warning: 'fastMathEnabled' was deprecated in macOS 15.0: Use mathMode instead [#DeprecatedDeclaration]
 55 |         let library = try device.makeLibrary(source: Self.source,options: options)
 56 |         guard let function = library.makeFunction(name: "vivo_reactive_delta") else { throw VivoChemistryError.invalid("missing reactive Metal kernel") }

/Users/n/numivivo-cross-scale-fix-20260914/Sources/NumiVivoKit/Workflow/VivoAdvancedChemistryOperations.swift:169:42: warning: capture of non-Sendable type 'T.Type' in an isolated local function [#SendableMetatypes]
167 |         @Sendable func read<T: Decodable>(_ type: T.Type, _ name: String, _ inputs: [String:Data]) throws -> T {
168 |             guard let data = inputs[name] else { throw VivoChemistryError.invalid("missing RI Hamiltonian slot \(name)") }
169 |             return try VivoCanonicalJSON.decode(type,from:data)
    |                                          `- warning: capture of non-Sendable type 'T.Type' in an isolated local function [#SendableMetatypes]
170 |         }
171 |         return .init(identifier:"vivo.native.ri-active-hamiltonian",version:"1",implementationFingerprint:id,

[#DeprecatedDeclaration]: <https://docs.swift.org/compiler/documentation/diagnostics/deprecated-declaration>
[#SendableMetatypes]: <https://docs.swift.org/compiler/documentation/diagnostics/sendable-metatypes>
[504/531] Compiling NumiVivoKit VivoReactiveMetalBackend.swift
/Users/n/numivivo-cross-scale-fix-20260914/Sources/NumiVivoKit/Surrogates/VivoReactiveMetalBackend.swift:54:52: warning: 'fastMathEnabled' was deprecated in macOS 15.0: Use mathMode instead [#DeprecatedDeclaration]
 52 |         coefficients = try buffer(payload.coefficientsKJPerMol.flatMap { $0 })
 53 |         scales = try buffer(payload.configuration.features.map { 1/($0.scaleNM*$0.scaleNM) })
 54 |         let options = MTLCompileOptions(); options.fastMathEnabled = false
    |                                                    `- warning: 'fastMathEnabled' was deprecated in macOS 15.0: Use mathMode instead [#DeprecatedDeclaration]
 55 |         let library = try device.makeLibrary(source: Self.source,options: options)
 56 |         guard let function = library.makeFunction(name: "vivo_reactive_delta") else { throw VivoChemistryError.invalid("missing reactive Metal kernel") }

/Users/n/numivivo-cross-scale-fix-20260914/Sources/NumiVivoKit/Workflow/VivoAdvancedChemistryOperations.swift:169:42: warning: capture of non-Sendable type 'T.Type' in an isolated local function [#SendableMetatypes]
167 |         @Sendable func read<T: Decodable>(_ type: T.Type, _ name: String, _ inputs: [String:Data]) throws -> T {
168 |             guard let data = inputs[name] else { throw VivoChemistryError.invalid("missing RI Hamiltonian slot \(name)") }
169 |             return try VivoCanonicalJSON.decode(type,from:data)
    |                                          `- warning: capture of non-Sendable type 'T.Type' in an isolated local function [#SendableMetatypes]
170 |         }
171 |         return .init(identifier:"vivo.native.ri-active-hamiltonian",version:"1",implementationFingerprint:id,

[#DeprecatedDeclaration]: <https://docs.swift.org/compiler/documentation/diagnostics/deprecated-declaration>
[#SendableMetatypes]: <https://docs.swift.org/compiler/documentation/diagnostics/sendable-metatypes>
[505/531] Compiling NumiVivoKit VivoReactiveSurrogateCoverage.swift
/Users/n/numivivo-cross-scale-fix-20260914/Sources/NumiVivoKit/Surrogates/VivoReactiveMetalBackend.swift:54:52: warning: 'fastMathEnabled' was deprecated in macOS 15.0: Use mathMode instead [#DeprecatedDeclaration]
 52 |         coefficients = try buffer(payload.coefficientsKJPerMol.flatMap { $0 })
 53 |         scales = try buffer(payload.configuration.features.map { 1/($0.scaleNM*$0.scaleNM) })
 54 |         let options = MTLCompileOptions(); options.fastMathEnabled = false
    |                                                    `- warning: 'fastMathEnabled' was deprecated in macOS 15.0: Use mathMode instead [#DeprecatedDeclaration]
 55 |         let library = try device.makeLibrary(source: Self.source,options: options)
 56 |         guard let function = library.makeFunction(name: "vivo_reactive_delta") else { throw VivoChemistryError.invalid("missing reactive Metal kernel") }

/Users/n/numivivo-cross-scale-fix-20260914/Sources/NumiVivoKit/Workflow/VivoAdvancedChemistryOperations.swift:169:42: warning: capture of non-Sendable type 'T.Type' in an isolated local function [#SendableMetatypes]
167 |         @Sendable func read<T: Decodable>(_ type: T.Type, _ name: String, _ inputs: [String:Data]) throws -> T {
168 |             guard let data = inputs[name] else { throw VivoChemistryError.invalid("missing RI Hamiltonian slot \(name)") }
169 |             return try VivoCanonicalJSON.decode(type,from:data)
    |                                          `- warning: capture of non-Sendable type 'T.Type' in an isolated local function [#SendableMetatypes]
170 |         }
171 |         return .init(identifier:"vivo.native.ri-active-hamiltonian",version:"1",implementationFingerprint:id,

[#DeprecatedDeclaration]: <https://docs.swift.org/compiler/documentation/diagnostics/deprecated-declaration>
[#SendableMetatypes]: <https://docs.swift.org/compiler/documentation/diagnostics/sendable-metatypes>
[506/531] Compiling NumiVivoKit VivoReactiveSurrogateSampling.swift
/Users/n/numivivo-cross-scale-fix-20260914/Sources/NumiVivoKit/Surrogates/VivoReactiveMetalBackend.swift:54:52: warning: 'fastMathEnabled' was deprecated in macOS 15.0: Use mathMode instead [#DeprecatedDeclaration]
 52 |         coefficients = try buffer(payload.coefficientsKJPerMol.flatMap { $0 })
 53 |         scales = try buffer(payload.configuration.features.map { 1/($0.scaleNM*$0.scaleNM) })
 54 |         let options = MTLCompileOptions(); options.fastMathEnabled = false
    |                                                    `- warning: 'fastMathEnabled' was deprecated in macOS 15.0: Use mathMode instead [#DeprecatedDeclaration]
 55 |         let library = try device.makeLibrary(source: Self.source,options: options)
 56 |         guard let function = library.makeFunction(name: "vivo_reactive_delta") else { throw VivoChemistryError.invalid("missing reactive Metal kernel") }

/Users/n/numivivo-cross-scale-fix-20260914/Sources/NumiVivoKit/Workflow/VivoAdvancedChemistryOperations.swift:169:42: warning: capture of non-Sendable type 'T.Type' in an isolated local function [#SendableMetatypes]
167 |         @Sendable func read<T: Decodable>(_ type: T.Type, _ name: String, _ inputs: [String:Data]) throws -> T {
168 |             guard let data = inputs[name] else { throw VivoChemistryError.invalid("missing RI Hamiltonian slot \(name)") }
169 |             return try VivoCanonicalJSON.decode(type,from:data)
    |                                          `- warning: capture of non-Sendable type 'T.Type' in an isolated local function [#SendableMetatypes]
170 |         }
171 |         return .init(identifier:"vivo.native.ri-active-hamiltonian",version:"1",implementationFingerprint:id,

[#DeprecatedDeclaration]: <https://docs.swift.org/compiler/documentation/diagnostics/deprecated-declaration>
[#SendableMetatypes]: <https://docs.swift.org/compiler/documentation/diagnostics/sendable-metatypes>
[507/531] Compiling NumiVivoKit VivoSurrogateContract.swift
/Users/n/numivivo-cross-scale-fix-20260914/Sources/NumiVivoKit/Surrogates/VivoReactiveMetalBackend.swift:54:52: warning: 'fastMathEnabled' was deprecated in macOS 15.0: Use mathMode instead [#DeprecatedDeclaration]
 52 |         coefficients = try buffer(payload.coefficientsKJPerMol.flatMap { $0 })
 53 |         scales = try buffer(payload.configuration.features.map { 1/($0.scaleNM*$0.scaleNM) })
 54 |         let options = MTLCompileOptions(); options.fastMathEnabled = false
    |                                                    `- warning: 'fastMathEnabled' was deprecated in macOS 15.0: Use mathMode instead [#DeprecatedDeclaration]
 55 |         let library = try device.makeLibrary(source: Self.source,options: options)
 56 |         guard let function = library.makeFunction(name: "vivo_reactive_delta") else { throw VivoChemistryError.invalid("missing reactive Metal kernel") }

/Users/n/numivivo-cross-scale-fix-20260914/Sources/NumiVivoKit/Workflow/VivoAdvancedChemistryOperations.swift:169:42: warning: capture of non-Sendable type 'T.Type' in an isolated local function [#SendableMetatypes]
167 |         @Sendable func read<T: Decodable>(_ type: T.Type, _ name: String, _ inputs: [String:Data]) throws -> T {
168 |             guard let data = inputs[name] else { throw VivoChemistryError.invalid("missing RI Hamiltonian slot \(name)") }
169 |             return try VivoCanonicalJSON.decode(type,from:data)
    |                                          `- warning: capture of non-Sendable type 'T.Type' in an isolated local function [#SendableMetatypes]
170 |         }
171 |         return .init(identifier:"vivo.native.ri-active-hamiltonian",version:"1",implementationFingerprint:id,

[#DeprecatedDeclaration]: <https://docs.swift.org/compiler/documentation/diagnostics/deprecated-declaration>
[#SendableMetatypes]: <https://docs.swift.org/compiler/documentation/diagnostics/sendable-metatypes>
[508/531] Compiling NumiVivoKit VivoGlobalJointUncertainty.swift
/Users/n/numivivo-cross-scale-fix-20260914/Sources/NumiVivoKit/Surrogates/VivoReactiveMetalBackend.swift:54:52: warning: 'fastMathEnabled' was deprecated in macOS 15.0: Use mathMode instead [#DeprecatedDeclaration]
 52 |         coefficients = try buffer(payload.coefficientsKJPerMol.flatMap { $0 })
 53 |         scales = try buffer(payload.configuration.features.map { 1/($0.scaleNM*$0.scaleNM) })
 54 |         let options = MTLCompileOptions(); options.fastMathEnabled = false
    |                                                    `- warning: 'fastMathEnabled' was deprecated in macOS 15.0: Use mathMode instead [#DeprecatedDeclaration]
 55 |         let library = try device.makeLibrary(source: Self.source,options: options)
 56 |         guard let function = library.makeFunction(name: "vivo_reactive_delta") else { throw VivoChemistryError.invalid("missing reactive Metal kernel") }

/Users/n/numivivo-cross-scale-fix-20260914/Sources/NumiVivoKit/Workflow/VivoAdvancedChemistryOperations.swift:169:42: warning: capture of non-Sendable type 'T.Type' in an isolated local function [#SendableMetatypes]
167 |         @Sendable func read<T: Decodable>(_ type: T.Type, _ name: String, _ inputs: [String:Data]) throws -> T {
168 |             guard let data = inputs[name] else { throw VivoChemistryError.invalid("missing RI Hamiltonian slot \(name)") }
169 |             return try VivoCanonicalJSON.decode(type,from:data)
    |                                          `- warning: capture of non-Sendable type 'T.Type' in an isolated local function [#SendableMetatypes]
170 |         }
171 |         return .init(identifier:"vivo.native.ri-active-hamiltonian",version:"1",implementationFingerprint:id,

[#DeprecatedDeclaration]: <https://docs.swift.org/compiler/documentation/diagnostics/deprecated-declaration>
[#SendableMetatypes]: <https://docs.swift.org/compiler/documentation/diagnostics/sendable-metatypes>
[509/531] Compiling NumiVivoKit VivoGlobalKineticUncertainty.swift
/Users/n/numivivo-cross-scale-fix-20260914/Sources/NumiVivoKit/Surrogates/VivoReactiveMetalBackend.swift:54:52: warning: 'fastMathEnabled' was deprecated in macOS 15.0: Use mathMode instead [#DeprecatedDeclaration]
 52 |         coefficients = try buffer(payload.coefficientsKJPerMol.flatMap { $0 })
 53 |         scales = try buffer(payload.configuration.features.map { 1/($0.scaleNM*$0.scaleNM) })
 54 |         let options = MTLCompileOptions(); options.fastMathEnabled = false
    |                                                    `- warning: 'fastMathEnabled' was deprecated in macOS 15.0: Use mathMode instead [#DeprecatedDeclaration]
 55 |         let library = try device.makeLibrary(source: Self.source,options: options)
 56 |         guard let function = library.makeFunction(name: "vivo_reactive_delta") else { throw VivoChemistryError.invalid("missing reactive Metal kernel") }

/Users/n/numivivo-cross-scale-fix-20260914/Sources/NumiVivoKit/Workflow/VivoAdvancedChemistryOperations.swift:169:42: warning: capture of non-Sendable type 'T.Type' in an isolated local function [#SendableMetatypes]
167 |         @Sendable func read<T: Decodable>(_ type: T.Type, _ name: String, _ inputs: [String:Data]) throws -> T {
168 |             guard let data = inputs[name] else { throw VivoChemistryError.invalid("missing RI Hamiltonian slot \(name)") }
169 |             return try VivoCanonicalJSON.decode(type,from:data)
    |                                          `- warning: capture of non-Sendable type 'T.Type' in an isolated local function [#SendableMetatypes]
170 |         }
171 |         return .init(identifier:"vivo.native.ri-active-hamiltonian",version:"1",implementationFingerprint:id,

[#DeprecatedDeclaration]: <https://docs.swift.org/compiler/documentation/diagnostics/deprecated-declaration>
[#SendableMetatypes]: <https://docs.swift.org/compiler/documentation/diagnostics/sendable-metatypes>
[510/531] Compiling NumiVivoKit VivoAdvancedChemistryOperations.swift
/Users/n/numivivo-cross-scale-fix-20260914/Sources/NumiVivoKit/Surrogates/VivoReactiveMetalBackend.swift:54:52: warning: 'fastMathEnabled' was deprecated in macOS 15.0: Use mathMode instead [#DeprecatedDeclaration]
 52 |         coefficients = try buffer(payload.coefficientsKJPerMol.flatMap { $0 })
 53 |         scales = try buffer(payload.configuration.features.map { 1/($0.scaleNM*$0.scaleNM) })
 54 |         let options = MTLCompileOptions(); options.fastMathEnabled = false
    |                                                    `- warning: 'fastMathEnabled' was deprecated in macOS 15.0: Use mathMode instead [#DeprecatedDeclaration]
 55 |         let library = try device.makeLibrary(source: Self.source,options: options)
 56 |         guard let function = library.makeFunction(name: "vivo_reactive_delta") else { throw VivoChemistryError.invalid("missing reactive Metal kernel") }

/Users/n/numivivo-cross-scale-fix-20260914/Sources/NumiVivoKit/Workflow/VivoAdvancedChemistryOperations.swift:169:42: warning: capture of non-Sendable type 'T.Type' in an isolated local function [#SendableMetatypes]
167 |         @Sendable func read<T: Decodable>(_ type: T.Type, _ name: String, _ inputs: [String:Data]) throws -> T {
168 |             guard let data = inputs[name] else { throw VivoChemistryError.invalid("missing RI Hamiltonian slot \(name)") }
169 |             return try VivoCanonicalJSON.decode(type,from:data)
    |                                          `- warning: capture of non-Sendable type 'T.Type' in an isolated local function [#SendableMetatypes]
170 |         }
171 |         return .init(identifier:"vivo.native.ri-active-hamiltonian",version:"1",implementationFingerprint:id,

[#DeprecatedDeclaration]: <https://docs.swift.org/compiler/documentation/diagnostics/deprecated-declaration>
[#SendableMetatypes]: <https://docs.swift.org/compiler/documentation/diagnostics/sendable-metatypes>
[511/531] Compiling NumiVivoKit VivoAdvancedElectronicWorkflow.swift
/Users/n/numivivo-cross-scale-fix-20260914/Sources/NumiVivoKit/Surrogates/VivoReactiveMetalBackend.swift:54:52: warning: 'fastMathEnabled' was deprecated in macOS 15.0: Use mathMode instead [#DeprecatedDeclaration]
 52 |         coefficients = try buffer(payload.coefficientsKJPerMol.flatMap { $0 })
 53 |         scales = try buffer(payload.configuration.features.map { 1/($0.scaleNM*$0.scaleNM) })
 54 |         let options = MTLCompileOptions(); options.fastMathEnabled = false
    |                                                    `- warning: 'fastMathEnabled' was deprecated in macOS 15.0: Use mathMode instead [#DeprecatedDeclaration]
 55 |         let library = try device.makeLibrary(source: Self.source,options: options)
 56 |         guard let function = library.makeFunction(name: "vivo_reactive_delta") else { throw VivoChemistryError.invalid("missing reactive Metal kernel") }

/Users/n/numivivo-cross-scale-fix-20260914/Sources/NumiVivoKit/Workflow/VivoAdvancedChemistryOperations.swift:169:42: warning: capture of non-Sendable type 'T.Type' in an isolated local function [#SendableMetatypes]
167 |         @Sendable func read<T: Decodable>(_ type: T.Type, _ name: String, _ inputs: [String:Data]) throws -> T {
168 |             guard let data = inputs[name] else { throw VivoChemistryError.invalid("missing RI Hamiltonian slot \(name)") }
169 |             return try VivoCanonicalJSON.decode(type,from:data)
    |                                          `- warning: capture of non-Sendable type 'T.Type' in an isolated local function [#SendableMetatypes]
170 |         }
171 |         return .init(identifier:"vivo.native.ri-active-hamiltonian",version:"1",implementationFingerprint:id,

[#DeprecatedDeclaration]: <https://docs.swift.org/compiler/documentation/diagnostics/deprecated-declaration>
[#SendableMetatypes]: <https://docs.swift.org/compiler/documentation/diagnostics/sendable-metatypes>
[512/531] Compiling NumiVivoKit VivoChemistryWorkflow.swift
/Users/n/numivivo-cross-scale-fix-20260914/Sources/NumiVivoKit/Surrogates/VivoReactiveMetalBackend.swift:54:52: warning: 'fastMathEnabled' was deprecated in macOS 15.0: Use mathMode instead [#DeprecatedDeclaration]
 52 |         coefficients = try buffer(payload.coefficientsKJPerMol.flatMap { $0 })
 53 |         scales = try buffer(payload.configuration.features.map { 1/($0.scaleNM*$0.scaleNM) })
 54 |         let options = MTLCompileOptions(); options.fastMathEnabled = false
    |                                                    `- warning: 'fastMathEnabled' was deprecated in macOS 15.0: Use mathMode instead [#DeprecatedDeclaration]
 55 |         let library = try device.makeLibrary(source: Self.source,options: options)
 56 |         guard let function = library.makeFunction(name: "vivo_reactive_delta") else { throw VivoChemistryError.invalid("missing reactive Metal kernel") }

/Users/n/numivivo-cross-scale-fix-20260914/Sources/NumiVivoKit/Workflow/VivoAdvancedChemistryOperations.swift:169:42: warning: capture of non-Sendable type 'T.Type' in an isolated local function [#SendableMetatypes]
167 |         @Sendable func read<T: Decodable>(_ type: T.Type, _ name: String, _ inputs: [String:Data]) throws -> T {
168 |             guard let data = inputs[name] else { throw VivoChemistryError.invalid("missing RI Hamiltonian slot \(name)") }
169 |             return try VivoCanonicalJSON.decode(type,from:data)
    |                                          `- warning: capture of non-Sendable type 'T.Type' in an isolated local function [#SendableMetatypes]
170 |         }
171 |         return .init(identifier:"vivo.native.ri-active-hamiltonian",version:"1",implementationFingerprint:id,

[#DeprecatedDeclaration]: <https://docs.swift.org/compiler/documentation/diagnostics/deprecated-declaration>
[#SendableMetatypes]: <https://docs.swift.org/compiler/documentation/diagnostics/sendable-metatypes>
[513/531] Compiling NumiVivoKit VivoConditionalEncounterWorkflow.swift
/Users/n/numivivo-cross-scale-fix-20260914/Sources/NumiVivoKit/Surrogates/VivoReactiveMetalBackend.swift:54:52: warning: 'fastMathEnabled' was deprecated in macOS 15.0: Use mathMode instead [#DeprecatedDeclaration]
 52 |         coefficients = try buffer(payload.coefficientsKJPerMol.flatMap { $0 })
 53 |         scales = try buffer(payload.configuration.features.map { 1/($0.scaleNM*$0.scaleNM) })
 54 |         let options = MTLCompileOptions(); options.fastMathEnabled = false
    |                                                    `- warning: 'fastMathEnabled' was deprecated in macOS 15.0: Use mathMode instead [#DeprecatedDeclaration]
 55 |         let library = try device.makeLibrary(source: Self.source,options: options)
 56 |         guard let function = library.makeFunction(name: "vivo_reactive_delta") else { throw VivoChemistryError.invalid("missing reactive Metal kernel") }

/Users/n/numivivo-cross-scale-fix-20260914/Sources/NumiVivoKit/Workflow/VivoAdvancedChemistryOperations.swift:169:42: warning: capture of non-Sendable type 'T.Type' in an isolated local function [#SendableMetatypes]
167 |         @Sendable func read<T: Decodable>(_ type: T.Type, _ name: String, _ inputs: [String:Data]) throws -> T {
168 |             guard let data = inputs[name] else { throw VivoChemistryError.invalid("missing RI Hamiltonian slot \(name)") }
169 |             return try VivoCanonicalJSON.decode(type,from:data)
    |                                          `- warning: capture of non-Sendable type 'T.Type' in an isolated local function [#SendableMetatypes]
170 |         }
171 |         return .init(identifier:"vivo.native.ri-active-hamiltonian",version:"1",implementationFingerprint:id,

[#DeprecatedDeclaration]: <https://docs.swift.org/compiler/documentation/diagnostics/deprecated-declaration>
[#SendableMetatypes]: <https://docs.swift.org/compiler/documentation/diagnostics/sendable-metatypes>
[514/531] Compiling NumiVivoKit VivoCorrelationRefinementOperations.swift
/Users/n/numivivo-cross-scale-fix-20260914/Sources/NumiVivoKit/Surrogates/VivoReactiveMetalBackend.swift:54:52: warning: 'fastMathEnabled' was deprecated in macOS 15.0: Use mathMode instead [#DeprecatedDeclaration]
 52 |         coefficients = try buffer(payload.coefficientsKJPerMol.flatMap { $0 })
 53 |         scales = try buffer(payload.configuration.features.map { 1/($0.scaleNM*$0.scaleNM) })
 54 |         let options = MTLCompileOptions(); options.fastMathEnabled = false
    |                                                    `- warning: 'fastMathEnabled' was deprecated in macOS 15.0: Use mathMode instead [#DeprecatedDeclaration]
 55 |         let library = try device.makeLibrary(source: Self.source,options: options)
 56 |         guard let function = library.makeFunction(name: "vivo_reactive_delta") else { throw VivoChemistryError.invalid("missing reactive Metal kernel") }

/Users/n/numivivo-cross-scale-fix-20260914/Sources/NumiVivoKit/Workflow/VivoAdvancedChemistryOperations.swift:169:42: warning: capture of non-Sendable type 'T.Type' in an isolated local function [#SendableMetatypes]
167 |         @Sendable func read<T: Decodable>(_ type: T.Type, _ name: String, _ inputs: [String:Data]) throws -> T {
168 |             guard let data = inputs[name] else { throw VivoChemistryError.invalid("missing RI Hamiltonian slot \(name)") }
169 |             return try VivoCanonicalJSON.decode(type,from:data)
    |                                          `- warning: capture of non-Sendable type 'T.Type' in an isolated local function [#SendableMetatypes]
170 |         }
171 |         return .init(identifier:"vivo.native.ri-active-hamiltonian",version:"1",implementationFingerprint:id,

[#DeprecatedDeclaration]: <https://docs.swift.org/compiler/documentation/diagnostics/deprecated-declaration>
[#SendableMetatypes]: <https://docs.swift.org/compiler/documentation/diagnostics/sendable-metatypes>
[515/531] Compiling NumiVivoKit VivoECCDMETOperation.swift
/Users/n/numivivo-cross-scale-fix-20260914/Sources/NumiVivoKit/Surrogates/VivoReactiveMetalBackend.swift:54:52: warning: 'fastMathEnabled' was deprecated in macOS 15.0: Use mathMode instead [#DeprecatedDeclaration]
 52 |         coefficients = try buffer(payload.coefficientsKJPerMol.flatMap { $0 })
 53 |         scales = try buffer(payload.configuration.features.map { 1/($0.scaleNM*$0.scaleNM) })
 54 |         let options = MTLCompileOptions(); options.fastMathEnabled = false
    |                                                    `- warning: 'fastMathEnabled' was deprecated in macOS 15.0: Use mathMode instead [#DeprecatedDeclaration]
 55 |         let library = try device.makeLibrary(source: Self.source,options: options)
 56 |         guard let function = library.makeFunction(name: "vivo_reactive_delta") else { throw VivoChemistryError.invalid("missing reactive Metal kernel") }

/Users/n/numivivo-cross-scale-fix-20260914/Sources/NumiVivoKit/Workflow/VivoAdvancedChemistryOperations.swift:169:42: warning: capture of non-Sendable type 'T.Type' in an isolated local function [#SendableMetatypes]
167 |         @Sendable func read<T: Decodable>(_ type: T.Type, _ name: String, _ inputs: [String:Data]) throws -> T {
168 |             guard let data = inputs[name] else { throw VivoChemistryError.invalid("missing RI Hamiltonian slot \(name)") }
169 |             return try VivoCanonicalJSON.decode(type,from:data)
    |                                          `- warning: capture of non-Sendable type 'T.Type' in an isolated local function [#SendableMetatypes]
170 |         }
171 |         return .init(identifier:"vivo.native.ri-active-hamiltonian",version:"1",implementationFingerprint:id,

[#DeprecatedDeclaration]: <https://docs.swift.org/compiler/documentation/diagnostics/deprecated-declaration>
[#SendableMetatypes]: <https://docs.swift.org/compiler/documentation/diagnostics/sendable-metatypes>
[516/531] Compiling NumiVivoKit VivoElectronicRequestDispatch.swift
/Users/n/numivivo-cross-scale-fix-20260914/Sources/NumiVivoKit/Surrogates/VivoReactiveMetalBackend.swift:54:52: warning: 'fastMathEnabled' was deprecated in macOS 15.0: Use mathMode instead [#DeprecatedDeclaration]
 52 |         coefficients = try buffer(payload.coefficientsKJPerMol.flatMap { $0 })
 53 |         scales = try buffer(payload.configuration.features.map { 1/($0.scaleNM*$0.scaleNM) })
 54 |         let options = MTLCompileOptions(); options.fastMathEnabled = false
    |                                                    `- warning: 'fastMathEnabled' was deprecated in macOS 15.0: Use mathMode instead [#DeprecatedDeclaration]
 55 |         let library = try device.makeLibrary(source: Self.source,options: options)
 56 |         guard let function = library.makeFunction(name: "vivo_reactive_delta") else { throw VivoChemistryError.invalid("missing reactive Metal kernel") }

/Users/n/numivivo-cross-scale-fix-20260914/Sources/NumiVivoKit/Workflow/VivoAdvancedChemistryOperations.swift:169:42: warning: capture of non-Sendable type 'T.Type' in an isolated local function [#SendableMetatypes]
167 |         @Sendable func read<T: Decodable>(_ type: T.Type, _ name: String, _ inputs: [String:Data]) throws -> T {
168 |             guard let data = inputs[name] else { throw VivoChemistryError.invalid("missing RI Hamiltonian slot \(name)") }
169 |             return try VivoCanonicalJSON.decode(type,from:data)
    |                                          `- warning: capture of non-Sendable type 'T.Type' in an isolated local function [#SendableMetatypes]
170 |         }
171 |         return .init(identifier:"vivo.native.ri-active-hamiltonian",version:"1",implementationFingerprint:id,

[#DeprecatedDeclaration]: <https://docs.swift.org/compiler/documentation/diagnostics/deprecated-declaration>
[#SendableMetatypes]: <https://docs.swift.org/compiler/documentation/diagnostics/sendable-metatypes>
[517/531] Compiling NumiVivoKit VivoElectronicWorkflow.swift
/Users/n/numivivo-cross-scale-fix-20260914/Sources/NumiVivoKit/Surrogates/VivoReactiveMetalBackend.swift:54:52: warning: 'fastMathEnabled' was deprecated in macOS 15.0: Use mathMode instead [#DeprecatedDeclaration]
 52 |         coefficients = try buffer(payload.coefficientsKJPerMol.flatMap { $0 })
 53 |         scales = try buffer(payload.configuration.features.map { 1/($0.scaleNM*$0.scaleNM) })
 54 |         let options = MTLCompileOptions(); options.fastMathEnabled = false
    |                                                    `- warning: 'fastMathEnabled' was deprecated in macOS 15.0: Use mathMode instead [#DeprecatedDeclaration]
 55 |         let library = try device.makeLibrary(source: Self.source,options: options)
 56 |         guard let function = library.makeFunction(name: "vivo_reactive_delta") else { throw VivoChemistryError.invalid("missing reactive Metal kernel") }

/Users/n/numivivo-cross-scale-fix-20260914/Sources/NumiVivoKit/Workflow/VivoAdvancedChemistryOperations.swift:169:42: warning: capture of non-Sendable type 'T.Type' in an isolated local function [#SendableMetatypes]
167 |         @Sendable func read<T: Decodable>(_ type: T.Type, _ name: String, _ inputs: [String:Data]) throws -> T {
168 |             guard let data = inputs[name] else { throw VivoChemistryError.invalid("missing RI Hamiltonian slot \(name)") }
169 |             return try VivoCanonicalJSON.decode(type,from:data)
    |                                          `- warning: capture of non-Sendable type 'T.Type' in an isolated local function [#SendableMetatypes]
170 |         }
171 |         return .init(identifier:"vivo.native.ri-active-hamiltonian",version:"1",implementationFingerprint:id,

[#DeprecatedDeclaration]: <https://docs.swift.org/compiler/documentation/diagnostics/deprecated-declaration>
[#SendableMetatypes]: <https://docs.swift.org/compiler/documentation/diagnostics/sendable-metatypes>
[518/531] Compiling NumiVivoKit VivoElectronicWorkflowOperations.swift
/Users/n/numivivo-cross-scale-fix-20260914/Sources/NumiVivoKit/Surrogates/VivoReactiveMetalBackend.swift:54:52: warning: 'fastMathEnabled' was deprecated in macOS 15.0: Use mathMode instead [#DeprecatedDeclaration]
 52 |         coefficients = try buffer(payload.coefficientsKJPerMol.flatMap { $0 })
 53 |         scales = try buffer(payload.configuration.features.map { 1/($0.scaleNM*$0.scaleNM) })
 54 |         let options = MTLCompileOptions(); options.fastMathEnabled = false
    |                                                    `- warning: 'fastMathEnabled' was deprecated in macOS 15.0: Use mathMode instead [#DeprecatedDeclaration]
 55 |         let library = try device.makeLibrary(source: Self.source,options: options)
 56 |         guard let function = library.makeFunction(name: "vivo_reactive_delta") else { throw VivoChemistryError.invalid("missing reactive Metal kernel") }

/Users/n/numivivo-cross-scale-fix-20260914/Sources/NumiVivoKit/Workflow/VivoAdvancedChemistryOperations.swift:169:42: warning: capture of non-Sendable type 'T.Type' in an isolated local function [#SendableMetatypes]
167 |         @Sendable func read<T: Decodable>(_ type: T.Type, _ name: String, _ inputs: [String:Data]) throws -> T {
168 |             guard let data = inputs[name] else { throw VivoChemistryError.invalid("missing RI Hamiltonian slot \(name)") }
169 |             return try VivoCanonicalJSON.decode(type,from:data)
    |                                          `- warning: capture of non-Sendable type 'T.Type' in an isolated local function [#SendableMetatypes]
170 |         }
171 |         return .init(identifier:"vivo.native.ri-active-hamiltonian",version:"1",implementationFingerprint:id,

[#DeprecatedDeclaration]: <https://docs.swift.org/compiler/documentation/diagnostics/deprecated-declaration>
[#SendableMetatypes]: <https://docs.swift.org/compiler/documentation/diagnostics/sendable-metatypes>
[519/531] Compiling NumiVivoKit VivoMolecularECCPathWorkflow.swift
/Users/n/numivivo-cross-scale-fix-20260914/Sources/NumiVivoKit/Surrogates/VivoReactiveMetalBackend.swift:54:52: warning: 'fastMathEnabled' was deprecated in macOS 15.0: Use mathMode instead [#DeprecatedDeclaration]
 52 |         coefficients = try buffer(payload.coefficientsKJPerMol.flatMap { $0 })
 53 |         scales = try buffer(payload.configuration.features.map { 1/($0.scaleNM*$0.scaleNM) })
 54 |         let options = MTLCompileOptions(); options.fastMathEnabled = false
    |                                                    `- warning: 'fastMathEnabled' was deprecated in macOS 15.0: Use mathMode instead [#DeprecatedDeclaration]
 55 |         let library = try device.makeLibrary(source: Self.source,options: options)
 56 |         guard let function = library.makeFunction(name: "vivo_reactive_delta") else { throw VivoChemistryError.invalid("missing reactive Metal kernel") }

/Users/n/numivivo-cross-scale-fix-20260914/Sources/NumiVivoKit/Workflow/VivoAdvancedChemistryOperations.swift:169:42: warning: capture of non-Sendable type 'T.Type' in an isolated local function [#SendableMetatypes]
167 |         @Sendable func read<T: Decodable>(_ type: T.Type, _ name: String, _ inputs: [String:Data]) throws -> T {
168 |             guard let data = inputs[name] else { throw VivoChemistryError.invalid("missing RI Hamiltonian slot \(name)") }
169 |             return try VivoCanonicalJSON.decode(type,from:data)
    |                                          `- warning: capture of non-Sendable type 'T.Type' in an isolated local function [#SendableMetatypes]
170 |         }
171 |         return .init(identifier:"vivo.native.ri-active-hamiltonian",version:"1",implementationFingerprint:id,

[#DeprecatedDeclaration]: <https://docs.swift.org/compiler/documentation/diagnostics/deprecated-declaration>
[#SendableMetatypes]: <https://docs.swift.org/compiler/documentation/diagnostics/sendable-metatypes>
[520/531] Compiling NumiVivoKit VivoMolecularSpacePreparationWorkflow.swift
/Users/n/numivivo-cross-scale-fix-20260914/Sources/NumiVivoKit/Surrogates/VivoReactiveMetalBackend.swift:54:52: warning: 'fastMathEnabled' was deprecated in macOS 15.0: Use mathMode instead [#DeprecatedDeclaration]
 52 |         coefficients = try buffer(payload.coefficientsKJPerMol.flatMap { $0 })
 53 |         scales = try buffer(payload.configuration.features.map { 1/($0.scaleNM*$0.scaleNM) })
 54 |         let options = MTLCompileOptions(); options.fastMathEnabled = false
    |                                                    `- warning: 'fastMathEnabled' was deprecated in macOS 15.0: Use mathMode instead [#DeprecatedDeclaration]
 55 |         let library = try device.makeLibrary(source: Self.source,options: options)
 56 |         guard let function = library.makeFunction(name: "vivo_reactive_delta") else { throw VivoChemistryError.invalid("missing reactive Metal kernel") }

/Users/n/numivivo-cross-scale-fix-20260914/Sources/NumiVivoKit/Workflow/VivoAdvancedChemistryOperations.swift:169:42: warning: capture of non-Sendable type 'T.Type' in an isolated local function [#SendableMetatypes]
167 |         @Sendable func read<T: Decodable>(_ type: T.Type, _ name: String, _ inputs: [String:Data]) throws -> T {
168 |             guard let data = inputs[name] else { throw VivoChemistryError.invalid("missing RI Hamiltonian slot \(name)") }
169 |             return try VivoCanonicalJSON.decode(type,from:data)
    |                                          `- warning: capture of non-Sendable type 'T.Type' in an isolated local function [#SendableMetatypes]
170 |         }
171 |         return .init(identifier:"vivo.native.ri-active-hamiltonian",version:"1",implementationFingerprint:id,

[#DeprecatedDeclaration]: <https://docs.swift.org/compiler/documentation/diagnostics/deprecated-declaration>
[#SendableMetatypes]: <https://docs.swift.org/compiler/documentation/diagnostics/sendable-metatypes>
[521/531] Compiling NumiVivoKit VivoNativeChemistryOperations.swift
/Users/n/numivivo-cross-scale-fix-20260914/Sources/NumiVivoKit/Surrogates/VivoReactiveMetalBackend.swift:54:52: warning: 'fastMathEnabled' was deprecated in macOS 15.0: Use mathMode instead [#DeprecatedDeclaration]
 52 |         coefficients = try buffer(payload.coefficientsKJPerMol.flatMap { $0 })
 53 |         scales = try buffer(payload.configuration.features.map { 1/($0.scaleNM*$0.scaleNM) })
 54 |         let options = MTLCompileOptions(); options.fastMathEnabled = false
    |                                                    `- warning: 'fastMathEnabled' was deprecated in macOS 15.0: Use mathMode instead [#DeprecatedDeclaration]
 55 |         let library = try device.makeLibrary(source: Self.source,options: options)
 56 |         guard let function = library.makeFunction(name: "vivo_reactive_delta") else { throw VivoChemistryError.invalid("missing reactive Metal kernel") }

/Users/n/numivivo-cross-scale-fix-20260914/Sources/NumiVivoKit/Workflow/VivoAdvancedChemistryOperations.swift:169:42: warning: capture of non-Sendable type 'T.Type' in an isolated local function [#SendableMetatypes]
167 |         @Sendable func read<T: Decodable>(_ type: T.Type, _ name: String, _ inputs: [String:Data]) throws -> T {
168 |             guard let data = inputs[name] else { throw VivoChemistryError.invalid("missing RI Hamiltonian slot \(name)") }
169 |             return try VivoCanonicalJSON.decode(type,from:data)
    |                                          `- warning: capture of non-Sendable type 'T.Type' in an isolated local function [#SendableMetatypes]
170 |         }
171 |         return .init(identifier:"vivo.native.ri-active-hamiltonian",version:"1",implementationFingerprint:id,

[#DeprecatedDeclaration]: <https://docs.swift.org/compiler/documentation/diagnostics/deprecated-declaration>
[#SendableMetatypes]: <https://docs.swift.org/compiler/documentation/diagnostics/sendable-metatypes>
[522/531] Compiling NumiVivoKit VivoPreparedMolecularWorkflow.swift
/Users/n/numivivo-cross-scale-fix-20260914/Sources/NumiVivoKit/Surrogates/VivoReactiveMetalBackend.swift:54:52: warning: 'fastMathEnabled' was deprecated in macOS 15.0: Use mathMode instead [#DeprecatedDeclaration]
 52 |         coefficients = try buffer(payload.coefficientsKJPerMol.flatMap { $0 })
 53 |         scales = try buffer(payload.configuration.features.map { 1/($0.scaleNM*$0.scaleNM) })
 54 |         let options = MTLCompileOptions(); options.fastMathEnabled = false
    |                                                    `- warning: 'fastMathEnabled' was deprecated in macOS 15.0: Use mathMode instead [#DeprecatedDeclaration]
 55 |         let library = try device.makeLibrary(source: Self.source,options: options)
 56 |         guard let function = library.makeFunction(name: "vivo_reactive_delta") else { throw VivoChemistryError.invalid("missing reactive Metal kernel") }

/Users/n/numivivo-cross-scale-fix-20260914/Sources/NumiVivoKit/Workflow/VivoAdvancedChemistryOperations.swift:169:42: warning: capture of non-Sendable type 'T.Type' in an isolated local function [#SendableMetatypes]
167 |         @Sendable func read<T: Decodable>(_ type: T.Type, _ name: String, _ inputs: [String:Data]) throws -> T {
168 |             guard let data = inputs[name] else { throw VivoChemistryError.invalid("missing RI Hamiltonian slot \(name)") }
169 |             return try VivoCanonicalJSON.decode(type,from:data)
    |                                          `- warning: capture of non-Sendable type 'T.Type' in an isolated local function [#SendableMetatypes]
170 |         }
171 |         return .init(identifier:"vivo.native.ri-active-hamiltonian",version:"1",implementationFingerprint:id,

[#DeprecatedDeclaration]: <https://docs.swift.org/compiler/documentation/diagnostics/deprecated-declaration>
[#SendableMetatypes]: <https://docs.swift.org/compiler/documentation/diagnostics/sendable-metatypes>
[523/531] Compiling NumiVivoKit VivoReactionConnectivityWorkflow.swift
/Users/n/numivivo-cross-scale-fix-20260914/Sources/NumiVivoKit/Surrogates/VivoReactiveMetalBackend.swift:54:52: warning: 'fastMathEnabled' was deprecated in macOS 15.0: Use mathMode instead [#DeprecatedDeclaration]
 52 |         coefficients = try buffer(payload.coefficientsKJPerMol.flatMap { $0 })
 53 |         scales = try buffer(payload.configuration.features.map { 1/($0.scaleNM*$0.scaleNM) })
 54 |         let options = MTLCompileOptions(); options.fastMathEnabled = false
    |                                                    `- warning: 'fastMathEnabled' was deprecated in macOS 15.0: Use mathMode instead [#DeprecatedDeclaration]
 55 |         let library = try device.makeLibrary(source: Self.source,options: options)
 56 |         guard let function = library.makeFunction(name: "vivo_reactive_delta") else { throw VivoChemistryError.invalid("missing reactive Metal kernel") }

/Users/n/numivivo-cross-scale-fix-20260914/Sources/NumiVivoKit/Workflow/VivoAdvancedChemistryOperations.swift:169:42: warning: capture of non-Sendable type 'T.Type' in an isolated local function [#SendableMetatypes]
167 |         @Sendable func read<T: Decodable>(_ type: T.Type, _ name: String, _ inputs: [String:Data]) throws -> T {
168 |             guard let data = inputs[name] else { throw VivoChemistryError.invalid("missing RI Hamiltonian slot \(name)") }
169 |             return try VivoCanonicalJSON.decode(type,from:data)
    |                                          `- warning: capture of non-Sendable type 'T.Type' in an isolated local function [#SendableMetatypes]
170 |         }
171 |         return .init(identifier:"vivo.native.ri-active-hamiltonian",version:"1",implementationFingerprint:id,

[#DeprecatedDeclaration]: <https://docs.swift.org/compiler/documentation/diagnostics/deprecated-declaration>
[#SendableMetatypes]: <https://docs.swift.org/compiler/documentation/diagnostics/sendable-metatypes>
[524/531] Compiling NumiVivoKit VivoReactionQualificationWorkflow.swift
/Users/n/numivivo-cross-scale-fix-20260914/Sources/NumiVivoKit/Surrogates/VivoReactiveMetalBackend.swift:54:52: warning: 'fastMathEnabled' was deprecated in macOS 15.0: Use mathMode instead [#DeprecatedDeclaration]
 52 |         coefficients = try buffer(payload.coefficientsKJPerMol.flatMap { $0 })
 53 |         scales = try buffer(payload.configuration.features.map { 1/($0.scaleNM*$0.scaleNM) })
 54 |         let options = MTLCompileOptions(); options.fastMathEnabled = false
    |                                                    `- warning: 'fastMathEnabled' was deprecated in macOS 15.0: Use mathMode instead [#DeprecatedDeclaration]
 55 |         let library = try device.makeLibrary(source: Self.source,options: options)
 56 |         guard let function = library.makeFunction(name: "vivo_reactive_delta") else { throw VivoChemistryError.invalid("missing reactive Metal kernel") }

/Users/n/numivivo-cross-scale-fix-20260914/Sources/NumiVivoKit/Workflow/VivoAdvancedChemistryOperations.swift:169:42: warning: capture of non-Sendable type 'T.Type' in an isolated local function [#SendableMetatypes]
167 |         @Sendable func read<T: Decodable>(_ type: T.Type, _ name: String, _ inputs: [String:Data]) throws -> T {
168 |             guard let data = inputs[name] else { throw VivoChemistryError.invalid("missing RI Hamiltonian slot \(name)") }
169 |             return try VivoCanonicalJSON.decode(type,from:data)
    |                                          `- warning: capture of non-Sendable type 'T.Type' in an isolated local function [#SendableMetatypes]
170 |         }
171 |         return .init(identifier:"vivo.native.ri-active-hamiltonian",version:"1",implementationFingerprint:id,

[#DeprecatedDeclaration]: <https://docs.swift.org/compiler/documentation/diagnostics/deprecated-declaration>
[#SendableMetatypes]: <https://docs.swift.org/compiler/documentation/diagnostics/sendable-metatypes>
[525/531] Compiling NumiVivoKit VivoRefinedHamiltonianOperation.swift
/Users/n/numivivo-cross-scale-fix-20260914/Sources/NumiVivoKit/Surrogates/VivoReactiveMetalBackend.swift:54:52: warning: 'fastMathEnabled' was deprecated in macOS 15.0: Use mathMode instead [#DeprecatedDeclaration]
 52 |         coefficients = try buffer(payload.coefficientsKJPerMol.flatMap { $0 })
 53 |         scales = try buffer(payload.configuration.features.map { 1/($0.scaleNM*$0.scaleNM) })
 54 |         let options = MTLCompileOptions(); options.fastMathEnabled = false
    |                                                    `- warning: 'fastMathEnabled' was deprecated in macOS 15.0: Use mathMode instead [#DeprecatedDeclaration]
 55 |         let library = try device.makeLibrary(source: Self.source,options: options)
 56 |         guard let function = library.makeFunction(name: "vivo_reactive_delta") else { throw VivoChemistryError.invalid("missing reactive Metal kernel") }

/Users/n/numivivo-cross-scale-fix-20260914/Sources/NumiVivoKit/Workflow/VivoAdvancedChemistryOperations.swift:169:42: warning: capture of non-Sendable type 'T.Type' in an isolated local function [#SendableMetatypes]
167 |         @Sendable func read<T: Decodable>(_ type: T.Type, _ name: String, _ inputs: [String:Data]) throws -> T {
168 |             guard let data = inputs[name] else { throw VivoChemistryError.invalid("missing RI Hamiltonian slot \(name)") }
169 |             return try VivoCanonicalJSON.decode(type,from:data)
    |                                          `- warning: capture of non-Sendable type 'T.Type' in an isolated local function [#SendableMetatypes]
170 |         }
171 |         return .init(identifier:"vivo.native.ri-active-hamiltonian",version:"1",implementationFingerprint:id,

[#DeprecatedDeclaration]: <https://docs.swift.org/compiler/documentation/diagnostics/deprecated-declaration>
[#SendableMetatypes]: <https://docs.swift.org/compiler/documentation/diagnostics/sendable-metatypes>
[526/531] Compiling NumiVivoKit VivoReproductionPreflight.swift
/Users/n/numivivo-cross-scale-fix-20260914/Sources/NumiVivoKit/Surrogates/VivoReactiveMetalBackend.swift:54:52: warning: 'fastMathEnabled' was deprecated in macOS 15.0: Use mathMode instead [#DeprecatedDeclaration]
 52 |         coefficients = try buffer(payload.coefficientsKJPerMol.flatMap { $0 })
 53 |         scales = try buffer(payload.configuration.features.map { 1/($0.scaleNM*$0.scaleNM) })
 54 |         let options = MTLCompileOptions(); options.fastMathEnabled = false
    |                                                    `- warning: 'fastMathEnabled' was deprecated in macOS 15.0: Use mathMode instead [#DeprecatedDeclaration]
 55 |         let library = try device.makeLibrary(source: Self.source,options: options)
 56 |         guard let function = library.makeFunction(name: "vivo_reactive_delta") else { throw VivoChemistryError.invalid("missing reactive Metal kernel") }

/Users/n/numivivo-cross-scale-fix-20260914/Sources/NumiVivoKit/Workflow/VivoAdvancedChemistryOperations.swift:169:42: warning: capture of non-Sendable type 'T.Type' in an isolated local function [#SendableMetatypes]
167 |         @Sendable func read<T: Decodable>(_ type: T.Type, _ name: String, _ inputs: [String:Data]) throws -> T {
168 |             guard let data = inputs[name] else { throw VivoChemistryError.invalid("missing RI Hamiltonian slot \(name)") }
169 |             return try VivoCanonicalJSON.decode(type,from:data)
    |                                          `- warning: capture of non-Sendable type 'T.Type' in an isolated local function [#SendableMetatypes]
170 |         }
171 |         return .init(identifier:"vivo.native.ri-active-hamiltonian",version:"1",implementationFingerprint:id,

[#DeprecatedDeclaration]: <https://docs.swift.org/compiler/documentation/diagnostics/deprecated-declaration>
[#SendableMetatypes]: <https://docs.swift.org/compiler/documentation/diagnostics/sendable-metatypes>
[527/676] Compiling NumiVivoIntegrationTests HybridRuntimeTests.swift
[528/676] Compiling NumiVivoIntegrationTests MolecularMultistateRefinementWorkflowTests.swift
[529/678] Compiling NumiVivoIntegrationTests AdaptiveQMMMHamiltonianTests.swift
[530/678] Compiling NumiVivoIntegrationTests AdaptiveRefinementWorkflowTests.swift
[531/678] Compiling NumiVivoIntegrationTests AppleExecutionTests.swift
[532/678] Compiling NumiVivoIntegrationTests MolecularSamplingArchiveReaderTests.swift
[533/678] Compiling NumiVivoIntegrationTests MolecularSamplingExporterTests.swift
[534/678] Compiling NumiVivoIntegrationTests MolecularSamplingNativeBridgeTests.swift
[535/678] Compiling NumiVivoIntegrationTests MultiAssayH5MUImportTests.swift
[536/678] Compiling NumiVivoIntegrationTests MultiAssayTests.swift
[537/678] Compiling NumiVivoIntegrationTests MultiAssayVisiumTests.swift
[538/678] Compiling NumiVivoCLI VivoWorkflowCLISupport.swift
[539/678] Compiling NumiVivoCLI main.swift
[540/678] Emitting module NumiVivoCLI
[541/678] Compiling NumiVivoIntegrationTests ClassicalPMEConformanceTests.swift
[542/678] Compiling NumiVivoIntegrationTests ClassicalThermalConformanceTests.swift
[543/678] Compiling NumiVivoIntegrationTests ConditionalEncounterTests.swift
[544/678] Compiling NumiVivoIntegrationTests ChemicalStateCatalogTests.swift
[545/678] Compiling NumiVivoIntegrationTests ChemicalStateEnumerationTests.swift
[546/678] Compiling NumiVivoIntegrationTests ClassicalNPTTransitionTests.swift
[547/678] Compiling NumiVivoIntegrationTests GlobalJointUncertaintyTests.swift
[548/678] Compiling NumiVivoIntegrationTests GlobalKineticUncertaintyTests.swift
[549/678] Compiling NumiVivoIntegrationTests ConstantPHReplicaExchangeTests.swift
[550/678] Compiling NumiVivoIntegrationTests CountStoreTests.swift
[551/678] Compiling NumiVivoIntegrationTests ECCSolventClosureTests.swift
[552/678] Compiling NumiVivoIntegrationTests BarrierConvergenceTests.swift
[553/678] Compiling NumiVivoIntegrationTests BarrierTunnellingTests.swift
[554/678] Compiling NumiVivoIntegrationTests ChemicalStateAlchemicalFreeEnergyTests.swift
[555/678] Compiling NumiVivoIntegrationTests ConstantPHDiscreteMDTests.swift
[556/678] Compiling NumiVivoIntegrationTests ConstantPHMetalAdapterTests.swift
[557/678] Compiling NumiVivoIntegrationTests ConstantPHNCMCMetalTests.swift
[558/678] Compiling NumiVivoIntegrationTests ConstantPHNCMCTests.swift
[558/678] Write Objects.LinkFileList
[559/678] Linking numivivo
[560/678] Applying numivivo
[562/678] Emitting module NumiVivoIntegrationTests
[563/688] Compiling NumiVivoIntegrationTests QMMMPathCoordinateTests.swift
[564/688] Compiling NumiVivoIntegrationTests QMMMReactionCoordinateTests.swift
[565/688] Compiling NumiVivoIntegrationTests QMMMStringRefinementTests.swift
[566/688] Compiling NumiVivoIntegrationTests QMMMTransmissionTests.swift
[567/688] Compiling NumiVivoIntegrationTests ReactionConnectivityTests.swift
[568/688] Compiling NumiVivoIntegrationTests ReactiveSurrogateTests.swift
[569/688] Compiling NumiVivoIntegrationTests ReferenceFeaturePanelTests.swift
[570/688] Compiling NumiVivoIntegrationTests ReferenceLogisticTests.swift
[571/688] Compiling NumiVivoIntegrationTests RingPolymerSamplingTests.swift
[572/688] Compiling NumiVivoIntegrationTests RootedStreamingPublicationTests.swift
[573/688] Compiling NumiVivoIntegrationTests SingleCellIntegrationTests.swift
[574/688] Compiling NumiVivoIntegrationTests SingleCellInterchangeTests.swift
[575/688] Compiling NumiVivoIntegrationTests SingleCellJointCountTests.swift
[576/688] Compiling NumiVivoIntegrationTests SingleCellMappedReductionTests.swift
[577/688] Compiling NumiVivoIntegrationTests SingleCellNBAbundanceTests.swift
[578/688] Compiling NumiVivoIntegrationTests SingleCellNBAdaptiveMomentsTests.swift
[579/688] Compiling NumiVivoIntegrationTests SingleCellNBCohortTests.swift
[580/688] Compiling NumiVivoIntegrationTests SingleCellNBDevianceMomentsTests.swift
[581/688] Compiling NumiVivoIntegrationTests SingleCellNBQLGlobalScaleTests.swift
[582/688] Compiling NumiVivoIntegrationTests SingleCellNBSupportTests.swift
[583/688] Compiling NumiVivoIntegrationTests SingleCellCountStreamTests.swift
/Users/n/numivivo-cross-scale-fix-20260914/Tests/NumiVivoIntegrationTests/SingleCellFileExpressionTests.swift:44:65: warning: '#require(_:_:)' is redundant because 'expected.design.observations[i].sourceCellIndices' never equals 'nil' (from macro 'require')
 42 |             else { Issue.record("File observation lost its explicit membership reference") }
 43 |             observations[i].removeValue(forKey: "fileMembership")
 44 |             observations[i]["sourceCellIndices"] = try #require(expected.design.observations[i].sourceCellIndices)
    |                                                                 `- warning: '#require(_:_:)' is redundant because 'expected.design.observations[i].sourceCellIndices' never equals 'nil' (from macro 'require')
 45 |         }
 46 |         design["observations"] = observations; a["design"] = design
[584/688] Compiling NumiVivoIntegrationTests SingleCellDurationTests.swift
/Users/n/numivivo-cross-scale-fix-20260914/Tests/NumiVivoIntegrationTests/SingleCellFileExpressionTests.swift:44:65: warning: '#require(_:_:)' is redundant because 'expected.design.observations[i].sourceCellIndices' never equals 'nil' (from macro 'require')
 42 |             else { Issue.record("File observation lost its explicit membership reference") }
 43 |             observations[i].removeValue(forKey: "fileMembership")
 44 |             observations[i]["sourceCellIndices"] = try #require(expected.design.observations[i].sourceCellIndices)
    |                                                                 `- warning: '#require(_:_:)' is redundant because 'expected.design.observations[i].sourceCellIndices' never equals 'nil' (from macro 'require')
 45 |         }
 46 |         design["observations"] = observations; a["design"] = design
[585/688] Compiling NumiVivoIntegrationTests SingleCellEmbeddingTests.swift
/Users/n/numivivo-cross-scale-fix-20260914/Tests/NumiVivoIntegrationTests/SingleCellFileExpressionTests.swift:44:65: warning: '#require(_:_:)' is redundant because 'expected.design.observations[i].sourceCellIndices' never equals 'nil' (from macro 'require')
 42 |             else { Issue.record("File observation lost its explicit membership reference") }
 43 |             observations[i].removeValue(forKey: "fileMembership")
 44 |             observations[i]["sourceCellIndices"] = try #require(expected.design.observations[i].sourceCellIndices)
    |                                                                 `- warning: '#require(_:_:)' is redundant because 'expected.design.observations[i].sourceCellIndices' never equals 'nil' (from macro 'require')
 45 |         }
 46 |         design["observations"] = observations; a["design"] = design
[586/688] Compiling NumiVivoIntegrationTests SingleCellFileAxisTests.swift
/Users/n/numivivo-cross-scale-fix-20260914/Tests/NumiVivoIntegrationTests/SingleCellFileExpressionTests.swift:44:65: warning: '#require(_:_:)' is redundant because 'expected.design.observations[i].sourceCellIndices' never equals 'nil' (from macro 'require')
 42 |             else { Issue.record("File observation lost its explicit membership reference") }
 43 |             observations[i].removeValue(forKey: "fileMembership")
 44 |             observations[i]["sourceCellIndices"] = try #require(expected.design.observations[i].sourceCellIndices)
    |                                                                 `- warning: '#require(_:_:)' is redundant because 'expected.design.observations[i].sourceCellIndices' never equals 'nil' (from macro 'require')
 45 |         }
 46 |         design["observations"] = observations; a["design"] = design
[587/688] Compiling NumiVivoIntegrationTests SingleCellFileClusteringTests.swift
/Users/n/numivivo-cross-scale-fix-20260914/Tests/NumiVivoIntegrationTests/SingleCellFileExpressionTests.swift:44:65: warning: '#require(_:_:)' is redundant because 'expected.design.observations[i].sourceCellIndices' never equals 'nil' (from macro 'require')
 42 |             else { Issue.record("File observation lost its explicit membership reference") }
 43 |             observations[i].removeValue(forKey: "fileMembership")
 44 |             observations[i]["sourceCellIndices"] = try #require(expected.design.observations[i].sourceCellIndices)
    |                                                                 `- warning: '#require(_:_:)' is redundant because 'expected.design.observations[i].sourceCellIndices' never equals 'nil' (from macro 'require')
 45 |         }
 46 |         design["observations"] = observations; a["design"] = design
[588/688] Compiling NumiVivoIntegrationTests SingleCellFileEmbeddingTests.swift
/Users/n/numivivo-cross-scale-fix-20260914/Tests/NumiVivoIntegrationTests/SingleCellFileExpressionTests.swift:44:65: warning: '#require(_:_:)' is redundant because 'expected.design.observations[i].sourceCellIndices' never equals 'nil' (from macro 'require')
 42 |             else { Issue.record("File observation lost its explicit membership reference") }
 43 |             observations[i].removeValue(forKey: "fileMembership")
 44 |             observations[i]["sourceCellIndices"] = try #require(expected.design.observations[i].sourceCellIndices)
    |                                                                 `- warning: '#require(_:_:)' is redundant because 'expected.design.observations[i].sourceCellIndices' never equals 'nil' (from macro 'require')
 45 |         }
 46 |         design["observations"] = observations; a["design"] = design
[589/688] Compiling NumiVivoIntegrationTests SingleCellFileExpressionTests.swift
/Users/n/numivivo-cross-scale-fix-20260914/Tests/NumiVivoIntegrationTests/SingleCellFileExpressionTests.swift:44:65: warning: '#require(_:_:)' is redundant because 'expected.design.observations[i].sourceCellIndices' never equals 'nil' (from macro 'require')
 42 |             else { Issue.record("File observation lost its explicit membership reference") }
 43 |             observations[i].removeValue(forKey: "fileMembership")
 44 |             observations[i]["sourceCellIndices"] = try #require(expected.design.observations[i].sourceCellIndices)
    |                                                                 `- warning: '#require(_:_:)' is redundant because 'expected.design.observations[i].sourceCellIndices' never equals 'nil' (from macro 'require')
 45 |         }
 46 |         design["observations"] = observations; a["design"] = design
[590/688] Compiling NumiVivoIntegrationTests SingleCellFileIntegrationTests.swift
/Users/n/numivivo-cross-scale-fix-20260914/Tests/NumiVivoIntegrationTests/SingleCellFileExpressionTests.swift:44:65: warning: '#require(_:_:)' is redundant because 'expected.design.observations[i].sourceCellIndices' never equals 'nil' (from macro 'require')
 42 |             else { Issue.record("File observation lost its explicit membership reference") }
 43 |             observations[i].removeValue(forKey: "fileMembership")
 44 |             observations[i]["sourceCellIndices"] = try #require(expected.design.observations[i].sourceCellIndices)
    |                                                                 `- warning: '#require(_:_:)' is redundant because 'expected.design.observations[i].sourceCellIndices' never equals 'nil' (from macro 'require')
 45 |         }
 46 |         design["observations"] = observations; a["design"] = design
[591/688] Compiling NumiVivoIntegrationTests SingleCellGraphStoreTests.swift
/Users/n/numivivo-cross-scale-fix-20260914/Tests/NumiVivoIntegrationTests/SingleCellFileExpressionTests.swift:44:65: warning: '#require(_:_:)' is redundant because 'expected.design.observations[i].sourceCellIndices' never equals 'nil' (from macro 'require')
 42 |             else { Issue.record("File observation lost its explicit membership reference") }
 43 |             observations[i].removeValue(forKey: "fileMembership")
 44 |             observations[i]["sourceCellIndices"] = try #require(expected.design.observations[i].sourceCellIndices)
    |                                                                 `- warning: '#require(_:_:)' is redundant because 'expected.design.observations[i].sourceCellIndices' never equals 'nil' (from macro 'require')
 45 |         }
 46 |         design["observations"] = observations; a["design"] = design
[592/688] Compiling NumiVivoIntegrationTests SingleCellHNSWTests.swift
/Users/n/numivivo-cross-scale-fix-20260914/Tests/NumiVivoIntegrationTests/SingleCellFileExpressionTests.swift:44:65: warning: '#require(_:_:)' is redundant because 'expected.design.observations[i].sourceCellIndices' never equals 'nil' (from macro 'require')
 42 |             else { Issue.record("File observation lost its explicit membership reference") }
 43 |             observations[i].removeValue(forKey: "fileMembership")
 44 |             observations[i]["sourceCellIndices"] = try #require(expected.design.observations[i].sourceCellIndices)
    |                                                                 `- warning: '#require(_:_:)' is redundant because 'expected.design.observations[i].sourceCellIndices' never equals 'nil' (from macro 'require')
 45 |         }
 46 |         design["observations"] = observations; a["design"] = design
[604/688] Compiling NumiVivoIntegrationTests NuclearMetalResourceTests.swift
[605/688] Compiling NumiVivoIntegrationTests PeriodicQMMMHamiltonianTests.swift
[606/688] Compiling NumiVivoIntegrationTests PlatformMechanismWorkflowTests.swift
[607/688] Compiling NumiVivoIntegrationTests PlatformQMMMWorkflowTests.swift
[608/688] Compiling NumiVivoIntegrationTests PlatformSnapshotMappingHelperTests.swift
[609/688] Compiling NumiVivoIntegrationTests PlatformSnapshotTests.swift
[610/688] Compiling NumiVivoIntegrationTests PlatformWorkflowTests.swift
[611/688] Compiling NumiVivoIntegrationTests PolarizableQMMMTests.swift
[612/688] Compiling NumiVivoIntegrationTests PrecisionMetalSamplingTests.swift
[613/688] Compiling NumiVivoIntegrationTests PrecisionPlatformTests.swift
[614/688] Compiling NumiVivoIntegrationTests SamplingReactionSeedTests.swift
[615/688] Compiling NumiVivoIntegrationTests ScientificClosureTests.swift
[616/688] Compiling NumiVivoIntegrationTests SelectedCITests.swift
[617/688] Compiling NumiVivoIntegrationTests SingleCellAdaptiveIntegrationTests.swift
[618/688] Compiling NumiVivoIntegrationTests SingleCellAggregatePredictionTests.swift
[619/688] Compiling NumiVivoIntegrationTests SingleCellClusteringTests.swift
[620/688] Compiling NumiVivoIntegrationTests SingleCellCohortTests.swift
[621/688] Compiling NumiVivoIntegrationTests SingleCellCompositionTests.swift
[622/688] Compiling NumiVivoIntegrationTests SingleCellCountCalibrationTests.swift
[623/688] Compiling NumiVivoIntegrationTests SingleCellCountObservationTests.swift
[624/688] Compiling NumiVivoIntegrationTests SingleCellNegativeBinomialTests.swift
[625/688] Compiling NumiVivoIntegrationTests SingleCellNeighborTests.swift
[626/688] Compiling NumiVivoIntegrationTests SingleCellPCABundleTests.swift
[627/688] Compiling NumiVivoIntegrationTests SingleCellPCAQueryTests.swift
[628/688] Compiling NumiVivoIntegrationTests SingleCellPairedCountTests.swift
[629/688] Compiling NumiVivoIntegrationTests SingleCellPerturbationTests.swift
[630/688] Compiling NumiVivoIntegrationTests SingleCellProgramTests.swift
[631/688] Compiling NumiVivoIntegrationTests SingleCellQLInferenceTests.swift
[632/688] Compiling NumiVivoIntegrationTests SingleCellQLModerationTests.swift
[633/688] Compiling NumiVivoIntegrationTests SingleCellReductionTests.swift
[634/688] Compiling NumiVivoIntegrationTests PrecisionSamplingFixtures.swift
/Users/n/numivivo-cross-scale-fix-20260914/Tests/NumiVivoIntegrationTests/PreparedReactionFullRouteTests.swift:54:13: warning: immutable property will not be decoded because it is declared with an initial value which cannot be overwritten
 52 |     }
 53 |     private struct Implementation: Codable {
 54 |         let schema = "numivivo.org/test-evidence/prepared-reaction-implementation/v1"
    |             |- warning: immutable property will not be decoded because it is declared with an initial value which cannot be overwritten
    |             |- note: set the initial value via the initializer or explicitly define a CodingKeys enum including a 'schema' case to silence this warning
    |             `- note: make the property mutable instead
 55 |         let sourceCommit: String
 56 |         let numericalContract: String

/Users/n/numivivo-cross-scale-fix-20260914/Tests/NumiVivoIntegrationTests/PreparedReactionFullRouteTests.swift:139:43: warning: '#require(_:_:)' is redundant because 'request.forceField' never equals 'nil' (from macro 'require')
137 |         try #require(compiled.system.bonds[0].forceConstant == 1000 && compiled.system.bonds[0].lengthNM == 0.125)
138 |         var missing = request
139 |         missing.forceField = try #require(request.forceField)
    |                                           `- warning: '#require(_:_:)' is redundant because 'request.forceField' never equals 'nil' (from macro 'require')
140 |         missing.forceField!.bondParameters = []
141 |         var rejected = false
[635/688] Compiling NumiVivoIntegrationTests PreparedMolecularWorkflowTests.swift
/Users/n/numivivo-cross-scale-fix-20260914/Tests/NumiVivoIntegrationTests/PreparedReactionFullRouteTests.swift:54:13: warning: immutable property will not be decoded because it is declared with an initial value which cannot be overwritten
 52 |     }
 53 |     private struct Implementation: Codable {
 54 |         let schema = "numivivo.org/test-evidence/prepared-reaction-implementation/v1"
    |             |- warning: immutable property will not be decoded because it is declared with an initial value which cannot be overwritten
    |             |- note: set the initial value via the initializer or explicitly define a CodingKeys enum including a 'schema' case to silence this warning
    |             `- note: make the property mutable instead
 55 |         let sourceCommit: String
 56 |         let numericalContract: String

/Users/n/numivivo-cross-scale-fix-20260914/Tests/NumiVivoIntegrationTests/PreparedReactionFullRouteTests.swift:139:43: warning: '#require(_:_:)' is redundant because 'request.forceField' never equals 'nil' (from macro 'require')
137 |         try #require(compiled.system.bonds[0].forceConstant == 1000 && compiled.system.bonds[0].lengthNM == 0.125)
138 |         var missing = request
139 |         missing.forceField = try #require(request.forceField)
    |                                           `- warning: '#require(_:_:)' is redundant because 'request.forceField' never equals 'nil' (from macro 'require')
140 |         missing.forceField!.bondParameters = []
141 |         var rejected = false
[636/688] Compiling NumiVivoIntegrationTests PreparedReactionFullRouteTests.swift
/Users/n/numivivo-cross-scale-fix-20260914/Tests/NumiVivoIntegrationTests/PreparedReactionFullRouteTests.swift:54:13: warning: immutable property will not be decoded because it is declared with an initial value which cannot be overwritten
 52 |     }
 53 |     private struct Implementation: Codable {
 54 |         let schema = "numivivo.org/test-evidence/prepared-reaction-implementation/v1"
    |             |- warning: immutable property will not be decoded because it is declared with an initial value which cannot be overwritten
    |             |- note: set the initial value via the initializer or explicitly define a CodingKeys enum including a 'schema' case to silence this warning
    |             `- note: make the property mutable instead
 55 |         let sourceCommit: String
 56 |         let numericalContract: String

/Users/n/numivivo-cross-scale-fix-20260914/Tests/NumiVivoIntegrationTests/PreparedReactionFullRouteTests.swift:139:43: warning: '#require(_:_:)' is redundant because 'request.forceField' never equals 'nil' (from macro 'require')
137 |         try #require(compiled.system.bonds[0].forceConstant == 1000 && compiled.system.bonds[0].lengthNM == 0.125)
138 |         var missing = request
139 |         missing.forceField = try #require(request.forceField)
    |                                           `- warning: '#require(_:_:)' is redundant because 'request.forceField' never equals 'nil' (from macro 'require')
140 |         missing.forceField!.bondParameters = []
141 |         var rejected = false
[637/688] Compiling NumiVivoIntegrationTests PropertyRefinementWorkflowTests.swift
/Users/n/numivivo-cross-scale-fix-20260914/Tests/NumiVivoIntegrationTests/PreparedReactionFullRouteTests.swift:54:13: warning: immutable property will not be decoded because it is declared with an initial value which cannot be overwritten
 52 |     }
 53 |     private struct Implementation: Codable {
 54 |         let schema = "numivivo.org/test-evidence/prepared-reaction-implementation/v1"
    |             |- warning: immutable property will not be decoded because it is declared with an initial value which cannot be overwritten
    |             |- note: set the initial value via the initializer or explicitly define a CodingKeys enum including a 'schema' case to silence this warning
    |             `- note: make the property mutable instead
 55 |         let sourceCommit: String
 56 |         let numericalContract: String

/Users/n/numivivo-cross-scale-fix-20260914/Tests/NumiVivoIntegrationTests/PreparedReactionFullRouteTests.swift:139:43: warning: '#require(_:_:)' is redundant because 'request.forceField' never equals 'nil' (from macro 'require')
137 |         try #require(compiled.system.bonds[0].forceConstant == 1000 && compiled.system.bonds[0].lengthNM == 0.125)
138 |         var missing = request
139 |         missing.forceField = try #require(request.forceField)
    |                                           `- warning: '#require(_:_:)' is redundant because 'request.forceField' never equals 'nil' (from macro 'require')
140 |         missing.forceField!.bondParameters = []
141 |         var rejected = false
[638/688] Compiling NumiVivoIntegrationTests QMMMChemicalExchangeNetworkTests.swift
/Users/n/numivivo-cross-scale-fix-20260914/Tests/NumiVivoIntegrationTests/PreparedReactionFullRouteTests.swift:54:13: warning: immutable property will not be decoded because it is declared with an initial value which cannot be overwritten
 52 |     }
 53 |     private struct Implementation: Codable {
 54 |         let schema = "numivivo.org/test-evidence/prepared-reaction-implementation/v1"
    |             |- warning: immutable property will not be decoded because it is declared with an initial value which cannot be overwritten
    |             |- note: set the initial value via the initializer or explicitly define a CodingKeys enum including a 'schema' case to silence this warning
    |             `- note: make the property mutable instead
 55 |         let sourceCommit: String
 56 |         let numericalContract: String

/Users/n/numivivo-cross-scale-fix-20260914/Tests/NumiVivoIntegrationTests/PreparedReactionFullRouteTests.swift:139:43: warning: '#require(_:_:)' is redundant because 'request.forceField' never equals 'nil' (from macro 'require')
137 |         try #require(compiled.system.bonds[0].forceConstant == 1000 && compiled.system.bonds[0].lengthNM == 0.125)
138 |         var missing = request
139 |         missing.forceField = try #require(request.forceField)
    |                                           `- warning: '#require(_:_:)' is redundant because 'request.forceField' never equals 'nil' (from macro 'require')
140 |         missing.forceField!.bondParameters = []
141 |         var rejected = false
[639/688] Compiling NumiVivoIntegrationTests QMMMChemicalQualificationTests.swift
/Users/n/numivivo-cross-scale-fix-20260914/Tests/NumiVivoIntegrationTests/PreparedReactionFullRouteTests.swift:54:13: warning: immutable property will not be decoded because it is declared with an initial value which cannot be overwritten
 52 |     }
 53 |     private struct Implementation: Codable {
 54 |         let schema = "numivivo.org/test-evidence/prepared-reaction-implementation/v1"
    |             |- warning: immutable property will not be decoded because it is declared with an initial value which cannot be overwritten
    |             |- note: set the initial value via the initializer or explicitly define a CodingKeys enum including a 'schema' case to silence this warning
    |             `- note: make the property mutable instead
 55 |         let sourceCommit: String
 56 |         let numericalContract: String

/Users/n/numivivo-cross-scale-fix-20260914/Tests/NumiVivoIntegrationTests/PreparedReactionFullRouteTests.swift:139:43: warning: '#require(_:_:)' is redundant because 'request.forceField' never equals 'nil' (from macro 'require')
137 |         try #require(compiled.system.bonds[0].forceConstant == 1000 && compiled.system.bonds[0].lengthNM == 0.125)
138 |         var missing = request
139 |         missing.forceField = try #require(request.forceField)
    |                                           `- warning: '#require(_:_:)' is redundant because 'request.forceField' never equals 'nil' (from macro 'require')
140 |         missing.forceField!.bondParameters = []
141 |         var rejected = false
[640/688] Compiling NumiVivoIntegrationTests QMMMChemicalStateThermodynamicsTests.swift
/Users/n/numivivo-cross-scale-fix-20260914/Tests/NumiVivoIntegrationTests/PreparedReactionFullRouteTests.swift:54:13: warning: immutable property will not be decoded because it is declared with an initial value which cannot be overwritten
 52 |     }
 53 |     private struct Implementation: Codable {
 54 |         let schema = "numivivo.org/test-evidence/prepared-reaction-implementation/v1"
    |             |- warning: immutable property will not be decoded because it is declared with an initial value which cannot be overwritten
    |             |- note: set the initial value via the initializer or explicitly define a CodingKeys enum including a 'schema' case to silence this warning
    |             `- note: make the property mutable instead
 55 |         let sourceCommit: String
 56 |         let numericalContract: String

/Users/n/numivivo-cross-scale-fix-20260914/Tests/NumiVivoIntegrationTests/PreparedReactionFullRouteTests.swift:139:43: warning: '#require(_:_:)' is redundant because 'request.forceField' never equals 'nil' (from macro 'require')
137 |         try #require(compiled.system.bonds[0].forceConstant == 1000 && compiled.system.bonds[0].lengthNM == 0.125)
138 |         var missing = request
139 |         missing.forceField = try #require(request.forceField)
    |                                           `- warning: '#require(_:_:)' is redundant because 'request.forceField' never equals 'nil' (from macro 'require')
140 |         missing.forceField!.bondParameters = []
141 |         var rejected = false
[641/688] Compiling NumiVivoIntegrationTests QMMMFreeEnergyArchiveIdentityTests.swift
/Users/n/numivivo-cross-scale-fix-20260914/Tests/NumiVivoIntegrationTests/PreparedReactionFullRouteTests.swift:54:13: warning: immutable property will not be decoded because it is declared with an initial value which cannot be overwritten
 52 |     }
 53 |     private struct Implementation: Codable {
 54 |         let schema = "numivivo.org/test-evidence/prepared-reaction-implementation/v1"
    |             |- warning: immutable property will not be decoded because it is declared with an initial value which cannot be overwritten
    |             |- note: set the initial value via the initializer or explicitly define a CodingKeys enum including a 'schema' case to silence this warning
    |             `- note: make the property mutable instead
 55 |         let sourceCommit: String
 56 |         let numericalContract: String

/Users/n/numivivo-cross-scale-fix-20260914/Tests/NumiVivoIntegrationTests/PreparedReactionFullRouteTests.swift:139:43: warning: '#require(_:_:)' is redundant because 'request.forceField' never equals 'nil' (from macro 'require')
137 |         try #require(compiled.system.bonds[0].forceConstant == 1000 && compiled.system.bonds[0].lengthNM == 0.125)
138 |         var missing = request
139 |         missing.forceField = try #require(request.forceField)
    |                                           `- warning: '#require(_:_:)' is redundant because 'request.forceField' never equals 'nil' (from macro 'require')
140 |         missing.forceField!.bondParameters = []
141 |         var rejected = false
[642/688] Compiling NumiVivoIntegrationTests QMMMFreeEnergyTests.swift
/Users/n/numivivo-cross-scale-fix-20260914/Tests/NumiVivoIntegrationTests/PreparedReactionFullRouteTests.swift:54:13: warning: immutable property will not be decoded because it is declared with an initial value which cannot be overwritten
 52 |     }
 53 |     private struct Implementation: Codable {
 54 |         let schema = "numivivo.org/test-evidence/prepared-reaction-implementation/v1"
    |             |- warning: immutable property will not be decoded because it is declared with an initial value which cannot be overwritten
    |             |- note: set the initial value via the initializer or explicitly define a CodingKeys enum including a 'schema' case to silence this warning
    |             `- note: make the property mutable instead
 55 |         let sourceCommit: String
 56 |         let numericalContract: String

/Users/n/numivivo-cross-scale-fix-20260914/Tests/NumiVivoIntegrationTests/PreparedReactionFullRouteTests.swift:139:43: warning: '#require(_:_:)' is redundant because 'request.forceField' never equals 'nil' (from macro 'require')
137 |         try #require(compiled.system.bonds[0].forceConstant == 1000 && compiled.system.bonds[0].lengthNM == 0.125)
138 |         var missing = request
139 |         missing.forceField = try #require(request.forceField)
    |                                           `- warning: '#require(_:_:)' is redundant because 'request.forceField' never equals 'nil' (from macro 'require')
140 |         missing.forceField!.bondParameters = []
141 |         var rejected = false
[643/688] Compiling NumiVivoIntegrationTests QMMMPathBiasTests.swift
/Users/n/numivivo-cross-scale-fix-20260914/Tests/NumiVivoIntegrationTests/PreparedReactionFullRouteTests.swift:54:13: warning: immutable property will not be decoded because it is declared with an initial value which cannot be overwritten
 52 |     }
 53 |     private struct Implementation: Codable {
 54 |         let schema = "numivivo.org/test-evidence/prepared-reaction-implementation/v1"
    |             |- warning: immutable property will not be decoded because it is declared with an initial value which cannot be overwritten
    |             |- note: set the initial value via the initializer or explicitly define a CodingKeys enum including a 'schema' case to silence this warning
    |             `- note: make the property mutable instead
 55 |         let sourceCommit: String
 56 |         let numericalContract: String

/Users/n/numivivo-cross-scale-fix-20260914/Tests/NumiVivoIntegrationTests/PreparedReactionFullRouteTests.swift:139:43: warning: '#require(_:_:)' is redundant because 'request.forceField' never equals 'nil' (from macro 'require')
137 |         try #require(compiled.system.bonds[0].forceConstant == 1000 && compiled.system.bonds[0].lengthNM == 0.125)
138 |         var missing = request
139 |         missing.forceField = try #require(request.forceField)
    |                                           `- warning: '#require(_:_:)' is redundant because 'request.forceField' never equals 'nil' (from macro 'require')
140 |         missing.forceField!.bondParameters = []
141 |         var rejected = false
[644/688] Compiling NumiVivoIntegrationTests SingleCellReferenceTests.swift
[645/688] Compiling NumiVivoIntegrationTests SingleCellSnapshotTests.swift
[646/688] Compiling NumiVivoIntegrationTests SingleCellTargetKernelTests.swift
[647/688] Compiling NumiVivoIntegrationTests SingleCellWindowedNeighborTests.swift
[648/688] Compiling NumiVivoIntegrationTests SolventPromotionTests.swift
[649/688] Compiling NumiVivoIntegrationTests VivoArc2026Tests.swift
[650/688] Compiling NumiVivoIntegrationTests VivoCrossScaleEvidenceTests.swift
[651/688] Compiling NumiVivoIntegrationTests VivoNeoantigenIntegrationTests.swift
[652/688] Compiling NumiVivoIntegrationTests VivoVCFTests.swift
[653/688] Compiling NumiVivoIntegrationTests WorkflowCancellationTests.swift
[663/688] Compiling NumiVivoIntegrationTests MultistateReducedPotentialArchiveTests.swift
[664/688] Compiling NumiVivoIntegrationTests NCMCProtocolKernelTests.swift
[665/688] Compiling NumiVivoIntegrationTests KineticsPreparedOutputTests.swift
[666/688] Compiling NumiVivoIntegrationTests LatentProtonTopologyTests.swift
[667/688] Compiling NumiVivoIntegrationTests MDBenchmarkTests.swift
[668/688] Compiling NumiVivoIntegrationTests MDBondedForceConformanceTests.swift
[669/688] Compiling NumiVivoIntegrationTests MDCompensatedPositionTests.swift
[670/688] Compiling NumiVivoIntegrationTests MDProtocolResumeTests.swift
[671/688] Compiling NumiVivoIntegrationTests MDQMMMInterfaceTests.swift
[672/688] Compiling NumiVivoIntegrationTests MDTrajectoryArchiveValidationTests.swift
[673/688] Compiling NumiVivoIntegrationTests MNNIntegrationTests.swift
[674/688] Compiling NumiVivoIntegrationTests MechanismCandidateEnumerationTests.swift
[675/688] Compiling NumiVivoIntegrationTests MetalSamplingIdentityTests.swift
[687/690] Emitting module NumiVivoPackageTests
[688/690] Compiling NumiVivoPackageTests runner.swift
[688/690] Write Objects.LinkFileList
[689/690] Linking NumiVivoPackageTests
Build complete! (39.01s)
Test Suite 'Selected tests' started at 2026-09-14 20:57:20.515.
Test Suite 'NumiVivoPackageTests.xctest' started at 2026-09-14 20:57:20.520.
Test Suite 'NumiVivoPackageTests.xctest' passed at 2026-09-14 20:57:20.520.
	 Executed 0 tests, with 0 failures (0 unexpected) in 0.000 (0.000) seconds
Test Suite 'Selected tests' passed at 2026-09-14 20:57:20.520.
	 Executed 0 tests, with 0 failures (0 unexpected) in 0.000 (0.005) seconds
◇ Test run started.
↳ Testing Library Version: 1902
↳ Target Platform: arm64e-apple-macos14.0
◇ Suite VivoCrossScaleEvidenceTests started.
◇ Test hypothesisAndMissingLinksCannotAuthorizeOutcome() started.
◇ Test invalidStageOrderAndQualifiedEvidenceAreRejected() started.
◇ Test qualifiedPathRequiresEveryAdjacentHeldOutLink() started.
✔ Test hypothesisAndMissingLinksCannotAuthorizeOutcome() passed after 0.001 seconds.
✔ Test invalidStageOrderAndQualifiedEvidenceAreRejected() passed after 0.001 seconds.
✔ Test qualifiedPathRequiresEveryAdjacentHeldOutLink() passed after 0.002 seconds.
✔ Suite VivoCrossScaleEvidenceTests passed after 0.002 seconds.
✔ Test run with 3 tests in 1 suite passed after 0.002 seconds.
